Data_Coleta;Data_Pregao;Ticker;Nome_Fundo;Preco_Fechamento_R$;Volume_Ultimo_Dia
2025-09-23;2025-09-23;ALZR11;Alianza Trust Renda Imobiliária;10.5;144576
2025-09-23;2025-09-23;BCIA11;Brasil Capital Real Estate FoF;84.88;4570
2025-09-23;2025-09-23;BRCO11;Bresco Logística;113.5;21124
2025-09-23;2025-09-23;BTLG11;BTG Pactual Logística;102.2;82931
2025-09-23;2025-09-23;CPTS11;Capitânia Securities II;7.53;523612
2025-09-23;2025-09-23;GGRC11;GGR Covepi Renda;9.9;454160
2025-09-23;2025-09-23;HGBS11;CSHG Brasil Shopping;20.15;122054
2025-09-23;2025-09-23;HGCR11;CSHG Recebíveis Imobiliários;94.27;16138
2025-09-23;2025-09-23;HGLG11;CSHG Logística;158.91;36037
2025-09-23;2025-09-23;HGRE11;CSHG Real Estate;119.1;16355
2025-09-23;2025-09-23;HGRU11;CSHG Renda Urbana;126.18;28817
2025-09-23;2025-09-23;HSML11;HSI Malls;85.81;56823
2025-09-23;2025-09-23;KNCR11;Kinea Rendimentos Imobiliários;104.12;133698
2025-09-23;2025-09-23;KNIP11;Kinea Índices de Preços;88.09;45917
2025-09-23;2025-09-23;KNRI11;Kinea Renda Imobiliária;148.01;27391
2025-09-23;2025-09-23;KNSC11;Kinea Securities;8.67;418480
2025-09-23;2025-09-23;MCCI11;Mauá Capital Recebíveis Imobiliários;90.22;26312
2025-09-23;2025-09-23;MXRF11;Maxi Renda;9.79;732866
2025-09-23;2025-09-23;PCIP11;Patria Crédito Imobiliário (ex-CVBI11);82.78;63738
2025-09-23;2025-09-23;PVBI11;VBI Prime Properties;75.93;61044
2025-09-23;2025-09-23;RBRR11;RBR Rendimento High Grade;87.5;23705
2025-09-23;2025-09-23;RBRY11;RBR Alpha Multiestratégia;95.15;44153
2025-09-23;2025-09-23;RECR11;REC Recebíveis Imobiliários;81.1;20561
2025-09-23;2025-09-23;TGAR11;TG Ativo Real;87.3;44239
2025-09-23;2025-09-23;TRXF11;TRX Real Estate;97.05;126653
2025-09-23;2025-09-23;VISC11;Vinci Shopping Centers;108.4;34243
2025-09-23;2025-09-23;VRTA11;Fator Verità;77.6;23755
2025-09-23;2025-09-23;XPLG11;XP Log;101.05;28171
2025-09-23;2025-09-23;XPML11;XP Malls;104.58;76816
2025-09-24;2025-09-24;ALZR11;Alianza Trust Renda Imobiliária;10.5;129958
2025-09-24;2025-09-24;BCIA11;Brasil Capital Real Estate FoF;85.7;4337
2025-09-24;2025-09-24;BRCO11;Bresco Logística;114.56;19769
2025-09-24;2025-09-24;BTLG11;BTG Pactual Logística;102.8;75569
2025-09-24;2025-09-24;CPTS11;Capitânia Securities II;7.59;700842
2025-09-24;2025-09-24;GGRC11;GGR Covepi Renda;9.91;407624
2025-09-24;2025-09-24;HGBS11;CSHG Brasil Shopping;20.08;65841
2025-09-24;2025-09-24;HGCR11;CSHG Recebíveis Imobiliários;94.14;17271
2025-09-24;2025-09-24;HGLG11;CSHG Logística;159.6;37907
2025-09-24;2025-09-24;HGRE11;CSHG Real Estate;119.61;11013
2025-09-24;2025-09-24;HGRU11;CSHG Renda Urbana;125.95;34317
2025-09-24;2025-09-24;HSML11;HSI Malls;85.72;58929
2025-09-24;2025-09-24;KNCR11;Kinea Rendimentos Imobiliários;104.49;108827
2025-09-24;2025-09-24;KNIP11;Kinea Índices de Preços;87.35;49471
2025-09-24;2025-09-24;KNRI11;Kinea Renda Imobiliária;147.5;30726
2025-09-24;2025-09-24;KNSC11;Kinea Securities;8.75;453253
2025-09-24;2025-09-24;MCCI11;Mauá Capital Recebíveis Imobiliários;89.38;32796
2025-09-24;2025-09-24;MXRF11;Maxi Renda;9.8;807784
2025-09-24;2025-09-24;PCIP11;Patria Crédito Imobiliário (ex-CVBI11);82.78;0
2025-09-24;2025-09-24;PVBI11;VBI Prime Properties;75.57;28678
2025-09-24;2025-09-24;RBRR11;RBR Rendimento High Grade;87.78;23442
2025-09-24;2025-09-24;RBRY11;RBR Alpha Multiestratégia;94.84;36499
2025-09-24;2025-09-24;RECR11;REC Recebíveis Imobiliários;80.61;23501
2025-09-24;2025-09-24;TGAR11;TG Ativo Real;87.52;51103
2025-09-24;2025-09-24;TRXF11;TRX Real Estate;97.13;124412
2025-09-24;2025-09-24;VISC11;Vinci Shopping Centers;108.61;26101
2025-09-24;2025-09-24;VRTA11;Fator Verità;77.45;18314
2025-09-24;2025-09-24;XPLG11;XP Log;100.92;32190
2025-09-24;2025-09-24;XPML11;XP Malls;105.0;64936
2025-09-25;2025-09-25;ALZR11;Alianza Trust Renda Imobiliária;10.51;123659
2025-09-25;2025-09-25;BCIA11;Brasil Capital Real Estate FoF;84.99;4545
2025-09-25;2025-09-25;BRCO11;Bresco Logística;115.59;34275
2025-09-25;2025-09-25;BTLG11;BTG Pactual Logística;102.9;64897
2025-09-25;2025-09-25;CPTS11;Capitânia Securities II;7.59;594528
2025-09-25;2025-09-25;GGRC11;GGR Covepi Renda;9.91;343094
2025-09-25;2025-09-25;HGBS11;CSHG Brasil Shopping;20.21;77698
2025-09-25;2025-09-25;HGCR11;CSHG Recebíveis Imobiliários;94.35;14014
2025-09-25;2025-09-25;HGLG11;CSHG Logística;160.56;46022
2025-09-25;2025-09-25;HGRE11;CSHG Real Estate;119.23;16960
2025-09-25;2025-09-25;HGRU11;CSHG Renda Urbana;125.82;36142
2025-09-25;2025-09-25;HSML11;HSI Malls;86.29;23331
2025-09-25;2025-09-25;KNCR11;Kinea Rendimentos Imobiliários;105.1;110445
2025-09-25;2025-09-25;KNIP11;Kinea Índices de Preços;87.67;48185
2025-09-25;2025-09-25;KNRI11;Kinea Renda Imobiliária;147.55;30901
2025-09-25;2025-09-25;KNSC11;Kinea Securities;8.74;475064
2025-09-25;2025-09-25;MCCI11;Mauá Capital Recebíveis Imobiliários;89.51;28464
2025-09-25;2025-09-25;MXRF11;Maxi Renda;9.8;950728
2025-09-25;2025-09-25;PCIP11;Patria Crédito Imobiliário (ex-CVBI11);82.78;0
2025-09-25;2025-09-25;PVBI11;VBI Prime Properties;75.99;69276
2025-09-25;2025-09-25;RBRR11;RBR Rendimento High Grade;87.12;26642
2025-09-25;2025-09-25;RBRY11;RBR Alpha Multiestratégia;96.12;26399
2025-09-25;2025-09-25;RECR11;REC Recebíveis Imobiliários;81.04;23786
2025-09-25;2025-09-25;TGAR11;TG Ativo Real;87.03;39667
2025-09-25;2025-09-25;TRXF11;TRX Real Estate;97.02;88397
2025-09-25;2025-09-25;VISC11;Vinci Shopping Centers;109.24;30364
2025-09-25;2025-09-25;VRTA11;Fator Verità;77.52;28793
2025-09-25;2025-09-25;XPLG11;XP Log;100.75;35570
2025-09-25;2025-09-25;XPML11;XP Malls;105.61;78142
2025-09-26;2025-09-26;ALZR11;Alianza Trust Renda Imobiliária;10.53;126499
2025-09-26;2025-09-26;BCIA11;Brasil Capital Real Estate FoF;85.27;4919
2025-09-26;2025-09-26;BRCO11;Bresco Logística;116.89;36770
2025-09-26;2025-09-26;BTLG11;BTG Pactual Logística;103.15;63413
2025-09-26;2025-09-26;CPTS11;Capitânia Securities II;7.57;452589
2025-09-26;2025-09-26;GGRC11;GGR Covepi Renda;9.95;390968
2025-09-26;2025-09-26;HGBS11;CSHG Brasil Shopping;20.09;115244
2025-09-26;2025-09-26;HGCR11;CSHG Recebíveis Imobiliários;94.75;24989
2025-09-26;2025-09-26;HGLG11;CSHG Logística;160.16;42971
2025-09-26;2025-09-26;HGRE11;CSHG Real Estate;121.8;14124
2025-09-26;2025-09-26;HGRU11;CSHG Renda Urbana;127.0;30033
2025-09-26;2025-09-26;HSML11;HSI Malls;86.59;37484
2025-09-26;2025-09-26;KNCR11;Kinea Rendimentos Imobiliários;104.8;149487
2025-09-26;2025-09-26;KNIP11;Kinea Índices de Preços;87.56;88379
2025-09-26;2025-09-26;KNRI11;Kinea Renda Imobiliária;147.82;31941
2025-09-26;2025-09-26;KNSC11;Kinea Securities;8.78;348460
2025-09-26;2025-09-26;MCCI11;Mauá Capital Recebíveis Imobiliários;90.79;41210
2025-09-26;2025-09-26;MXRF11;Maxi Renda;9.79;807017
2025-09-26;2025-09-26;PCIP11;Patria Crédito Imobiliário (ex-CVBI11);82.78;0
2025-09-26;2025-09-26;PVBI11;VBI Prime Properties;76.85;39212
2025-09-26;2025-09-26;RBRR11;RBR Rendimento High Grade;87.89;29076
2025-09-26;2025-09-26;RBRY11;RBR Alpha Multiestratégia;96.2;37223
2025-09-26;2025-09-26;RECR11;REC Recebíveis Imobiliários;81.8;31645
2025-09-26;2025-09-26;TGAR11;TG Ativo Real;86.85;51378
2025-09-26;2025-09-26;TRXF11;TRX Real Estate;97.89;96538
2025-09-26;2025-09-26;VISC11;Vinci Shopping Centers;109.5;31653
2025-09-26;2025-09-26;VRTA11;Fator Verità;77.82;22894
2025-09-26;2025-09-26;XPLG11;XP Log;100.8;39979
2025-09-26;2025-09-26;XPML11;XP Malls;105.83;82759
2025-09-29;2025-09-29;ALZR11;Alianza Trust Renda Imobiliária;10.55;175356
2025-09-29;2025-09-29;BCIA11;Brasil Capital Real Estate FoF;85.01;5531
2025-09-29;2025-09-29;BRCO11;Bresco Logística;116.81;27841
2025-09-29;2025-09-29;BTLG11;BTG Pactual Logística;103.22;72094
2025-09-29;2025-09-29;CPTS11;Capitânia Securities II;7.57;461472
2025-09-29;2025-09-29;GGRC11;GGR Covepi Renda;10.01;592344
2025-09-29;2025-09-29;HGBS11;CSHG Brasil Shopping;20.39;137752
2025-09-29;2025-09-29;HGCR11;CSHG Recebíveis Imobiliários;95.02;20252
2025-09-29;2025-09-29;HGLG11;CSHG Logística;161.02;62449
2025-09-29;2025-09-29;HGRE11;CSHG Real Estate;122.71;13872
2025-09-29;2025-09-29;HGRU11;CSHG Renda Urbana;126.95;29856
2025-09-29;2025-09-29;HSML11;HSI Malls;85.89;51311
2025-09-29;2025-09-29;KNCR11;Kinea Rendimentos Imobiliários;104.94;172105
2025-09-29;2025-09-29;KNIP11;Kinea Índices de Preços;87.58;136785
2025-09-29;2025-09-29;KNRI11;Kinea Renda Imobiliária;147.75;49462
2025-09-29;2025-09-29;KNSC11;Kinea Securities;8.85;456055
2025-09-29;2025-09-29;MCCI11;Mauá Capital Recebíveis Imobiliários;91.0;31033
2025-09-29;2025-09-29;MXRF11;Maxi Renda;9.8;1192748
2025-09-29;2025-09-29;PCIP11;Patria Crédito Imobiliário (ex-CVBI11);82.78;0
2025-09-29;2025-09-29;PVBI11;VBI Prime Properties;76.91;52489
2025-09-29;2025-09-29;RBRR11;RBR Rendimento High Grade;87.44;68521
2025-09-29;2025-09-29;RBRY11;RBR Alpha Multiestratégia;96.11;64533
2025-09-29;2025-09-29;RECR11;REC Recebíveis Imobiliários;80.49;64477
2025-09-29;2025-09-29;TGAR11;TG Ativo Real;85.85;77377
2025-09-29;2025-09-29;TRXF11;TRX Real Estate;98.41;136686
2025-09-29;2025-09-29;VISC11;Vinci Shopping Centers;109.78;37106
2025-09-29;2025-09-29;VRTA11;Fator Verità;79.23;35212
2025-09-29;2025-09-29;XPLG11;XP Log;101.07;68412
2025-09-29;2025-09-29;XPML11;XP Malls;105.1;134254
2025-09-30;2025-09-30;ALZR11;Alianza Trust Renda Imobiliária;10.6;134026
2025-09-30;2025-09-30;BCIA11;Brasil Capital Real Estate FoF;85.54;2809
2025-09-30;2025-09-30;BRCO11;Bresco Logística;116.8;27892
2025-09-30;2025-09-30;BTLG11;BTG Pactual Logística;103.67;72600
2025-09-30;2025-09-30;CPTS11;Capitânia Securities II;7.64;1101802
2025-09-30;2025-09-30;GGRC11;GGR Covepi Renda;10.03;623079
2025-09-30;2025-09-30;HGBS11;CSHG Brasil Shopping;20.45;215276
2025-09-30;2025-09-30;HGCR11;CSHG Recebíveis Imobiliários;95.3;24201
2025-09-30;2025-09-30;HGLG11;CSHG Logística;162.01;59600
2025-09-30;2025-09-30;HGRE11;CSHG Real Estate;123.44;11341
2025-09-30;2025-09-30;HGRU11;CSHG Renda Urbana;126.91;33969
2025-09-30;2025-09-30;HSML11;HSI Malls;86.41;32988
2025-09-30;2025-09-30;KNCR11;Kinea Rendimentos Imobiliários;105.1;138511
2025-09-30;2025-09-30;KNIP11;Kinea Índices de Preços;87.77;123696
2025-09-30;2025-09-30;KNRI11;Kinea Renda Imobiliária;148.0;36312
2025-09-30;2025-09-30;KNSC11;Kinea Securities;8.8;477212
2025-09-30;2025-09-30;MCCI11;Mauá Capital Recebíveis Imobiliários;90.89;27621
2025-09-30;2025-09-30;MXRF11;Maxi Renda;9.77;1602909
2025-09-30;2025-09-30;PCIP11;Patria Crédito Imobiliário (ex-CVBI11);82.78;0
2025-09-30;2025-09-30;PVBI11;VBI Prime Properties;78.0;55325
2025-09-30;2025-09-30;RBRR11;RBR Rendimento High Grade;87.51;45825
2025-09-30;2025-09-30;RBRY11;RBR Alpha Multiestratégia;96.21;26550
2025-09-30;2025-09-30;RECR11;REC Recebíveis Imobiliários;80.73;32392
2025-09-30;2025-09-30;TGAR11;TG Ativo Real;85.33;92455
2025-09-30;2025-09-30;TRXF11;TRX Real Estate;98.67;86690
2025-09-30;2025-09-30;VISC11;Vinci Shopping Centers;110.61;35916
2025-09-30;2025-09-30;VRTA11;Fator Verità;79.3;24816
2025-09-30;2025-09-30;XPLG11;XP Log;101.06;46135
2025-09-30;2025-09-30;XPML11;XP Malls;105.3;100712
2025-10-01;2025-10-01;ALZR11;Alianza Trust Renda Imobiliária;10.62;141883
2025-10-01;2025-10-01;BCIA11;Brasil Capital Real Estate FoF;83.99;3379
2025-10-01;2025-10-01;BRCO11;Bresco Logística;114.97;42939
2025-10-01;2025-10-01;BTLG11;BTG Pactual Logística;103.32;92405
2025-10-01;2025-10-01;CPTS11;Capitânia Securities II;7.65;1103957
2025-10-01;2025-10-01;GGRC11;GGR Covepi Renda;10.02;576038
2025-10-01;2025-10-01;HGBS11;CSHG Brasil Shopping;20.23;228599
2025-10-01;2025-10-01;HGCR11;CSHG Recebíveis Imobiliários;94.13;22881
2025-10-01;2025-10-01;HGLG11;CSHG Logística;159.76;52161
2025-10-01;2025-10-01;HGRE11;CSHG Real Estate;120.58;15684
2025-10-01;2025-10-01;HGRU11;CSHG Renda Urbana;125.55;23818
2025-10-01;2025-10-01;HSML11;HSI Malls;84.6;115292
2025-10-01;2025-10-01;KNCR11;Kinea Rendimentos Imobiliários;103.62;185249
2025-10-01;2025-10-01;KNIP11;Kinea Índices de Preços;86.6;145956
2025-10-01;2025-10-01;KNRI11;Kinea Renda Imobiliária;145.26;29867
2025-10-01;2025-10-01;KNSC11;Kinea Securities;8.66;762413
2025-10-01;2025-10-01;MCCI11;Mauá Capital Recebíveis Imobiliários;90.93;43298
2025-10-01;2025-10-01;MXRF11;Maxi Renda;9.54;1628168
2025-10-01;2025-10-01;PCIP11;Patria Crédito Imobiliário (ex-CVBI11);82.78;0
2025-10-01;2025-10-01;PVBI11;VBI Prime Properties;76.07;70762
2025-10-01;2025-10-01;RBRR11;RBR Rendimento High Grade;87.14;50773
2025-10-01;2025-10-01;RBRY11;RBR Alpha Multiestratégia;95.86;56684
2025-10-01;2025-10-01;RECR11;REC Recebíveis Imobiliários;79.14;59505
2025-10-01;2025-10-01;TGAR11;TG Ativo Real;83.52;65504
2025-10-01;2025-10-01;TRXF11;TRX Real Estate;97.9;113317
2025-10-01;2025-10-01;VISC11;Vinci Shopping Centers;109.25;29193
2025-10-01;2025-10-01;VRTA11;Fator Verità;77.07;22260
2025-10-01;2025-10-01;XPLG11;XP Log;100.47;42304
2025-10-01;2025-10-01;XPML11;XP Malls;105.1;96847
2025-10-02;2025-10-02;ALZR11;Alianza Trust Renda Imobiliária;10.54;145338
2025-10-02;2025-10-02;BCIA11;Brasil Capital Real Estate FoF;83.8;4248
2025-10-02;2025-10-02;BRCO11;Bresco Logística;114.68;32887
2025-10-02;2025-10-02;BTLG11;BTG Pactual Logística;103.87;65606
2025-10-02;2025-10-02;CPTS11;Capitânia Securities II;7.65;544591
2025-10-02;2025-10-02;GGRC11;GGR Covepi Renda;9.97;1265034
2025-10-02;2025-10-02;HGBS11;CSHG Brasil Shopping;20.15;136683
2025-10-02;2025-10-02;HGCR11;CSHG Recebíveis Imobiliários;94.98;18671
2025-10-02;2025-10-02;HGLG11;CSHG Logística;160.27;37908
2025-10-02;2025-10-02;HGRE11;CSHG Real Estate;118.67;15525
2025-10-02;2025-10-02;HGRU11;CSHG Renda Urbana;126.67;25150
2025-10-02;2025-10-02;HSML11;HSI Malls;83.89;85867
2025-10-02;2025-10-02;KNCR11;Kinea Rendimentos Imobiliários;104.16;131501
2025-10-02;2025-10-02;KNIP11;Kinea Índices de Preços;87.3;151797
2025-10-02;2025-10-02;KNRI11;Kinea Renda Imobiliária;144.31;38215
2025-10-02;2025-10-02;KNSC11;Kinea Securities;8.65;476810
2025-10-02;2025-10-02;MCCI11;Mauá Capital Recebíveis Imobiliários;90.45;19498
2025-10-02;2025-10-02;MXRF11;Maxi Renda;9.58;1388038
2025-10-02;2025-10-02;PCIP11;Patria Crédito Imobiliário (ex-CVBI11);82.78;0
2025-10-02;2025-10-02;PVBI11;VBI Prime Properties;76.75;42277
2025-10-02;2025-10-02;RBRR11;RBR Rendimento High Grade;87.58;45315
2025-10-02;2025-10-02;RBRY11;RBR Alpha Multiestratégia;96.0;41705
2025-10-02;2025-10-02;RECR11;REC Recebíveis Imobiliários;79.7;26797
2025-10-02;2025-10-02;TGAR11;TG Ativo Real;83.92;45683
2025-10-02;2025-10-02;TRXF11;TRX Real Estate;98.27;566269
2025-10-02;2025-10-02;VISC11;Vinci Shopping Centers;109.25;28698
2025-10-02;2025-10-02;VRTA11;Fator Verità;76.68;29576
2025-10-02;2025-10-02;XPLG11;XP Log;99.86;34711
2025-10-02;2025-10-02;XPML11;XP Malls;104.87;127137
2025-10-03;2025-10-03;ALZR11;Alianza Trust Renda Imobiliária;10.63;129198
2025-10-03;2025-10-03;BCIA11;Brasil Capital Real Estate FoF;83.28;3467
2025-10-03;2025-10-03;BRCO11;Bresco Logística;114.67;25563
2025-10-03;2025-10-03;BTLG11;BTG Pactual Logística;104.14;63482
2025-10-03;2025-10-03;CPTS11;Capitânia Securities II;7.69;906873
2025-10-03;2025-10-03;GGRC11;GGR Covepi Renda;9.99;766285
2025-10-03;2025-10-03;HGBS11;CSHG Brasil Shopping;20.41;75607
2025-10-03;2025-10-03;HGCR11;CSHG Recebíveis Imobiliários;95.01;19347
2025-10-03;2025-10-03;HGLG11;CSHG Logística;160.46;34619
2025-10-03;2025-10-03;HGRE11;CSHG Real Estate;118.84;10904
2025-10-03;2025-10-03;HGRU11;CSHG Renda Urbana;126.53;24872
2025-10-03;2025-10-03;HSML11;HSI Malls;83.45;71955
2025-10-03;2025-10-03;KNCR11;Kinea Rendimentos Imobiliários;104.15;111284
2025-10-03;2025-10-03;KNIP11;Kinea Índices de Preços;87.35;64422
2025-10-03;2025-10-03;KNRI11;Kinea Renda Imobiliária;145.2;27458
2025-10-03;2025-10-03;KNSC11;Kinea Securities;8.67;582970
2025-10-03;2025-10-03;MCCI11;Mauá Capital Recebíveis Imobiliários;91.7;30731
2025-10-03;2025-10-03;MXRF11;Maxi Renda;9.68;1082918
2025-10-03;2025-10-03;PCIP11;Patria Crédito Imobiliário (ex-CVBI11);82.78;0
2025-10-03;2025-10-03;PVBI11;VBI Prime Properties;76.56;37811
2025-10-03;2025-10-03;RBRR11;RBR Rendimento High Grade;87.21;31636
2025-10-03;2025-10-03;RBRY11;RBR Alpha Multiestratégia;95.98;53278
2025-10-03;2025-10-03;RECR11;REC Recebíveis Imobiliários;80.5;22183
2025-10-03;2025-10-03;TGAR11;TG Ativo Real;85.19;47165
2025-10-03;2025-10-03;TRXF11;TRX Real Estate;100.07;104981
2025-10-03;2025-10-03;VISC11;Vinci Shopping Centers;108.75;39901
2025-10-03;2025-10-03;VRTA11;Fator Verità;76.5;20585
2025-10-03;2025-10-03;XPLG11;XP Log;100.33;29612
2025-10-03;2025-10-03;XPML11;XP Malls;106.0;81006
2025-10-06;2025-10-06;ALZR11;Alianza Trust Renda Imobiliária;10.58;199050
2025-10-06;2025-10-06;BCIA11;Brasil Capital Real Estate FoF;83.1;7454
2025-10-06;2025-10-06;BRCO11;Bresco Logística;114.75;25914
2025-10-06;2025-10-06;BTLG11;BTG Pactual Logística;104.25;72022
2025-10-06;2025-10-06;CPTS11;Capitânia Securities II;7.66;1031903
2025-10-06;2025-10-06;GGRC11;GGR Covepi Renda;9.98;670252
2025-10-06;2025-10-06;HGBS11;CSHG Brasil Shopping;20.26;99483
2025-10-06;2025-10-06;HGCR11;CSHG Recebíveis Imobiliários;94.26;27476
2025-10-06;2025-10-06;HGLG11;CSHG Logística;160.46;40412
2025-10-06;2025-10-06;HGRE11;CSHG Real Estate;118.24;11416
2025-10-06;2025-10-06;HGRU11;CSHG Renda Urbana;126.32;34121
2025-10-06;2025-10-06;HSML11;HSI Malls;83.73;71830
2025-10-06;2025-10-06;KNCR11;Kinea Rendimentos Imobiliários;104.05;115520
2025-10-06;2025-10-06;KNIP11;Kinea Índices de Preços;88.77;162045
2025-10-06;2025-10-06;KNRI11;Kinea Renda Imobiliária;144.81;29441
2025-10-06;2025-10-06;KNSC11;Kinea Securities;8.67;502324
2025-10-06;2025-10-06;MCCI11;Mauá Capital Recebíveis Imobiliários;91.65;23372
2025-10-06;2025-10-06;MXRF11;Maxi Renda;9.61;1397946
2025-10-06;2025-10-06;PCIP11;Patria Crédito Imobiliário (ex-CVBI11);82.78;0
2025-10-06;2025-10-06;PVBI11;VBI Prime Properties;76.56;40266
2025-10-06;2025-10-06;RBRR11;RBR Rendimento High Grade;87.86;20502
2025-10-06;2025-10-06;RBRY11;RBR Alpha Multiestratégia;95.54;56643
2025-10-06;2025-10-06;RECR11;REC Recebíveis Imobiliários;80.0;33966
2025-10-06;2025-10-06;TGAR11;TG Ativo Real;85.52;42246
2025-10-06;2025-10-06;TRXF11;TRX Real Estate;99.5;118547
2025-10-06;2025-10-06;VISC11;Vinci Shopping Centers;108.85;35112
2025-10-06;2025-10-06;VRTA11;Fator Verità;76.4;22845
2025-10-06;2025-10-06;XPLG11;XP Log;99.85;33259
2025-10-06;2025-10-06;XPML11;XP Malls;105.52;122890
2025-10-07;2025-10-07;ALZR11;Alianza Trust Renda Imobiliária;10.55;119699
2025-10-07;2025-10-07;BCIA11;Brasil Capital Real Estate FoF;83.27;2874
2025-10-07;2025-10-07;BRCO11;Bresco Logística;114.56;16894
2025-10-07;2025-10-07;BTLG11;BTG Pactual Logística;103.99;68441
2025-10-07;2025-10-07;CPTS11;Capitânia Securities II;7.62;731623
2025-10-07;2025-10-07;GGRC11;GGR Covepi Renda;9.99;617778
2025-10-07;2025-10-07;HGBS11;CSHG Brasil Shopping;20.18;88344
2025-10-07;2025-10-07;HGCR11;CSHG Recebíveis Imobiliários;95.0;38670
2025-10-07;2025-10-07;HGLG11;CSHG Logística;160.1;43561
2025-10-07;2025-10-07;HGRE11;CSHG Real Estate;117.63;25175
2025-10-07;2025-10-07;HGRU11;CSHG Renda Urbana;126.11;32505
2025-10-07;2025-10-07;HSML11;HSI Malls;83.4;60061
2025-10-07;2025-10-07;KNCR11;Kinea Rendimentos Imobiliários;103.77;130527
2025-10-07;2025-10-07;KNIP11;Kinea Índices de Preços;87.26;117908
2025-10-07;2025-10-07;KNRI11;Kinea Renda Imobiliária;144.35;31937
2025-10-07;2025-10-07;KNSC11;Kinea Securities;8.66;438361
2025-10-07;2025-10-07;MCCI11;Mauá Capital Recebíveis Imobiliários;91.55;36083
2025-10-07;2025-10-07;MXRF11;Maxi Renda;9.61;1180053
2025-10-07;2025-10-07;PCIP11;Patria Crédito Imobiliário (ex-CVBI11);82.78;0
2025-10-07;2025-10-07;PVBI11;VBI Prime Properties;76.98;69457
2025-10-07;2025-10-07;RBRR11;RBR Rendimento High Grade;87.45;31470
2025-10-07;2025-10-07;RBRY11;RBR Alpha Multiestratégia;95.58;33980
2025-10-07;2025-10-07;RECR11;REC Recebíveis Imobiliários;79.91;28299
2025-10-07;2025-10-07;TGAR11;TG Ativo Real;85.77;54473
2025-10-07;2025-10-07;TRXF11;TRX Real Estate;100.0;164637
2025-10-07;2025-10-07;VISC11;Vinci Shopping Centers;108.85;33090
2025-10-07;2025-10-07;VRTA11;Fator Verità;76.34;18119
2025-10-07;2025-10-07;XPLG11;XP Log;100.17;29266
2025-10-07;2025-10-07;XPML11;XP Malls;105.17;91567
2025-10-08;2025-10-08;ALZR11;Alianza Trust Renda Imobiliária;10.58;109644
2025-10-08;2025-10-08;BCIA11;Brasil Capital Real Estate FoF;83.06;4176
2025-10-08;2025-10-08;BRCO11;Bresco Logística;114.25;27349
2025-10-08;2025-10-08;BTLG11;BTG Pactual Logística;103.72;66920
2025-10-08;2025-10-08;CPTS11;Capitânia Securities II;7.59;754765
2025-10-08;2025-10-08;GGRC11;GGR Covepi Renda;9.96;512885
2025-10-08;2025-10-08;HGBS11;CSHG Brasil Shopping;20.16;100066
2025-10-08;2025-10-08;HGCR11;CSHG Recebíveis Imobiliários;94.12;28998
2025-10-08;2025-10-08;HGLG11;CSHG Logística;159.85;37803
2025-10-08;2025-10-08;HGRE11;CSHG Real Estate;116.92;16101
2025-10-08;2025-10-08;HGRU11;CSHG Renda Urbana;126.37;24912
2025-10-08;2025-10-08;HSML11;HSI Malls;83.42;64848
2025-10-08;2025-10-08;KNCR11;Kinea Rendimentos Imobiliários;104.18;111851
2025-10-08;2025-10-08;KNIP11;Kinea Índices de Preços;88.74;162537
2025-10-08;2025-10-08;KNRI11;Kinea Renda Imobiliária;144.6;33680
2025-10-08;2025-10-08;KNSC11;Kinea Securities;8.67;542654
2025-10-08;2025-10-08;MCCI11;Mauá Capital Recebíveis Imobiliários;91.0;20578
2025-10-08;2025-10-08;MXRF11;Maxi Renda;9.58;936585
2025-10-08;2025-10-08;PCIP11;Patria Crédito Imobiliário (ex-CVBI11);82.78;0
2025-10-08;2025-10-08;PVBI11;VBI Prime Properties;76.88;60170
2025-10-08;2025-10-08;RBRR11;RBR Rendimento High Grade;87.11;35222
2025-10-08;2025-10-08;RBRY11;RBR Alpha Multiestratégia;95.69;32589
2025-10-08;2025-10-08;RECR11;REC Recebíveis Imobiliários;77.96;49686
2025-10-08;2025-10-08;TGAR11;TG Ativo Real;86.37;54723
2025-10-08;2025-10-08;TRXF11;TRX Real Estate;100.39;82433
2025-10-08;2025-10-08;VISC11;Vinci Shopping Centers;109.17;25775
2025-10-08;2025-10-08;VRTA11;Fator Verità;76.1;18122
2025-10-08;2025-10-08;XPLG11;XP Log;99.7;28122
2025-10-08;2025-10-08;XPML11;XP Malls;106.19;91883
2025-10-09;2025-10-09;ALZR11;Alianza Trust Renda Imobiliária;10.53;129648
2025-10-09;2025-10-09;BCIA11;Brasil Capital Real Estate FoF;83.4;1598
2025-10-09;2025-10-09;BRCO11;Bresco Logística;113.75;26487
2025-10-09;2025-10-09;BTLG11;BTG Pactual Logística;103.65;55984
2025-10-09;2025-10-09;CPTS11;Capitânia Securities II;7.59;1124099
2025-10-09;2025-10-09;GGRC11;GGR Covepi Renda;9.98;592818
2025-10-09;2025-10-09;HGBS11;CSHG Brasil Shopping;19.86;171417
2025-10-09;2025-10-09;HGCR11;CSHG Recebíveis Imobiliários;94.09;24861
2025-10-09;2025-10-09;HGLG11;CSHG Logística;159.6;49219
2025-10-09;2025-10-09;HGRE11;CSHG Real Estate;116.76;11230
2025-10-09;2025-10-09;HGRU11;CSHG Renda Urbana;126.5;20858
2025-10-09;2025-10-09;HSML11;HSI Malls;83.73;40111
2025-10-09;2025-10-09;KNCR11;Kinea Rendimentos Imobiliários;104.38;107696
2025-10-09;2025-10-09;KNIP11;Kinea Índices de Preços;88.44;114671
2025-10-09;2025-10-09;KNRI11;Kinea Renda Imobiliária;144.88;23613
2025-10-09;2025-10-09;KNSC11;Kinea Securities;8.73;363437
2025-10-09;2025-10-09;MCCI11;Mauá Capital Recebíveis Imobiliários;91.2;18226
2025-10-09;2025-10-09;MXRF11;Maxi Renda;9.6;682621
2025-10-09;2025-10-09;PCIP11;Patria Crédito Imobiliário (ex-CVBI11);82.78;0
2025-10-09;2025-10-09;PVBI11;VBI Prime Properties;76.69;39313
2025-10-09;2025-10-09;RBRR11;RBR Rendimento High Grade;86.75;35143
2025-10-09;2025-10-09;RBRY11;RBR Alpha Multiestratégia;95.65;34330
2025-10-09;2025-10-09;RECR11;REC Recebíveis Imobiliários;77.84;27179
2025-10-09;2025-10-09;TGAR11;TG Ativo Real;85.61;33077
2025-10-09;2025-10-09;TRXF11;TRX Real Estate;100.55;71129
2025-10-09;2025-10-09;VISC11;Vinci Shopping Centers;108.46;46303
2025-10-09;2025-10-09;VRTA11;Fator Verità;76.3;12959
2025-10-09;2025-10-09;XPLG11;XP Log;100.2;23543
2025-10-09;2025-10-09;XPML11;XP Malls;106.14;74744
2025-10-10;2025-10-10;ALZR11;Alianza Trust Renda Imobiliária;10.54;130381
2025-10-10;2025-10-10;BCIA11;Brasil Capital Real Estate FoF;83.1;2566
2025-10-10;2025-10-10;BRCO11;Bresco Logística;114.21;37940
2025-10-10;2025-10-10;BTLG11;BTG Pactual Logística;103.81;72599
2025-10-10;2025-10-10;CPTS11;Capitânia Securities II;7.6;963495
2025-10-10;2025-10-10;GGRC11;GGR Covepi Renda;9.96;772968
2025-10-10;2025-10-10;HGBS11;CSHG Brasil Shopping;19.98;157888
2025-10-10;2025-10-10;HGCR11;CSHG Recebíveis Imobiliários;94.3;18259
2025-10-10;2025-10-10;HGLG11;CSHG Logística;160.0;36560
2025-10-10;2025-10-10;HGRE11;CSHG Real Estate;116.56;15438
2025-10-10;2025-10-10;HGRU11;CSHG Renda Urbana;126.3;24143
2025-10-10;2025-10-10;HSML11;HSI Malls;84.25;45609
2025-10-10;2025-10-10;KNCR11;Kinea Rendimentos Imobiliários;104.7;154106
2025-10-10;2025-10-10;KNIP11;Kinea Índices de Preços;87.92;69794
2025-10-10;2025-10-10;KNRI11;Kinea Renda Imobiliária;145.76;40024
2025-10-10;2025-10-10;KNSC11;Kinea Securities;8.74;439817
2025-10-10;2025-10-10;MCCI11;Mauá Capital Recebíveis Imobiliários;91.41;29948
2025-10-10;2025-10-10;MXRF11;Maxi Renda;9.55;968833
2025-10-10;2025-10-10;PCIP11;Patria Crédito Imobiliário (ex-CVBI11);82.78;0
2025-10-10;2025-10-10;PVBI11;VBI Prime Properties;76.65;76018
2025-10-10;2025-10-10;RBRR11;RBR Rendimento High Grade;85.32;42402
2025-10-10;2025-10-10;RBRY11;RBR Alpha Multiestratégia;95.29;27789
2025-10-10;2025-10-10;RECR11;REC Recebíveis Imobiliários;77.4;33544
2025-10-10;2025-10-10;TGAR11;TG Ativo Real;85.68;43852
2025-10-10;2025-10-10;TRXF11;TRX Real Estate;100.64;56859
2025-10-10;2025-10-10;VISC11;Vinci Shopping Centers;109.09;35015
2025-10-10;2025-10-10;VRTA11;Fator Verità;76.79;24158
2025-10-10;2025-10-10;XPLG11;XP Log;100.87;32070
2025-10-10;2025-10-10;XPML11;XP Malls;105.65;90854
2025-10-13;2025-10-13;ALZR11;Alianza Trust Renda Imobiliária;10.57;128684
2025-10-13;2025-10-13;BCIA11;Brasil Capital Real Estate FoF;82.51;6262
2025-10-13;2025-10-13;BRCO11;Bresco Logística;114.75;66713
2025-10-13;2025-10-13;BTLG11;BTG Pactual Logística;103.7;70740
2025-10-13;2025-10-13;CPTS11;Capitânia Securities II;7.49;743642
2025-10-13;2025-10-13;GGRC11;GGR Covepi Renda;9.96;576179
2025-10-13;2025-10-13;HGBS11;CSHG Brasil Shopping;20.02;74306
2025-10-13;2025-10-13;HGCR11;CSHG Recebíveis Imobiliários;93.31;81348
2025-10-13;2025-10-13;HGLG11;CSHG Logística;160.06;49302
2025-10-13;2025-10-13;HGRE11;CSHG Real Estate;116.13;12584
2025-10-13;2025-10-13;HGRU11;CSHG Renda Urbana;126.2;28620
2025-10-13;2025-10-13;HSML11;HSI Malls;83.96;36160
2025-10-13;2025-10-13;KNCR11;Kinea Rendimentos Imobiliários;104.36;197080
2025-10-13;2025-10-13;KNIP11;Kinea Índices de Preços;87.5;90745
2025-10-13;2025-10-13;KNRI11;Kinea Renda Imobiliária;144.61;44717
2025-10-13;2025-10-13;KNSC11;Kinea Securities;8.8;1218662
2025-10-13;2025-10-13;MCCI11;Mauá Capital Recebíveis Imobiliários;88.3;89643
2025-10-13;2025-10-13;MXRF11;Maxi Renda;9.54;1199691
2025-10-13;2025-10-13;PCIP11;Patria Crédito Imobiliário (ex-CVBI11);82.78;0
2025-10-13;2025-10-13;PVBI11;VBI Prime Properties;76.75;45376
2025-10-13;2025-10-13;RBRR11;RBR Rendimento High Grade;84.93;28868
2025-10-13;2025-10-13;RBRY11;RBR Alpha Multiestratégia;94.7;28738
2025-10-13;2025-10-13;RECR11;REC Recebíveis Imobiliários;77.18;40123
2025-10-13;2025-10-13;TGAR11;TG Ativo Real;84.59;60382
2025-10-13;2025-10-13;TRXF11;TRX Real Estate;100.59;222457
2025-10-13;2025-10-13;VISC11;Vinci Shopping Centers;108.49;130311
2025-10-13;2025-10-13;VRTA11;Fator Verità;76.66;16045
2025-10-13;2025-10-13;XPLG11;XP Log;100.25;28526
2025-10-13;2025-10-13;XPML11;XP Malls;106.1;106217
2025-10-14;2025-10-14;ALZR11;Alianza Trust Renda Imobiliária;10.55;159614
2025-10-14;2025-10-14;BCIA11;Brasil Capital Real Estate FoF;82.87;3106
2025-10-14;2025-10-14;BRCO11;Bresco Logística;115.4;20599
2025-10-14;2025-10-14;BTLG11;BTG Pactual Logística;103.71;78729
2025-10-14;2025-10-14;CPTS11;Capitânia Securities II;7.52;1044227
2025-10-14;2025-10-14;GGRC11;GGR Covepi Renda;9.97;845024
2025-10-14;2025-10-14;HGBS11;CSHG Brasil Shopping;19.92;84916
2025-10-14;2025-10-14;HGCR11;CSHG Recebíveis Imobiliários;93.21;38235
2025-10-14;2025-10-14;HGLG11;CSHG Logística;159.98;41929
2025-10-14;2025-10-14;HGRE11;CSHG Real Estate;116.4;15023
2025-10-14;2025-10-14;HGRU11;CSHG Renda Urbana;126.55;19697
2025-10-14;2025-10-14;HSML11;HSI Malls;83.85;32806
2025-10-14;2025-10-14;KNCR11;Kinea Rendimentos Imobiliários;104.3;102634
2025-10-14;2025-10-14;KNIP11;Kinea Índices de Preços;88.63;113482
2025-10-14;2025-10-14;KNRI11;Kinea Renda Imobiliária;146.01;29061
2025-10-14;2025-10-14;KNSC11;Kinea Securities;8.78;477336
2025-10-14;2025-10-14;MCCI11;Mauá Capital Recebíveis Imobiliários;88.3;47301
2025-10-14;2025-10-14;MXRF11;Maxi Renda;9.62;1224392
2025-10-14;2025-10-14;PCIP11;Patria Crédito Imobiliário (ex-CVBI11);82.78;0
2025-10-14;2025-10-14;PVBI11;VBI Prime Properties;76.79;53457
2025-10-14;2025-10-14;RBRR11;RBR Rendimento High Grade;84.65;26156
2025-10-14;2025-10-14;RBRY11;RBR Alpha Multiestratégia;95.25;37349
2025-10-14;2025-10-14;RECR11;REC Recebíveis Imobiliários;77.31;34753
2025-10-14;2025-10-14;TGAR11;TG Ativo Real;85.3;49107
2025-10-14;2025-10-14;TRXF11;TRX Real Estate;101.1;92241
2025-10-14;2025-10-14;VISC11;Vinci Shopping Centers;107.79;44626
2025-10-14;2025-10-14;VRTA11;Fator Verità;76.69;18891
2025-10-14;2025-10-14;XPLG11;XP Log;101.05;31629
2025-10-14;2025-10-14;XPML11;XP Malls;105.89;89714
2025-10-15;2025-10-15;ALZR11;Alianza Trust Renda Imobiliária;10.6;113501
2025-10-15;2025-10-15;BCIA11;Brasil Capital Real Estate FoF;83.32;2471
2025-10-15;2025-10-15;BRCO11;Bresco Logística;115.49;20880
2025-10-15;2025-10-15;BTLG11;BTG Pactual Logística;103.9;79678
2025-10-15;2025-10-15;CPTS11;Capitânia Securities II;7.56;698041
2025-10-15;2025-10-15;GGRC11;GGR Covepi Renda;9.95;872745
2025-10-15;2025-10-15;HGBS11;CSHG Brasil Shopping;20.1;76291
2025-10-15;2025-10-15;HGCR11;CSHG Recebíveis Imobiliários;93.56;29338
2025-10-15;2025-10-15;HGLG11;CSHG Logística;160.5;39007
2025-10-15;2025-10-15;HGRE11;CSHG Real Estate;116.8;12421
2025-10-15;2025-10-15;HGRU11;CSHG Renda Urbana;126.7;26252
2025-10-15;2025-10-15;HSML11;HSI Malls;84.35;54620
2025-10-15;2025-10-15;KNCR11;Kinea Rendimentos Imobiliários;104.35;128595
2025-10-15;2025-10-15;KNIP11;Kinea Índices de Preços;89.0;104390
2025-10-15;2025-10-15;KNRI11;Kinea Renda Imobiliária;146.38;33034
2025-10-15;2025-10-15;KNSC11;Kinea Securities;8.78;747819
2025-10-15;2025-10-15;MCCI11;Mauá Capital Recebíveis Imobiliários;88.1;42269
2025-10-15;2025-10-15;MXRF11;Maxi Renda;9.66;1149202
2025-10-15;2025-10-15;PCIP11;Patria Crédito Imobiliário (ex-CVBI11);82.78;0
2025-10-15;2025-10-15;PVBI11;VBI Prime Properties;76.58;51391
2025-10-15;2025-10-15;RBRR11;RBR Rendimento High Grade;84.92;26478
2025-10-15;2025-10-15;RBRY11;RBR Alpha Multiestratégia;95.02;34956
2025-10-15;2025-10-15;RECR11;REC Recebíveis Imobiliários;78.0;27572
2025-10-15;2025-10-15;TGAR11;TG Ativo Real;85.1;72970
2025-10-15;2025-10-15;TRXF11;TRX Real Estate;100.86;89060
2025-10-15;2025-10-15;VISC11;Vinci Shopping Centers;109.27;55932
2025-10-15;2025-10-15;VRTA11;Fator Verità;76.3;29885
2025-10-15;2025-10-15;XPLG11;XP Log;100.74;26887
2025-10-15;2025-10-15;XPML11;XP Malls;106.9;113621
2025-10-16;2025-10-16;ALZR11;Alianza Trust Renda Imobiliária;10.58;122933
2025-10-16;2025-10-16;BCIA11;Brasil Capital Real Estate FoF;84.6;4723
2025-10-16;2025-10-16;BRCO11;Bresco Logística;115.3;17949
2025-10-16;2025-10-16;BTLG11;BTG Pactual Logística;103.06;83892
2025-10-16;2025-10-16;CPTS11;Capitânia Securities II;7.52;2053966
2025-10-16;2025-10-16;GGRC11;GGR Covepi Renda;9.94;898486
2025-10-16;2025-10-16;HGBS11;CSHG Brasil Shopping;19.91;165799
2025-10-16;2025-10-16;HGCR11;CSHG Recebíveis Imobiliários;93.4;13469
2025-10-16;2025-10-16;HGLG11;CSHG Logística;160.5;67683
2025-10-16;2025-10-16;HGRE11;CSHG Real Estate;116.8;14984
2025-10-16;2025-10-16;HGRU11;CSHG Renda Urbana;126.49;26779
2025-10-16;2025-10-16;HSML11;HSI Malls;83.9;37318
2025-10-16;2025-10-16;KNCR11;Kinea Rendimentos Imobiliários;104.4;90601
2025-10-16;2025-10-16;KNIP11;Kinea Índices de Preços;88.16;74663
2025-10-16;2025-10-16;KNRI11;Kinea Renda Imobiliária;146.0;41822
2025-10-16;2025-10-16;KNSC11;Kinea Securities;8.75;645134
2025-10-16;2025-10-16;MCCI11;Mauá Capital Recebíveis Imobiliários;87.43;47833
2025-10-16;2025-10-16;MXRF11;Maxi Renda;9.64;771451
2025-10-16;2025-10-16;PCIP11;Patria Crédito Imobiliário (ex-CVBI11);82.78;0
2025-10-16;2025-10-16;PVBI11;VBI Prime Properties;76.68;72349
2025-10-16;2025-10-16;RBRR11;RBR Rendimento High Grade;84.8;24398
2025-10-16;2025-10-16;RBRY11;RBR Alpha Multiestratégia;95.04;28087
2025-10-16;2025-10-16;RECR11;REC Recebíveis Imobiliários;77.79;22868
2025-10-16;2025-10-16;TGAR11;TG Ativo Real;84.9;47090
2025-10-16;2025-10-16;TRXF11;TRX Real Estate;100.75;77592
2025-10-16;2025-10-16;VISC11;Vinci Shopping Centers;108.97;34966
2025-10-16;2025-10-16;VRTA11;Fator Verità;76.17;20842
2025-10-16;2025-10-16;XPLG11;XP Log;101.07;28231
2025-10-16;2025-10-16;XPML11;XP Malls;106.0;114447
2025-10-17;2025-10-17;ALZR11;Alianza Trust Renda Imobiliária;10.58;116699
2025-10-17;2025-10-17;BCIA11;Brasil Capital Real Estate FoF;83.87;3154
2025-10-17;2025-10-17;BRCO11;Bresco Logística;115.7;22237
2025-10-17;2025-10-17;BTLG11;BTG Pactual Logística;103.47;71077
2025-10-17;2025-10-17;CPTS11;Capitânia Securities II;7.5;2308064
2025-10-17;2025-10-17;GGRC11;GGR Covepi Renda;9.95;812479
2025-10-17;2025-10-17;HGBS11;CSHG Brasil Shopping;19.98;66083
2025-10-17;2025-10-17;HGCR11;CSHG Recebíveis Imobiliários;93.39;22714
2025-10-17;2025-10-17;HGLG11;CSHG Logística;159.6;39395
2025-10-17;2025-10-17;HGRE11;CSHG Real Estate;116.49;15760
2025-10-17;2025-10-17;HGRU11;CSHG Renda Urbana;126.65;27372
2025-10-17;2025-10-17;HSML11;HSI Malls;83.82;33621
2025-10-17;2025-10-17;KNCR11;Kinea Rendimentos Imobiliários;104.65;114210
2025-10-17;2025-10-17;KNIP11;Kinea Índices de Preços;87.62;105645
2025-10-17;2025-10-17;KNRI11;Kinea Renda Imobiliária;145.6;32101
2025-10-17;2025-10-17;KNSC11;Kinea Securities;8.79;598792
2025-10-17;2025-10-17;MCCI11;Mauá Capital Recebíveis Imobiliários;87.7;80048
2025-10-17;2025-10-17;MXRF11;Maxi Renda;9.67;661445
2025-10-17;2025-10-17;PCIP11;Patria Crédito Imobiliário (ex-CVBI11);82.78;0
2025-10-17;2025-10-17;PVBI11;VBI Prime Properties;76.7;48869
2025-10-17;2025-10-17;RBRR11;RBR Rendimento High Grade;84.8;30814
2025-10-17;2025-10-17;RBRY11;RBR Alpha Multiestratégia;95.0;31953
2025-10-17;2025-10-17;RECR11;REC Recebíveis Imobiliários;77.76;23981
2025-10-17;2025-10-17;TGAR11;TG Ativo Real;85.36;36949
2025-10-17;2025-10-17;TRXF11;TRX Real Estate;100.85;76748
2025-10-17;2025-10-17;VISC11;Vinci Shopping Centers;108.96;35163
2025-10-17;2025-10-17;VRTA11;Fator Verità;76.05;21120
2025-10-17;2025-10-17;XPLG11;XP Log;101.66;33085
2025-10-17;2025-10-17;XPML11;XP Malls;106.17;85199
2025-10-20;2025-10-20;ALZR11;Alianza Trust Renda Imobiliária;10.5;168105
2025-10-20;2025-10-20;BCIA11;Brasil Capital Real Estate FoF;83.73;2224
2025-10-20;2025-10-20;BRCO11;Bresco Logística;115.11;23826
2025-10-20;2025-10-20;BTLG11;BTG Pactual Logística;103.09;87092
2025-10-20;2025-10-20;CPTS11;Capitânia Securities II;7.5;995123
2025-10-20;2025-10-20;GGRC11;GGR Covepi Renda;9.94;905786
2025-10-20;2025-10-20;HGBS11;CSHG Brasil Shopping;19.93;100278
2025-10-20;2025-10-20;HGCR11;CSHG Recebíveis Imobiliários;93.59;23840
2025-10-20;2025-10-20;HGLG11;CSHG Logística;159.3;40047
2025-10-20;2025-10-20;HGRE11;CSHG Real Estate;115.99;21852
2025-10-20;2025-10-20;HGRU11;CSHG Renda Urbana;126.08;29254
2025-10-20;2025-10-20;HSML11;HSI Malls;84.27;30735
2025-10-20;2025-10-20;KNCR11;Kinea Rendimentos Imobiliários;104.19;240653
2025-10-20;2025-10-20;KNIP11;Kinea Índices de Preços;87.13;88608
2025-10-20;2025-10-20;KNRI11;Kinea Renda Imobiliária;145.02;38138
2025-10-20;2025-10-20;KNSC11;Kinea Securities;8.73;478420
2025-10-20;2025-10-20;MCCI11;Mauá Capital Recebíveis Imobiliários;87.48;29339
2025-10-20;2025-10-20;MXRF11;Maxi Renda;9.62;1147471
2025-10-20;2025-10-20;PCIP11;Patria Crédito Imobiliário (ex-CVBI11);82.78;0
2025-10-20;2025-10-20;PVBI11;VBI Prime Properties;75.91;66152
2025-10-20;2025-10-20;RBRR11;RBR Rendimento High Grade;83.8;41589
2025-10-20;2025-10-20;RBRY11;RBR Alpha Multiestratégia;94.99;36037
2025-10-20;2025-10-20;RECR11;REC Recebíveis Imobiliários;77.48;30005
2025-10-20;2025-10-20;TGAR11;TG Ativo Real;86.42;77207
2025-10-20;2025-10-20;TRXF11;TRX Real Estate;100.95;49424
2025-10-20;2025-10-20;VISC11;Vinci Shopping Centers;108.01;37305
2025-10-20;2025-10-20;VRTA11;Fator Verità;76.11;14949
2025-10-20;2025-10-20;XPLG11;XP Log;101.05;28592
2025-10-20;2025-10-20;XPML11;XP Malls;104.4;132865
2025-10-21;2025-10-21;ALZR11;Alianza Trust Renda Imobiliária;10.51;130897
2025-10-21;2025-10-21;BCIA11;Brasil Capital Real Estate FoF;84.98;3804
2025-10-21;2025-10-21;BRCO11;Bresco Logística;115.63;22756
2025-10-21;2025-10-21;BTLG11;BTG Pactual Logística;103.64;89273
2025-10-21;2025-10-21;CPTS11;Capitânia Securities II;7.57;750685
2025-10-21;2025-10-21;GGRC11;GGR Covepi Renda;9.94;617872
2025-10-21;2025-10-21;HGBS11;CSHG Brasil Shopping;20.0;70178
2025-10-21;2025-10-21;HGCR11;CSHG Recebíveis Imobiliários;93.51;18739
2025-10-21;2025-10-21;HGLG11;CSHG Logística;159.6;39726
2025-10-21;2025-10-21;HGRE11;CSHG Real Estate;114.98;42246
2025-10-21;2025-10-21;HGRU11;CSHG Renda Urbana;126.5;16597
2025-10-21;2025-10-21;HSML11;HSI Malls;84.32;24686
2025-10-21;2025-10-21;KNCR11;Kinea Rendimentos Imobiliários;104.91;142839
2025-10-21;2025-10-21;KNIP11;Kinea Índices de Preços;87.3;79355
2025-10-21;2025-10-21;KNRI11;Kinea Renda Imobiliária;146.03;57699
2025-10-21;2025-10-21;KNSC11;Kinea Securities;8.73;543863
2025-10-21;2025-10-21;MCCI11;Mauá Capital Recebíveis Imobiliários;87.97;30767
2025-10-21;2025-10-21;MXRF11;Maxi Renda;9.64;988061
2025-10-21;2025-10-21;PCIP11;Patria Crédito Imobiliário (ex-CVBI11);82.78;0
2025-10-21;2025-10-21;PVBI11;VBI Prime Properties;76.71;68293
2025-10-21;2025-10-21;RBRR11;RBR Rendimento High Grade;83.5;36536
2025-10-21;2025-10-21;RBRY11;RBR Alpha Multiestratégia;94.92;24638
2025-10-21;2025-10-21;RECR11;REC Recebíveis Imobiliários;77.5;25690
2025-10-21;2025-10-21;TGAR11;TG Ativo Real;85.31;55885
2025-10-21;2025-10-21;TRXF11;TRX Real Estate;100.97;65655
2025-10-21;2025-10-21;VISC11;Vinci Shopping Centers;107.91;28951
2025-10-21;2025-10-21;VRTA11;Fator Verità;76.48;15481
2025-10-21;2025-10-21;XPLG11;XP Log;101.13;26901
2025-10-21;2025-10-21;XPML11;XP Malls;104.54;74966
2025-10-22;2025-10-22;ALZR11;Alianza Trust Renda Imobiliária;10.48;106304
2025-10-22;2025-10-22;BCIA11;Brasil Capital Real Estate FoF;84.02;3506
2025-10-22;2025-10-22;BRCO11;Bresco Logística;115.77;18243
2025-10-22;2025-10-22;BTLG11;BTG Pactual Logística;103.65;76309
2025-10-22;2025-10-22;CPTS11;Capitânia Securities II;7.57;1101968
2025-10-22;2025-10-22;GGRC11;GGR Covepi Renda;9.95;838086
2025-10-22;2025-10-22;HGBS11;CSHG Brasil Shopping;20.0;103825
2025-10-22;2025-10-22;HGCR11;CSHG Recebíveis Imobiliários;93.45;24738
2025-10-22;2025-10-22;HGLG11;CSHG Logística;160.33;41340
2025-10-22;2025-10-22;HGRE11;CSHG Real Estate;114.51;20369
2025-10-22;2025-10-22;HGRU11;CSHG Renda Urbana;126.56;18918
2025-10-22;2025-10-22;HSML11;HSI Malls;84.74;25598
2025-10-22;2025-10-22;KNCR11;Kinea Rendimentos Imobiliários;104.93;109716
2025-10-22;2025-10-22;KNIP11;Kinea Índices de Preços;86.93;81190
2025-10-22;2025-10-22;KNRI11;Kinea Renda Imobiliária;146.0;48659
2025-10-22;2025-10-22;KNSC11;Kinea Securities;8.74;364208
2025-10-22;2025-10-22;MCCI11;Mauá Capital Recebíveis Imobiliários;87.89;24639
2025-10-22;2025-10-22;MXRF11;Maxi Renda;9.63;803908
2025-10-22;2025-10-22;PCIP11;Patria Crédito Imobiliário (ex-CVBI11);82.78;0
2025-10-22;2025-10-22;PVBI11;VBI Prime Properties;75.3;45047
2025-10-22;2025-10-22;RBRR11;RBR Rendimento High Grade;83.96;30466
2025-10-22;2025-10-22;RBRY11;RBR Alpha Multiestratégia;95.14;27814
2025-10-22;2025-10-22;RECR11;REC Recebíveis Imobiliários;76.92;29310
2025-10-22;2025-10-22;TGAR11;TG Ativo Real;85.21;35826
2025-10-22;2025-10-22;TRXF11;TRX Real Estate;100.69;56180
2025-10-22;2025-10-22;VISC11;Vinci Shopping Centers;107.07;41748
2025-10-22;2025-10-22;VRTA11;Fator Verità;76.2;15889
2025-10-22;2025-10-22;XPLG11;XP Log;101.38;23443
2025-10-22;2025-10-22;XPML11;XP Malls;104.5;132996
2025-10-23;2025-10-23;ALZR11;Alianza Trust Renda Imobiliária;10.49;122713
2025-10-23;2025-10-23;BCIA11;Brasil Capital Real Estate FoF;83.69;2315
2025-10-23;2025-10-23;BRCO11;Bresco Logística;115.57;22543
2025-10-23;2025-10-23;BTLG11;BTG Pactual Logística;103.72;71590
2025-10-23;2025-10-23;CPTS11;Capitânia Securities II;7.61;634275
2025-10-23;2025-10-23;GGRC11;GGR Covepi Renda;9.94;577077
2025-10-23;2025-10-23;HGBS11;CSHG Brasil Shopping;20.05;68760
2025-10-23;2025-10-23;HGCR11;CSHG Recebíveis Imobiliários;93.75;15534
2025-10-23;2025-10-23;HGLG11;CSHG Logística;158.85;57832
2025-10-23;2025-10-23;HGRE11;CSHG Real Estate;115.15;10280
2025-10-23;2025-10-23;HGRU11;CSHG Renda Urbana;126.28;21289
2025-10-23;2025-10-23;HSML11;HSI Malls;84.64;29344
2025-10-23;2025-10-23;KNCR11;Kinea Rendimentos Imobiliários;105.0;117899
2025-10-23;2025-10-23;KNIP11;Kinea Índices de Preços;86.62;100856
2025-10-23;2025-10-23;KNRI11;Kinea Renda Imobiliária;145.0;35598
2025-10-23;2025-10-23;KNSC11;Kinea Securities;8.72;366355
2025-10-23;2025-10-23;MCCI11;Mauá Capital Recebíveis Imobiliários;87.55;28800
2025-10-23;2025-10-23;MXRF11;Maxi Renda;9.62;841771
2025-10-23;2025-10-23;PCIP11;Patria Crédito Imobiliário (ex-CVBI11);82.78;0
2025-10-23;2025-10-23;PVBI11;VBI Prime Properties;74.68;66807
2025-10-23;2025-10-23;RBRR11;RBR Rendimento High Grade;84.21;33009
2025-10-23;2025-10-23;RBRY11;RBR Alpha Multiestratégia;95.25;39795
2025-10-23;2025-10-23;RECR11;REC Recebíveis Imobiliários;76.75;28321
2025-10-23;2025-10-23;TGAR11;TG Ativo Real;86.2;51191
2025-10-23;2025-10-23;TRXF11;TRX Real Estate;100.9;52661
2025-10-23;2025-10-23;VISC11;Vinci Shopping Centers;107.36;26856
2025-10-23;2025-10-23;VRTA11;Fator Verità;76.2;14320
2025-10-23;2025-10-23;XPLG11;XP Log;101.5;19549
2025-10-23;2025-10-23;XPML11;XP Malls;104.95;73133
2025-10-24;2025-10-24;ALZR11;Alianza Trust Renda Imobiliária;10.56;143484
2025-10-24;2025-10-24;BCIA11;Brasil Capital Real Estate FoF;83.6;2528
2025-10-24;2025-10-24;BRCO11;Bresco Logística;115.95;26895
2025-10-24;2025-10-24;BTLG11;BTG Pactual Logística;103.9;99270
2025-10-24;2025-10-24;CPTS11;Capitânia Securities II;7.64;1128000
2025-10-24;2025-10-24;GGRC11;GGR Covepi Renda;9.99;693792
2025-10-24;2025-10-24;HGBS11;CSHG Brasil Shopping;20.09;105830
2025-10-24;2025-10-24;HGCR11;CSHG Recebíveis Imobiliários;94.09;27685
2025-10-24;2025-10-24;HGLG11;CSHG Logística;159.3;48218
2025-10-24;2025-10-24;HGRE11;CSHG Real Estate;113.7;66224
2025-10-24;2025-10-24;HGRU11;CSHG Renda Urbana;126.61;25779
2025-10-24;2025-10-24;HSML11;HSI Malls;85.42;72123
2025-10-24;2025-10-24;KNCR11;Kinea Rendimentos Imobiliários;105.7;107412
2025-10-24;2025-10-24;KNIP11;Kinea Índices de Preços;87.32;81468
2025-10-24;2025-10-24;KNRI11;Kinea Renda Imobiliária;145.47;38696
2025-10-24;2025-10-24;KNSC11;Kinea Securities;8.77;502255
2025-10-24;2025-10-24;MCCI11;Mauá Capital Recebíveis Imobiliários;87.89;25059
2025-10-24;2025-10-24;MXRF11;Maxi Renda;9.64;854987
2025-10-24;2025-10-24;PCIP11;Patria Crédito Imobiliário (ex-CVBI11);82.78;0
2025-10-24;2025-10-24;PVBI11;VBI Prime Properties;75.0;53545
2025-10-24;2025-10-24;RBRR11;RBR Rendimento High Grade;84.64;26433
2025-10-24;2025-10-24;RBRY11;RBR Alpha Multiestratégia;95.1;36941
2025-10-24;2025-10-24;RECR11;REC Recebíveis Imobiliários;77.29;32754
2025-10-24;2025-10-24;TGAR11;TG Ativo Real;86.13;43256
2025-10-24;2025-10-24;TRXF11;TRX Real Estate;101.11;68979
2025-10-24;2025-10-24;VISC11;Vinci Shopping Centers;107.44;29478
2025-10-24;2025-10-24;VRTA11;Fator Verità;76.96;22914
2025-10-24;2025-10-24;XPLG11;XP Log;101.57;26285
2025-10-24;2025-10-24;XPML11;XP Malls;104.5;113579
2025-10-27;2025-10-27;ALZR11;Alianza Trust Renda Imobiliária;10.58;170181
2025-10-27;2025-10-27;BCIA11;Brasil Capital Real Estate FoF;84.0;3129
2025-10-27;2025-10-27;BRCO11;Bresco Logística;116.52;24132
2025-10-27;2025-10-27;BTLG11;BTG Pactual Logística;103.26;89105
2025-10-27;2025-10-27;CPTS11;Capitânia Securities II;7.63;1073984
2025-10-27;2025-10-27;GGRC11;GGR Covepi Renda;10.0;792496
2025-10-27;2025-10-27;HGBS11;CSHG Brasil Shopping;20.0;135076
2025-10-27;2025-10-27;HGCR11;CSHG Recebíveis Imobiliários;94.9;44569
2025-10-27;2025-10-27;HGLG11;CSHG Logística;158.51;51756
2025-10-27;2025-10-27;HGRE11;CSHG Real Estate;116.52;22805
2025-10-27;2025-10-27;HGRU11;CSHG Renda Urbana;126.54;30000
2025-10-27;2025-10-27;HSML11;HSI Malls;85.5;43663
2025-10-27;2025-10-27;KNCR11;Kinea Rendimentos Imobiliários;105.78;175541
2025-10-27;2025-10-27;KNIP11;Kinea Índices de Preços;87.5;101575
2025-10-27;2025-10-27;KNRI11;Kinea Renda Imobiliária;146.85;37430
2025-10-27;2025-10-27;KNSC11;Kinea Securities;8.75;597275
2025-10-27;2025-10-27;MCCI11;Mauá Capital Recebíveis Imobiliários;88.79;42224
2025-10-27;2025-10-27;MXRF11;Maxi Renda;9.61;1178798
2025-10-27;2025-10-27;PCIP11;Patria Crédito Imobiliário (ex-CVBI11);82.78;0
2025-10-27;2025-10-27;PVBI11;VBI Prime Properties;74.57;87105
2025-10-27;2025-10-27;RBRR11;RBR Rendimento High Grade;84.8;40317
2025-10-27;2025-10-27;RBRY11;RBR Alpha Multiestratégia;95.0;25737
2025-10-27;2025-10-27;RECR11;REC Recebíveis Imobiliários;77.34;32190
2025-10-27;2025-10-27;TGAR11;TG Ativo Real;86.1;58507
2025-10-27;2025-10-27;TRXF11;TRX Real Estate;100.87;71739
2025-10-27;2025-10-27;VISC11;Vinci Shopping Centers;107.39;45598
2025-10-27;2025-10-27;VRTA11;Fator Verità;77.8;24953
2025-10-27;2025-10-27;XPLG11;XP Log;101.3;52672
2025-10-27;2025-10-27;XPML11;XP Malls;105.28;99838
2025-10-28;2025-10-28;ALZR11;Alianza Trust Renda Imobiliária;10.59;135313
2025-10-28;2025-10-28;BCIA11;Brasil Capital Real Estate FoF;84.04;5071
2025-10-28;2025-10-28;BRCO11;Bresco Logística;116.08;18376
2025-10-28;2025-10-28;BTLG11;BTG Pactual Logística;103.1;77412
2025-10-28;2025-10-28;CPTS11;Capitânia Securities II;7.6;903435
2025-10-28;2025-10-28;GGRC11;GGR Covepi Renda;9.99;742540
2025-10-28;2025-10-28;HGBS11;CSHG Brasil Shopping;20.02;76954
2025-10-28;2025-10-28;HGCR11;CSHG Recebíveis Imobiliários;94.77;25928
2025-10-28;2025-10-28;HGLG11;CSHG Logística;157.74;54263
2025-10-28;2025-10-28;HGRE11;CSHG Real Estate;115.79;20160
2025-10-28;2025-10-28;HGRU11;CSHG Renda Urbana;126.6;49167
2025-10-28;2025-10-28;HSML11;HSI Malls;85.7;20492
2025-10-28;2025-10-28;KNCR11;Kinea Rendimentos Imobiliários;105.93;103871
2025-10-28;2025-10-28;KNIP11;Kinea Índices de Preços;87.5;53319
2025-10-28;2025-10-28;KNRI11;Kinea Renda Imobiliária;146.2;33802
2025-10-28;2025-10-28;KNSC11;Kinea Securities;8.78;442885
2025-10-28;2025-10-28;MCCI11;Mauá Capital Recebíveis Imobiliários;90.0;28812
2025-10-28;2025-10-28;MXRF11;Maxi Renda;9.62;796414
2025-10-28;2025-10-28;PCIP11;Patria Crédito Imobiliário (ex-CVBI11);82.78;0
2025-10-28;2025-10-28;PVBI11;VBI Prime Properties;74.11;56117
2025-10-28;2025-10-28;RBRR11;RBR Rendimento High Grade;85.0;23312
2025-10-28;2025-10-28;RBRY11;RBR Alpha Multiestratégia;95.35;55588
2025-10-28;2025-10-28;RECR11;REC Recebíveis Imobiliários;77.0;26296
2025-10-28;2025-10-28;TGAR11;TG Ativo Real;86.05;53767
2025-10-28;2025-10-28;TRXF11;TRX Real Estate;101.39;44823
2025-10-28;2025-10-28;VISC11;Vinci Shopping Centers;107.33;45215
2025-10-28;2025-10-28;VRTA11;Fator Verità;77.7;14585
2025-10-28;2025-10-28;XPLG11;XP Log;101.35;32249
2025-10-28;2025-10-28;XPML11;XP Malls;104.88;85966
2025-10-29;2025-10-29;ALZR11;Alianza Trust Renda Imobiliária;10.52;196389
2025-10-29;2025-10-29;BCIA11;Brasil Capital Real Estate FoF;84.27;2653
2025-10-29;2025-10-29;BRCO11;Bresco Logística;115.71;23159
2025-10-29;2025-10-29;BTLG11;BTG Pactual Logística;103.27;71586
2025-10-29;2025-10-29;CPTS11;Capitânia Securities II;7.56;646891
2025-10-29;2025-10-29;GGRC11;GGR Covepi Renda;9.98;643444
2025-10-29;2025-10-29;HGBS11;CSHG Brasil Shopping;20.12;80138
2025-10-29;2025-10-29;HGCR11;CSHG Recebíveis Imobiliários;94.62;28628
2025-10-29;2025-10-29;HGLG11;CSHG Logística;159.1;45712
2025-10-29;2025-10-29;HGRE11;CSHG Real Estate;117.0;14312
2025-10-29;2025-10-29;HGRU11;CSHG Renda Urbana;126.2;30777
2025-10-29;2025-10-29;HSML11;HSI Malls;86.29;27033
2025-10-29;2025-10-29;KNCR11;Kinea Rendimentos Imobiliários;106.37;118407
2025-10-29;2025-10-29;KNIP11;Kinea Índices de Preços;88.0;113689
2025-10-29;2025-10-29;KNRI11;Kinea Renda Imobiliária;148.0;25442
2025-10-29;2025-10-29;KNSC11;Kinea Securities;8.8;429381
2025-10-29;2025-10-29;MCCI11;Mauá Capital Recebíveis Imobiliários;89.8;28155
2025-10-29;2025-10-29;MXRF11;Maxi Renda;9.63;835173
2025-10-29;2025-10-29;PCIP11;Patria Crédito Imobiliário (ex-CVBI11);82.78;0
2025-10-29;2025-10-29;PVBI11;VBI Prime Properties;74.01;78552
2025-10-29;2025-10-29;RBRR11;RBR Rendimento High Grade;84.01;70071
2025-10-29;2025-10-29;RBRY11;RBR Alpha Multiestratégia;95.25;32722
2025-10-29;2025-10-29;RECR11;REC Recebíveis Imobiliários;77.79;30471
2025-10-29;2025-10-29;TGAR11;TG Ativo Real;85.93;58236
2025-10-29;2025-10-29;TRXF11;TRX Real Estate;101.19;53769
2025-10-29;2025-10-29;VISC11;Vinci Shopping Centers;107.36;52101
2025-10-29;2025-10-29;VRTA11;Fator Verità;77.54;15709
2025-10-29;2025-10-29;XPLG11;XP Log;100.8;29578
2025-10-29;2025-10-29;XPML11;XP Malls;105.4;85106
2025-10-30;2025-10-30;ALZR11;Alianza Trust Renda Imobiliária;10.51;151298
2025-10-30;2025-10-30;BCIA11;Brasil Capital Real Estate FoF;83.91;2183
2025-10-30;2025-10-30;BRCO11;Bresco Logística;116.2;22853
2025-10-30;2025-10-30;BTLG11;BTG Pactual Logística;103.4;60714
2025-10-30;2025-10-30;CPTS11;Capitânia Securities II;7.56;497911
2025-10-30;2025-10-30;GGRC11;GGR Covepi Renda;9.98;950655
2025-10-30;2025-10-30;HGBS11;CSHG Brasil Shopping;19.93;165138
2025-10-30;2025-10-30;HGCR11;CSHG Recebíveis Imobiliários;93.93;23114
2025-10-30;2025-10-30;HGLG11;CSHG Logística;159.75;41095
2025-10-30;2025-10-30;HGRE11;CSHG Real Estate;116.89;16465
2025-10-30;2025-10-30;HGRU11;CSHG Renda Urbana;126.68;22422
2025-10-30;2025-10-30;HSML11;HSI Malls;85.78;25266
2025-10-30;2025-10-30;KNCR11;Kinea Rendimentos Imobiliários;105.72;122441
2025-10-30;2025-10-30;KNIP11;Kinea Índices de Preços;88.14;118383
2025-10-30;2025-10-30;KNRI11;Kinea Renda Imobiliária;147.59;27171
2025-10-30;2025-10-30;KNSC11;Kinea Securities;8.78;574086
2025-10-30;2025-10-30;MCCI11;Mauá Capital Recebíveis Imobiliários;89.33;27864
2025-10-30;2025-10-30;MXRF11;Maxi Renda;9.61;922267
2025-10-30;2025-10-30;PCIP11;Patria Crédito Imobiliário (ex-CVBI11);82.78;0
2025-10-30;2025-10-30;PVBI11;VBI Prime Properties;73.47;73944
2025-10-30;2025-10-30;RBRR11;RBR Rendimento High Grade;84.0;32784
2025-10-30;2025-10-30;RBRY11;RBR Alpha Multiestratégia;95.04;94705
2025-10-30;2025-10-30;RECR11;REC Recebíveis Imobiliários;78.54;26765
2025-10-30;2025-10-30;TGAR11;TG Ativo Real;85.01;75868
2025-10-30;2025-10-30;TRXF11;TRX Real Estate;100.7;76549
2025-10-30;2025-10-30;VISC11;Vinci Shopping Centers;106.96;49744
2025-10-30;2025-10-30;VRTA11;Fator Verità;77.78;11847
2025-10-30;2025-10-30;XPLG11;XP Log;100.89;25051
2025-10-30;2025-10-30;XPML11;XP Malls;105.28;75715
2025-10-31;2025-10-31;ALZR11;Alianza Trust Renda Imobiliária;10.5;134703
2025-10-31;2025-10-31;BCIA11;Brasil Capital Real Estate FoF;84.35;2995
2025-10-31;2025-10-31;BRCO11;Bresco Logística;116.69;19457
2025-10-31;2025-10-31;BTLG11;BTG Pactual Logística;102.94;103191
2025-10-31;2025-10-31;CPTS11;Capitânia Securities II;7.61;583744
2025-10-31;2025-10-31;GGRC11;GGR Covepi Renda;10.03;736594
2025-10-31;2025-10-31;HGBS11;CSHG Brasil Shopping;19.92;146987
2025-10-31;2025-10-31;HGCR11;CSHG Recebíveis Imobiliários;95.06;28384
2025-10-31;2025-10-31;HGLG11;CSHG Logística;158.5;50811
2025-10-31;2025-10-31;HGRE11;CSHG Real Estate;116.87;17879
2025-10-31;2025-10-31;HGRU11;CSHG Renda Urbana;126.45;31556
2025-10-31;2025-10-31;HSML11;HSI Malls;85.88;37272
2025-10-31;2025-10-31;KNCR11;Kinea Rendimentos Imobiliários;106.0;131983
2025-10-31;2025-10-31;KNIP11;Kinea Índices de Preços;88.0;90154
2025-10-31;2025-10-31;KNRI11;Kinea Renda Imobiliária;148.6;28588
2025-10-31;2025-10-31;KNSC11;Kinea Securities;8.79;668992
2025-10-31;2025-10-31;MCCI11;Mauá Capital Recebíveis Imobiliários;88.89;37673
2025-10-31;2025-10-31;MXRF11;Maxi Renda;9.65;867768
2025-10-31;2025-10-31;PCIP11;Patria Crédito Imobiliário (ex-CVBI11);82.78;0
2025-10-31;2025-10-31;PVBI11;VBI Prime Properties;73.82;60389
2025-10-31;2025-10-31;RBRR11;RBR Rendimento High Grade;84.57;35408
2025-10-31;2025-10-31;RBRY11;RBR Alpha Multiestratégia;95.47;60505
2025-10-31;2025-10-31;RECR11;REC Recebíveis Imobiliários;77.4;38972
2025-10-31;2025-10-31;TGAR11;TG Ativo Real;85.83;60327
2025-10-31;2025-10-31;TRXF11;TRX Real Estate;101.22;48292
2025-10-31;2025-10-31;VISC11;Vinci Shopping Centers;106.91;42561
2025-10-31;2025-10-31;VRTA11;Fator Verità;77.99;17107
2025-10-31;2025-10-31;XPLG11;XP Log;101.89;27964
2025-10-31;2025-10-31;XPML11;XP Malls;105.5;133587
2025-11-03;2025-11-03;ALZR11;Alianza Trust Renda Imobiliária;10.49;186568
2025-11-03;2025-11-03;BCIA11;Brasil Capital Real Estate FoF;83.7;5194
2025-11-03;2025-11-03;BRCO11;Bresco Logística;115.6;21971
2025-11-03;2025-11-03;BTLG11;BTG Pactual Logística;103.52;93002
2025-11-03;2025-11-03;CPTS11;Capitânia Securities II;7.59;756461
2025-11-03;2025-11-03;GGRC11;GGR Covepi Renda;10.02;782535
2025-11-03;2025-11-03;HGBS11;CSHG Brasil Shopping;19.9;124933
2025-11-03;2025-11-03;HGCR11;CSHG Recebíveis Imobiliários;92.39;103713
2025-11-03;2025-11-03;HGLG11;CSHG Logística;156.2;83624
2025-11-03;2025-11-03;HGRE11;CSHG Real Estate;117.59;25196
2025-11-03;2025-11-03;HGRU11;CSHG Renda Urbana;126.07;29153
2025-11-03;2025-11-03;HSML11;HSI Malls;85.23;23176
2025-11-03;2025-11-03;KNCR11;Kinea Rendimentos Imobiliários;104.51;177636
2025-11-03;2025-11-03;KNIP11;Kinea Índices de Preços;87.18;170579
2025-11-03;2025-11-03;KNRI11;Kinea Renda Imobiliária;145.8;58230
2025-11-03;2025-11-03;KNSC11;Kinea Securities;8.69;595892
2025-11-03;2025-11-03;MCCI11;Mauá Capital Recebíveis Imobiliários;88.26;61185
2025-11-03;2025-11-03;MXRF11;Maxi Renda;9.57;1267690
2025-11-03;2025-11-03;PCIP11;Patria Crédito Imobiliário (ex-CVBI11);82.78;0
2025-11-03;2025-11-03;PVBI11;VBI Prime Properties;74.79;89656
2025-11-03;2025-11-03;RBRR11;RBR Rendimento High Grade;85.46;112392
2025-11-03;2025-11-03;RBRY11;RBR Alpha Multiestratégia;96.1;49640
2025-11-03;2025-11-03;RECR11;REC Recebíveis Imobiliários;55.31;43210
2025-11-03;2025-11-03;TGAR11;TG Ativo Real;84.7;50821
2025-11-03;2025-11-03;TRXF11;TRX Real Estate;100.92;73259
2025-11-03;2025-11-03;VISC11;Vinci Shopping Centers;105.85;48563
2025-11-03;2025-11-03;VRTA11;Fator Verità;76.31;26848
2025-11-03;2025-11-03;XPLG11;XP Log;100.38;43806
2025-11-03;2025-11-03;XPML11;XP Malls;106.23;112614
2025-11-04;2025-11-04;ALZR11;Alianza Trust Renda Imobiliária;10.5;167696
2025-11-04;2025-11-04;BCIA11;Brasil Capital Real Estate FoF;83.68;2904
2025-11-04;2025-11-04;BRCO11;Bresco Logística;115.36;21684
2025-11-04;2025-11-04;BTLG11;BTG Pactual Logística;103.5;71894
2025-11-04;2025-11-04;CPTS11;Capitânia Securities II;7.57;553562
2025-11-04;2025-11-04;GGRC11;GGR Covepi Renda;9.94;716140
2025-11-04;2025-11-04;HGBS11;CSHG Brasil Shopping;19.9;67714
2025-11-04;2025-11-04;HGCR11;CSHG Recebíveis Imobiliários;92.44;26497
2025-11-04;2025-11-04;HGLG11;CSHG Logística;156.04;57785
2025-11-04;2025-11-04;HGRE11;CSHG Real Estate;118.81;22746
2025-11-04;2025-11-04;HGRU11;CSHG Renda Urbana;126.29;26482
2025-11-04;2025-11-04;HSML11;HSI Malls;84.95;41302
2025-11-04;2025-11-04;KNCR11;Kinea Rendimentos Imobiliários;104.2;132029
2025-11-04;2025-11-04;KNIP11;Kinea Índices de Preços;86.7;121251
2025-11-04;2025-11-04;KNRI11;Kinea Renda Imobiliária;146.28;32829
2025-11-04;2025-11-04;KNSC11;Kinea Securities;8.72;327456
2025-11-04;2025-11-04;MCCI11;Mauá Capital Recebíveis Imobiliários;88.32;29298
2025-11-04;2025-11-04;MXRF11;Maxi Renda;9.58;980489
2025-11-04;2025-11-04;PCIP11;Patria Crédito Imobiliário (ex-CVBI11);82.78;0
2025-11-04;2025-11-04;PVBI11;VBI Prime Properties;75.0;61969
2025-11-04;2025-11-04;RBRR11;RBR Rendimento High Grade;85.58;35017
2025-11-04;2025-11-04;RBRY11;RBR Alpha Multiestratégia;96.08;56818
2025-11-04;2025-11-04;RECR11;REC Recebíveis Imobiliários;55.45;36064
2025-11-04;2025-11-04;TGAR11;TG Ativo Real;84.7;42669
2025-11-04;2025-11-04;TRXF11;TRX Real Estate;100.6;60800
2025-11-04;2025-11-04;VISC11;Vinci Shopping Centers;105.65;39151
2025-11-04;2025-11-04;VRTA11;Fator Verità;76.35;17245
2025-11-04;2025-11-04;XPLG11;XP Log;100.31;26363
2025-11-04;2025-11-04;XPML11;XP Malls;106.28;117809
2025-11-05;2025-11-05;ALZR11;Alianza Trust Renda Imobiliária;10.5;134639
2025-11-05;2025-11-05;BCIA11;Brasil Capital Real Estate FoF;83.1;16802
2025-11-05;2025-11-05;BRCO11;Bresco Logística;115.13;29625
2025-11-05;2025-11-05;BTLG11;BTG Pactual Logística;103.77;63981
2025-11-05;2025-11-05;CPTS11;Capitânia Securities II;7.57;623521
2025-11-05;2025-11-05;GGRC11;GGR Covepi Renda;9.92;977579
2025-11-05;2025-11-05;HGBS11;CSHG Brasil Shopping;20.0;67674
2025-11-05;2025-11-05;HGCR11;CSHG Recebíveis Imobiliários;92.32;29822
2025-11-05;2025-11-05;HGLG11;CSHG Logística;157.63;43756
2025-11-05;2025-11-05;HGRE11;CSHG Real Estate;117.41;18845
2025-11-05;2025-11-05;HGRU11;CSHG Renda Urbana;126.32;24713
2025-11-05;2025-11-05;HSML11;HSI Malls;84.7;23558
2025-11-05;2025-11-05;KNCR11;Kinea Rendimentos Imobiliários;104.35;106037
2025-11-05;2025-11-05;KNIP11;Kinea Índices de Preços;86.5;80890
2025-11-05;2025-11-05;KNRI11;Kinea Renda Imobiliária;145.62;29134
2025-11-05;2025-11-05;KNSC11;Kinea Securities;8.67;469513
2025-11-05;2025-11-05;MCCI11;Mauá Capital Recebíveis Imobiliários;89.25;40445
2025-11-05;2025-11-05;MXRF11;Maxi Renda;9.57;969365
2025-11-05;2025-11-05;PCIP11;Patria Crédito Imobiliário (ex-CVBI11);81.7;29804
2025-11-05;2025-11-05;PVBI11;VBI Prime Properties;75.22;70600
2025-11-05;2025-11-05;RBRR11;RBR Rendimento High Grade;85.55;47101
2025-11-05;2025-11-05;RBRY11;RBR Alpha Multiestratégia;96.99;80296
2025-11-05;2025-11-05;RECR11;REC Recebíveis Imobiliários;55.56;45198
2025-11-05;2025-11-05;TGAR11;TG Ativo Real;84.61;41700
2025-11-05;2025-11-05;TRXF11;TRX Real Estate;100.59;62090
2025-11-05;2025-11-05;VISC11;Vinci Shopping Centers;105.34;41023
2025-11-05;2025-11-05;VRTA11;Fator Verità;76.33;17701
2025-11-05;2025-11-05;XPLG11;XP Log;99.89;32174
2025-11-05;2025-11-05;XPML11;XP Malls;106.18;90990
2025-11-06;2025-11-06;ALZR11;Alianza Trust Renda Imobiliária;10.6;119514
2025-11-06;2025-11-06;BCIA11;Brasil Capital Real Estate FoF;83.16;5326
2025-11-06;2025-11-06;BRCO11;Bresco Logística;115.94;26774
2025-11-06;2025-11-06;BTLG11;BTG Pactual Logística;103.61;73464
2025-11-06;2025-11-06;CPTS11;Capitânia Securities II;7.56;600712
2025-11-06;2025-11-06;GGRC11;GGR Covepi Renda;9.88;1100641
2025-11-06;2025-11-06;HGBS11;CSHG Brasil Shopping;19.97;147121
2025-11-06;2025-11-06;HGCR11;CSHG Recebíveis Imobiliários;92.39;24801
2025-11-06;2025-11-06;HGLG11;CSHG Logística;157.4;55429
2025-11-06;2025-11-06;HGRE11;CSHG Real Estate;117.99;11700
2025-11-06;2025-11-06;HGRU11;CSHG Renda Urbana;126.19;21495
2025-11-06;2025-11-06;HSML11;HSI Malls;85.25;27434
2025-11-06;2025-11-06;KNCR11;Kinea Rendimentos Imobiliários;104.75;119504
2025-11-06;2025-11-06;KNIP11;Kinea Índices de Preços;86.04;104859
2025-11-06;2025-11-06;KNRI11;Kinea Renda Imobiliária;145.58;45360
2025-11-06;2025-11-06;KNSC11;Kinea Securities;8.65;1153828
2025-11-06;2025-11-06;MCCI11;Mauá Capital Recebíveis Imobiliários;88.75;32337
2025-11-06;2025-11-06;MXRF11;Maxi Renda;9.57;1035438
2025-11-06;2025-11-06;PCIP11;Patria Crédito Imobiliário (ex-CVBI11);81.42;24334
2025-11-06;2025-11-06;PVBI11;VBI Prime Properties;75.69;64626
2025-11-06;2025-11-06;RBRR11;RBR Rendimento High Grade;86.16;31003
2025-11-06;2025-11-06;RBRY11;RBR Alpha Multiestratégia;96.5;70125
2025-11-06;2025-11-06;RECR11;REC Recebíveis Imobiliários;55.77;42117
2025-11-06;2025-11-06;TGAR11;TG Ativo Real;84.63;44851
2025-11-06;2025-11-06;TRXF11;TRX Real Estate;100.79;106386
2025-11-06;2025-11-06;VISC11;Vinci Shopping Centers;105.57;36116
2025-11-06;2025-11-06;VRTA11;Fator Verità;76.05;20329
2025-11-06;2025-11-06;XPLG11;XP Log;100.54;26643
2025-11-06;2025-11-06;XPML11;XP Malls;106.53;76720
2025-11-07;2025-11-07;ALZR11;Alianza Trust Renda Imobiliária;10.58;130687
2025-11-07;2025-11-07;BCIA11;Brasil Capital Real Estate FoF;83.1;5551
2025-11-07;2025-11-07;BRCO11;Bresco Logística;115.91;26353
2025-11-07;2025-11-07;BTLG11;BTG Pactual Logística;103.9;66766
2025-11-07;2025-11-07;CPTS11;Capitânia Securities II;7.54;1033062
2025-11-07;2025-11-07;GGRC11;GGR Covepi Renda;9.91;697332
2025-11-07;2025-11-07;HGBS11;CSHG Brasil Shopping;19.91;75095
2025-11-07;2025-11-07;HGCR11;CSHG Recebíveis Imobiliários;91.63;83980
2025-11-07;2025-11-07;HGLG11;CSHG Logística;158.1;39226
2025-11-07;2025-11-07;HGRE11;CSHG Real Estate;118.53;23728
2025-11-07;2025-11-07;HGRU11;CSHG Renda Urbana;126.3;35227
2025-11-07;2025-11-07;HSML11;HSI Malls;85.28;46865
2025-11-07;2025-11-07;KNCR11;Kinea Rendimentos Imobiliários;105.2;146820
2025-11-07;2025-11-07;KNIP11;Kinea Índices de Preços;86.12;84596
2025-11-07;2025-11-07;KNRI11;Kinea Renda Imobiliária;146.09;28308
2025-11-07;2025-11-07;KNSC11;Kinea Securities;8.62;614649
2025-11-07;2025-11-07;MCCI11;Mauá Capital Recebíveis Imobiliários;89.1;19619
2025-11-07;2025-11-07;MXRF11;Maxi Renda;9.66;1224497
2025-11-07;2025-11-07;PCIP11;Patria Crédito Imobiliário (ex-CVBI11);81.47;20758
2025-11-07;2025-11-07;PVBI11;VBI Prime Properties;75.11;55050
2025-11-07;2025-11-07;RBRR11;RBR Rendimento High Grade;86.26;24537
2025-11-07;2025-11-07;RBRY11;RBR Alpha Multiestratégia;96.39;48349
2025-11-07;2025-11-07;RECR11;REC Recebíveis Imobiliários;78.15;52277
2025-11-07;2025-11-07;TGAR11;TG Ativo Real;84.76;39797
2025-11-07;2025-11-07;TRXF11;TRX Real Estate;100.6;87605
2025-11-07;2025-11-07;VISC11;Vinci Shopping Centers;105.03;48336
2025-11-07;2025-11-07;VRTA11;Fator Verità;76.23;26801
2025-11-07;2025-11-07;XPLG11;XP Log;100.96;31348
2025-11-07;2025-11-07;XPML11;XP Malls;106.59;92168
2025-11-10;2025-11-10;ALZR11;Alianza Trust Renda Imobiliária;10.68;194111
2025-11-10;2025-11-10;BCIA11;Brasil Capital Real Estate FoF;83.74;3150
2025-11-10;2025-11-10;BRCO11;Bresco Logística;115.45;84381
2025-11-10;2025-11-10;BTLG11;BTG Pactual Logística;103.95;66419
2025-11-10;2025-11-10;CPTS11;Capitânia Securities II;7.55;708118
2025-11-10;2025-11-10;GGRC11;GGR Covepi Renda;9.93;552433
2025-11-10;2025-11-10;HGBS11;CSHG Brasil Shopping;19.99;94178
2025-11-10;2025-11-10;HGCR11;CSHG Recebíveis Imobiliários;91.84;58183
2025-11-10;2025-11-10;HGLG11;CSHG Logística;158.66;51423
2025-11-10;2025-11-10;HGRE11;CSHG Real Estate;118.02;16469
2025-11-10;2025-11-10;HGRU11;CSHG Renda Urbana;126.3;25796
2025-11-10;2025-11-10;HSML11;HSI Malls;85.38;31240
2025-11-10;2025-11-10;KNCR11;Kinea Rendimentos Imobiliários;104.7;206600
2025-11-10;2025-11-10;KNIP11;Kinea Índices de Preços;85.31;154090
2025-11-10;2025-11-10;KNRI11;Kinea Renda Imobiliária;145.6;30030
2025-11-10;2025-11-10;KNSC11;Kinea Securities;8.59;805464
2025-11-10;2025-11-10;MCCI11;Mauá Capital Recebíveis Imobiliários;88.92;73241
2025-11-10;2025-11-10;MXRF11;Maxi Renda;9.61;1239654
2025-11-10;2025-11-10;PCIP11;Patria Crédito Imobiliário (ex-CVBI11);82.16;47081
2025-11-10;2025-11-10;PVBI11;VBI Prime Properties;75.9;59133
2025-11-10;2025-11-10;RBRR11;RBR Rendimento High Grade;85.69;88839
2025-11-10;2025-11-10;RBRY11;RBR Alpha Multiestratégia;96.23;38304
2025-11-10;2025-11-10;RECR11;REC Recebíveis Imobiliários;76.52;49826
2025-11-10;2025-11-10;TGAR11;TG Ativo Real;84.54;57249
2025-11-10;2025-11-10;TRXF11;TRX Real Estate;100.65;84352
2025-11-10;2025-11-10;VISC11;Vinci Shopping Centers;106.35;110597
2025-11-10;2025-11-10;VRTA11;Fator Verità;76.0;25946
2025-11-10;2025-11-10;XPLG11;XP Log;101.01;31173
2025-11-10;2025-11-10;XPML11;XP Malls;106.5;168327
2025-11-11;2025-11-11;ALZR11;Alianza Trust Renda Imobiliária;10.7;113998
2025-11-11;2025-11-11;BCIA11;Brasil Capital Real Estate FoF;84.65;6263
2025-11-11;2025-11-11;BRCO11;Bresco Logística;114.81;36328
2025-11-11;2025-11-11;BTLG11;BTG Pactual Logística;103.93;63275
2025-11-11;2025-11-11;CPTS11;Capitânia Securities II;7.5;607307
2025-11-11;2025-11-11;GGRC11;GGR Covepi Renda;9.94;555143
2025-11-11;2025-11-11;HGBS11;CSHG Brasil Shopping;19.91;103520
2025-11-11;2025-11-11;HGCR11;CSHG Recebíveis Imobiliários;91.99;34142
2025-11-11;2025-11-11;HGLG11;CSHG Logística;158.55;42877
2025-11-11;2025-11-11;HGRE11;CSHG Real Estate;117.8;12390
2025-11-11;2025-11-11;HGRU11;CSHG Renda Urbana;126.46;25349
2025-11-11;2025-11-11;HSML11;HSI Malls;86.18;34666
2025-11-11;2025-11-11;KNCR11;Kinea Rendimentos Imobiliários;104.77;137321
2025-11-11;2025-11-11;KNIP11;Kinea Índices de Preços;85.2;234921
2025-11-11;2025-11-11;KNRI11;Kinea Renda Imobiliária;146.1;30720
2025-11-11;2025-11-11;KNSC11;Kinea Securities;8.59;546574
2025-11-11;2025-11-11;MCCI11;Mauá Capital Recebíveis Imobiliários;88.5;44834
2025-11-11;2025-11-11;MXRF11;Maxi Renda;9.64;852307
2025-11-11;2025-11-11;PCIP11;Patria Crédito Imobiliário (ex-CVBI11);80.04;31689
2025-11-11;2025-11-11;PVBI11;VBI Prime Properties;76.49;69945
2025-11-11;2025-11-11;RBRR11;RBR Rendimento High Grade;84.74;51119
2025-11-11;2025-11-11;RBRY11;RBR Alpha Multiestratégia;96.86;40939
2025-11-11;2025-11-11;RECR11;REC Recebíveis Imobiliários;76.5;36985
2025-11-11;2025-11-11;TGAR11;TG Ativo Real;84.53;56854
2025-11-11;2025-11-11;TRXF11;TRX Real Estate;100.5;91203
2025-11-11;2025-11-11;VISC11;Vinci Shopping Centers;106.62;45137
2025-11-11;2025-11-11;VRTA11;Fator Verità;76.38;19950
2025-11-11;2025-11-11;XPLG11;XP Log;100.6;28047
2025-11-11;2025-11-11;XPML11;XP Malls;106.55;92571
2025-11-12;2025-11-12;ALZR11;Alianza Trust Renda Imobiliária;10.68;183811
2025-11-12;2025-11-12;BCIA11;Brasil Capital Real Estate FoF;84.12;4204
2025-11-12;2025-11-12;BRCO11;Bresco Logística;115.23;41419
2025-11-12;2025-11-12;BTLG11;BTG Pactual Logística;103.9;74643
2025-11-12;2025-11-12;CPTS11;Capitânia Securities II;7.5;699632
2025-11-12;2025-11-12;GGRC11;GGR Covepi Renda;9.96;485590
2025-11-12;2025-11-12;HGBS11;CSHG Brasil Shopping;19.92;111885
2025-11-12;2025-11-12;HGCR11;CSHG Recebíveis Imobiliários;91.52;38262
2025-11-12;2025-11-12;HGLG11;CSHG Logística;159.0;39963
2025-11-12;2025-11-12;HGRE11;CSHG Real Estate;117.71;11257
2025-11-12;2025-11-12;HGRU11;CSHG Renda Urbana;126.4;22760
2025-11-12;2025-11-12;HSML11;HSI Malls;85.83;28785
2025-11-12;2025-11-12;KNCR11;Kinea Rendimentos Imobiliários;104.5;96476
2025-11-12;2025-11-12;KNIP11;Kinea Índices de Preços;86.39;187811
2025-11-12;2025-11-12;KNRI11;Kinea Renda Imobiliária;147.0;26343
2025-11-12;2025-11-12;KNSC11;Kinea Securities;8.63;646111
2025-11-12;2025-11-12;MCCI11;Mauá Capital Recebíveis Imobiliários;88.2;49415
2025-11-12;2025-11-12;MXRF11;Maxi Renda;9.62;970712
2025-11-12;2025-11-12;PCIP11;Patria Crédito Imobiliário (ex-CVBI11);80.0;35975
2025-11-12;2025-11-12;PVBI11;VBI Prime Properties;77.59;58623
2025-11-12;2025-11-12;RBRR11;RBR Rendimento High Grade;84.55;40953
2025-11-12;2025-11-12;RBRY11;RBR Alpha Multiestratégia;95.48;46171
2025-11-12;2025-11-12;RECR11;REC Recebíveis Imobiliários;76.0;44661
2025-11-12;2025-11-12;TGAR11;TG Ativo Real;84.62;44928
2025-11-12;2025-11-12;TRXF11;TRX Real Estate;100.18;70560
2025-11-12;2025-11-12;VISC11;Vinci Shopping Centers;106.1;42360
2025-11-12;2025-11-12;VRTA11;Fator Verità;76.24;24852
2025-11-12;2025-11-12;XPLG11;XP Log;101.22;31570
2025-11-12;2025-11-12;XPML11;XP Malls;106.81;108144
2025-11-13;2025-11-13;ALZR11;Alianza Trust Renda Imobiliária;10.67;159037
2025-11-13;2025-11-13;BCIA11;Brasil Capital Real Estate FoF;84.09;3963
2025-11-13;2025-11-13;BRCO11;Bresco Logística;115.31;35167
2025-11-13;2025-11-13;BTLG11;BTG Pactual Logística;103.61;98017
2025-11-13;2025-11-13;CPTS11;Capitânia Securities II;7.43;521334
2025-11-13;2025-11-13;GGRC11;GGR Covepi Renda;9.93;456567
2025-11-13;2025-11-13;HGBS11;CSHG Brasil Shopping;19.94;85913
2025-11-13;2025-11-13;HGCR11;CSHG Recebíveis Imobiliários;91.31;26170
2025-11-13;2025-11-13;HGLG11;CSHG Logística;158.56;39661
2025-11-13;2025-11-13;HGRE11;CSHG Real Estate;117.58;12050
2025-11-13;2025-11-13;HGRU11;CSHG Renda Urbana;126.2;22094
2025-11-13;2025-11-13;HSML11;HSI Malls;86.33;34838
2025-11-13;2025-11-13;KNCR11;Kinea Rendimentos Imobiliários;104.55;111484
2025-11-13;2025-11-13;KNIP11;Kinea Índices de Preços;85.45;127792
2025-11-13;2025-11-13;KNRI11;Kinea Renda Imobiliária;146.1;34141
2025-11-13;2025-11-13;KNSC11;Kinea Securities;8.6;468016
2025-11-13;2025-11-13;MCCI11;Mauá Capital Recebíveis Imobiliários;86.75;31647
2025-11-13;2025-11-13;MXRF11;Maxi Renda;9.58;1094415
2025-11-13;2025-11-13;PCIP11;Patria Crédito Imobiliário (ex-CVBI11);79.05;24295
2025-11-13;2025-11-13;PVBI11;VBI Prime Properties;77.99;68150
2025-11-13;2025-11-13;RBRR11;RBR Rendimento High Grade;84.67;41466
2025-11-13;2025-11-13;RBRY11;RBR Alpha Multiestratégia;95.1;44336
2025-11-13;2025-11-13;RECR11;REC Recebíveis Imobiliários;76.0;39045
2025-11-13;2025-11-13;TGAR11;TG Ativo Real;84.68;55115
2025-11-13;2025-11-13;TRXF11;TRX Real Estate;100.0;80718
2025-11-13;2025-11-13;VISC11;Vinci Shopping Centers;106.62;34572
2025-11-13;2025-11-13;VRTA11;Fator Verità;76.18;15554
2025-11-13;2025-11-13;XPLG11;XP Log;101.1;27882
2025-11-13;2025-11-13;XPML11;XP Malls;106.15;134516
2025-11-14;2025-11-14;ALZR11;Alianza Trust Renda Imobiliária;10.74;173816
2025-11-14;2025-11-14;BCIA11;Brasil Capital Real Estate FoF;84.35;3453
2025-11-14;2025-11-14;BRCO11;Bresco Logística;115.88;44255
2025-11-14;2025-11-14;BTLG11;BTG Pactual Logística;104.12;88253
2025-11-14;2025-11-14;CPTS11;Capitânia Securities II;7.43;623884
2025-11-14;2025-11-14;GGRC11;GGR Covepi Renda;9.93;741866
2025-11-14;2025-11-14;HGBS11;CSHG Brasil Shopping;19.98;123080
2025-11-14;2025-11-14;HGCR11;CSHG Recebíveis Imobiliários;91.87;44936
2025-11-14;2025-11-14;HGLG11;CSHG Logística;159.65;46591
2025-11-14;2025-11-14;HGRE11;CSHG Real Estate;119.15;18017
2025-11-14;2025-11-14;HGRU11;CSHG Renda Urbana;126.88;30802
2025-11-14;2025-11-14;HSML11;HSI Malls;87.0;53907
2025-11-14;2025-11-14;KNCR11;Kinea Rendimentos Imobiliários;104.42;209971
2025-11-14;2025-11-14;KNIP11;Kinea Índices de Preços;87.49;171313
2025-11-14;2025-11-14;KNRI11;Kinea Renda Imobiliária;146.49;36964
2025-11-14;2025-11-14;KNSC11;Kinea Securities;8.67;535773
2025-11-14;2025-11-14;MCCI11;Mauá Capital Recebíveis Imobiliários;87.06;36850
2025-11-14;2025-11-14;MXRF11;Maxi Renda;9.63;1451699
2025-11-14;2025-11-14;PCIP11;Patria Crédito Imobiliário (ex-CVBI11);80.55;44585
2025-11-14;2025-11-14;PVBI11;VBI Prime Properties;79.48;61584
2025-11-14;2025-11-14;RBRR11;RBR Rendimento High Grade;85.55;30237
2025-11-14;2025-11-14;RBRY11;RBR Alpha Multiestratégia;95.85;42154
2025-11-14;2025-11-14;RECR11;REC Recebíveis Imobiliários;76.9;43364
2025-11-14;2025-11-14;TGAR11;TG Ativo Real;85.99;60148
2025-11-14;2025-11-14;TRXF11;TRX Real Estate;100.21;104491
2025-11-14;2025-11-14;VISC11;Vinci Shopping Centers;107.79;50719
2025-11-14;2025-11-14;VRTA11;Fator Verità;77.15;20217
2025-11-14;2025-11-14;XPLG11;XP Log;102.5;32701
2025-11-14;2025-11-14;XPML11;XP Malls;106.99;114847
2025-11-17;2025-11-17;ALZR11;Alianza Trust Renda Imobiliária;10.68;237608
2025-11-17;2025-11-17;BCIA11;Brasil Capital Real Estate FoF;84.35;5531
2025-11-17;2025-11-17;BRCO11;Bresco Logística;116.0;28242
2025-11-17;2025-11-17;BTLG11;BTG Pactual Logística;103.99;105137
2025-11-17;2025-11-17;CPTS11;Capitânia Securities II;7.43;754608
2025-11-17;2025-11-17;GGRC11;GGR Covepi Renda;9.9;828148
2025-11-17;2025-11-17;HGBS11;CSHG Brasil Shopping;20.0;125727
2025-11-17;2025-11-17;HGCR11;CSHG Recebíveis Imobiliários;92.0;26113
2025-11-17;2025-11-17;HGLG11;CSHG Logística;159.53;53967
2025-11-17;2025-11-17;HGRE11;CSHG Real Estate;117.85;33555
2025-11-17;2025-11-17;HGRU11;CSHG Renda Urbana;126.45;32938
2025-11-17;2025-11-17;HSML11;HSI Malls;86.96;44827
2025-11-17;2025-11-17;KNCR11;Kinea Rendimentos Imobiliários;104.89;162138
2025-11-17;2025-11-17;KNIP11;Kinea Índices de Preços;87.26;138628
2025-11-17;2025-11-17;KNRI11;Kinea Renda Imobiliária;146.15;40365
2025-11-17;2025-11-17;KNSC11;Kinea Securities;8.66;717514
2025-11-17;2025-11-17;MCCI11;Mauá Capital Recebíveis Imobiliários;86.61;40302
2025-11-17;2025-11-17;MXRF11;Maxi Renda;9.59;1578496
2025-11-17;2025-11-17;PCIP11;Patria Crédito Imobiliário (ex-CVBI11);80.54;41535
2025-11-17;2025-11-17;PVBI11;VBI Prime Properties;79.51;59844
2025-11-17;2025-11-17;RBRR11;RBR Rendimento High Grade;85.04;40227
2025-11-17;2025-11-17;RBRY11;RBR Alpha Multiestratégia;95.39;39497
2025-11-17;2025-11-17;RECR11;REC Recebíveis Imobiliários;76.8;40618
2025-11-17;2025-11-17;TGAR11;TG Ativo Real;86.37;56681
2025-11-17;2025-11-17;TRXF11;TRX Real Estate;100.17;87931
2025-11-17;2025-11-17;VISC11;Vinci Shopping Centers;108.6;55931
2025-11-17;2025-11-17;VRTA11;Fator Verità;77.6;16460
2025-11-17;2025-11-17;XPLG11;XP Log;102.3;37431
2025-11-17;2025-11-17;XPML11;XP Malls;107.0;111932
2025-11-18;2025-11-18;ALZR11;Alianza Trust Renda Imobiliária;10.63;130979
2025-11-18;2025-11-18;BCIA11;Brasil Capital Real Estate FoF;84.74;3795
2025-11-18;2025-11-18;BRCO11;Bresco Logística;115.61;24690
2025-11-18;2025-11-18;BTLG11;BTG Pactual Logística;104.12;77465
2025-11-18;2025-11-18;CPTS11;Capitânia Securities II;7.43;433099
2025-11-18;2025-11-18;GGRC11;GGR Covepi Renda;9.9;1663187
2025-11-18;2025-11-18;HGBS11;CSHG Brasil Shopping;19.98;235249
2025-11-18;2025-11-18;HGCR11;CSHG Recebíveis Imobiliários;91.43;27084
2025-11-18;2025-11-18;HGLG11;CSHG Logística;159.7;38228
2025-11-18;2025-11-18;HGRE11;CSHG Real Estate;118.0;25360
2025-11-18;2025-11-18;HGRU11;CSHG Renda Urbana;126.5;20551
2025-11-18;2025-11-18;HSML11;HSI Malls;86.51;23699
2025-11-18;2025-11-18;KNCR11;Kinea Rendimentos Imobiliários;104.9;136822
2025-11-18;2025-11-18;KNIP11;Kinea Índices de Preços;88.0;123721
2025-11-18;2025-11-18;KNRI11;Kinea Renda Imobiliária;146.0;28816
2025-11-18;2025-11-18;KNSC11;Kinea Securities;8.64;763529
2025-11-18;2025-11-18;MCCI11;Mauá Capital Recebíveis Imobiliários;86.58;26504
2025-11-18;2025-11-18;MXRF11;Maxi Renda;9.58;963054
2025-11-18;2025-11-18;PCIP11;Patria Crédito Imobiliário (ex-CVBI11);80.5;29469
2025-11-18;2025-11-18;PVBI11;VBI Prime Properties;79.1;56046
2025-11-18;2025-11-18;RBRR11;RBR Rendimento High Grade;84.83;48547
2025-11-18;2025-11-18;RBRY11;RBR Alpha Multiestratégia;95.58;27125
2025-11-18;2025-11-18;RECR11;REC Recebíveis Imobiliários;76.64;37368
2025-11-18;2025-11-18;TGAR11;TG Ativo Real;85.87;59239
2025-11-18;2025-11-18;TRXF11;TRX Real Estate;100.24;63526
2025-11-18;2025-11-18;VISC11;Vinci Shopping Centers;108.8;43938
2025-11-18;2025-11-18;VRTA11;Fator Verità;77.59;15602
2025-11-18;2025-11-18;XPLG11;XP Log;102.58;19118
2025-11-18;2025-11-18;XPML11;XP Malls;106.1;438883
2025-11-19;2025-11-19;ALZR11;Alianza Trust Renda Imobiliária;10.6;193950
2025-11-19;2025-11-19;BCIA11;Brasil Capital Real Estate FoF;84.69;1700
2025-11-19;2025-11-19;BRCO11;Bresco Logística;115.91;18935
2025-11-19;2025-11-19;BTLG11;BTG Pactual Logística;103.75;71074
2025-11-19;2025-11-19;CPTS11;Capitânia Securities II;7.42;674532
2025-11-19;2025-11-19;GGRC11;GGR Covepi Renda;9.9;672804
2025-11-19;2025-11-19;HGBS11;CSHG Brasil Shopping;19.97;132352
2025-11-19;2025-11-19;HGCR11;CSHG Recebíveis Imobiliários;91.16;50043
2025-11-19;2025-11-19;HGLG11;CSHG Logística;160.0;40824
2025-11-19;2025-11-19;HGRE11;CSHG Real Estate;118.59;36440
2025-11-19;2025-11-19;HGRU11;CSHG Renda Urbana;126.6;31219
2025-11-19;2025-11-19;HSML11;HSI Malls;86.94;36156
2025-11-19;2025-11-19;KNCR11;Kinea Rendimentos Imobiliários;105.08;124604
2025-11-19;2025-11-19;KNIP11;Kinea Índices de Preços;88.28;141631
2025-11-19;2025-11-19;KNRI11;Kinea Renda Imobiliária;146.45;37265
2025-11-19;2025-11-19;KNSC11;Kinea Securities;8.63;567847
2025-11-19;2025-11-19;MCCI11;Mauá Capital Recebíveis Imobiliários;86.63;30450
2025-11-19;2025-11-19;MXRF11;Maxi Renda;9.55;1527903
2025-11-19;2025-11-19;PCIP11;Patria Crédito Imobiliário (ex-CVBI11);82.66;51169
2025-11-19;2025-11-19;PVBI11;VBI Prime Properties;78.31;45339
2025-11-19;2025-11-19;RBRR11;RBR Rendimento High Grade;84.5;41657
2025-11-19;2025-11-19;RBRY11;RBR Alpha Multiestratégia;95.56;39386
2025-11-19;2025-11-19;RECR11;REC Recebíveis Imobiliários;75.96;38899
2025-11-19;2025-11-19;TGAR11;TG Ativo Real;87.62;90011
2025-11-19;2025-11-19;TRXF11;TRX Real Estate;100.59;82017
2025-11-19;2025-11-19;VISC11;Vinci Shopping Centers;109.25;41904
2025-11-19;2025-11-19;VRTA11;Fator Verità;77.75;13916
2025-11-19;2025-11-19;XPLG11;XP Log;102.98;32499
2025-11-19;2025-11-19;XPML11;XP Malls;105.98;86933
2025-11-21;2025-11-21;ALZR11;Alianza Trust Renda Imobiliária;10.63;141291
2025-11-21;2025-11-21;BCIA11;Brasil Capital Real Estate FoF;85.14;2136
2025-11-21;2025-11-21;BRCO11;Bresco Logística;116.58;24801
2025-11-21;2025-11-21;BTLG11;BTG Pactual Logística;104.05;85718
2025-11-21;2025-11-21;CPTS11;Capitânia Securities II;7.44;621903
2025-11-21;2025-11-21;GGRC11;GGR Covepi Renda;9.91;3979145
2025-11-21;2025-11-21;HGBS11;CSHG Brasil Shopping;19.99;95814
2025-11-21;2025-11-21;HGCR11;CSHG Recebíveis Imobiliários;91.98;36322
2025-11-21;2025-11-21;HGLG11;CSHG Logística;160.0;52547
2025-11-21;2025-11-21;HGRE11;CSHG Real Estate;118.4;26596
2025-11-21;2025-11-21;HGRU11;CSHG Renda Urbana;127.45;34118
2025-11-21;2025-11-21;HSML11;HSI Malls;88.0;55088
2025-11-21;2025-11-21;KNCR11;Kinea Rendimentos Imobiliários;105.6;113550
2025-11-21;2025-11-21;KNIP11;Kinea Índices de Preços;87.01;91712
2025-11-21;2025-11-21;KNRI11;Kinea Renda Imobiliária;147.65;39447
2025-11-21;2025-11-21;KNSC11;Kinea Securities;8.63;715157
2025-11-21;2025-11-21;MCCI11;Mauá Capital Recebíveis Imobiliários;86.68;34693
2025-11-21;2025-11-21;MXRF11;Maxi Renda;9.57;1461292
2025-11-21;2025-11-21;PCIP11;Patria Crédito Imobiliário (ex-CVBI11);82.14;41791
2025-11-21;2025-11-21;PVBI11;VBI Prime Properties;79.34;70069
2025-11-21;2025-11-21;RBRR11;RBR Rendimento High Grade;84.53;22188
2025-11-21;2025-11-21;RBRY11;RBR Alpha Multiestratégia;95.5;33303
2025-11-21;2025-11-21;RECR11;REC Recebíveis Imobiliários;76.3;27122
2025-11-21;2025-11-21;TGAR11;TG Ativo Real;86.99;61522
2025-11-21;2025-11-21;TRXF11;TRX Real Estate;100.65;98963
2025-11-21;2025-11-21;VISC11;Vinci Shopping Centers;109.6;39284
2025-11-21;2025-11-21;VRTA11;Fator Verità;78.12;17390
2025-11-21;2025-11-21;XPLG11;XP Log;104.11;29004
2025-11-21;2025-11-21;XPML11;XP Malls;105.9;144592
2025-11-24;2025-11-24;ALZR11;Alianza Trust Renda Imobiliária;10.62;190448
2025-11-24;2025-11-24;BCIA11;Brasil Capital Real Estate FoF;85.5;5169
2025-11-24;2025-11-24;BRCO11;Bresco Logística;115.96;38959
2025-11-24;2025-11-24;BTLG11;BTG Pactual Logística;104.05;104617
2025-11-24;2025-11-24;CPTS11;Capitânia Securities II;7.43;1274245
2025-11-24;2025-11-24;GGRC11;GGR Covepi Renda;9.92;681470
2025-11-24;2025-11-24;HGBS11;CSHG Brasil Shopping;20.09;96036
2025-11-24;2025-11-24;HGCR11;CSHG Recebíveis Imobiliários;92.48;24887
2025-11-24;2025-11-24;HGLG11;CSHG Logística;159.7;52544
2025-11-24;2025-11-24;HGRE11;CSHG Real Estate;118.85;20086
2025-11-24;2025-11-24;HGRU11;CSHG Renda Urbana;126.58;38267
2025-11-24;2025-11-24;HSML11;HSI Malls;87.5;58394
2025-11-24;2025-11-24;KNCR11;Kinea Rendimentos Imobiliários;105.62;149985
2025-11-24;2025-11-24;KNIP11;Kinea Índices de Preços;88.85;174854
2025-11-24;2025-11-24;KNRI11;Kinea Renda Imobiliária;147.45;55253
2025-11-24;2025-11-24;KNSC11;Kinea Securities;8.61;918881
2025-11-24;2025-11-24;MCCI11;Mauá Capital Recebíveis Imobiliários;86.62;35702
2025-11-24;2025-11-24;MXRF11;Maxi Renda;9.55;1318731
2025-11-24;2025-11-24;PCIP11;Patria Crédito Imobiliário (ex-CVBI11);82.38;27272
2025-11-24;2025-11-24;PVBI11;VBI Prime Properties;79.98;84151
2025-11-24;2025-11-24;RBRR11;RBR Rendimento High Grade;83.5;70152
2025-11-24;2025-11-24;RBRY11;RBR Alpha Multiestratégia;95.02;74561
2025-11-24;2025-11-24;RECR11;REC Recebíveis Imobiliários;77.18;61610
2025-11-24;2025-11-24;TGAR11;TG Ativo Real;86.45;81047
2025-11-24;2025-11-24;TRXF11;TRX Real Estate;100.57;97028
2025-11-24;2025-11-24;VISC11;Vinci Shopping Centers;109.0;58415
2025-11-24;2025-11-24;VRTA11;Fator Verità;77.76;17920
2025-11-24;2025-11-24;XPLG11;XP Log;103.13;38950
2025-11-24;2025-11-24;XPML11;XP Malls;106.0;112281
2025-11-25;2025-11-25;ALZR11;Alianza Trust Renda Imobiliária;10.6;192436
2025-11-25;2025-11-25;BCIA11;Brasil Capital Real Estate FoF;86.5;6638
2025-11-25;2025-11-25;BRCO11;Bresco Logística;116.93;44441
2025-11-25;2025-11-25;BTLG11;BTG Pactual Logística;103.86;163176
2025-11-25;2025-11-25;CPTS11;Capitânia Securities II;7.45;722487
2025-11-25;2025-11-25;GGRC11;GGR Covepi Renda;9.9;1054981
2025-11-25;2025-11-25;HGBS11;CSHG Brasil Shopping;20.0;279607
2025-11-25;2025-11-25;HGCR11;CSHG Recebíveis Imobiliários;92.34;25182
2025-11-25;2025-11-25;HGLG11;CSHG Logística;159.64;57085
2025-11-25;2025-11-25;HGRE11;CSHG Real Estate;119.4;26921
2025-11-25;2025-11-25;HGRU11;CSHG Renda Urbana;126.93;71148
2025-11-25;2025-11-25;HSML11;HSI Malls;87.91;103381
2025-11-25;2025-11-25;KNCR11;Kinea Rendimentos Imobiliários;105.8;130037
2025-11-25;2025-11-25;KNIP11;Kinea Índices de Preços;89.68;209253
2025-11-25;2025-11-25;KNRI11;Kinea Renda Imobiliária;148.91;36029
2025-11-25;2025-11-25;KNSC11;Kinea Securities;8.61;676296
2025-11-25;2025-11-25;MCCI11;Mauá Capital Recebíveis Imobiliários;86.74;38355
2025-11-25;2025-11-25;MXRF11;Maxi Renda;9.53;1459330
2025-11-25;2025-11-25;PCIP11;Patria Crédito Imobiliário (ex-CVBI11);82.37;58207
2025-11-25;2025-11-25;PVBI11;VBI Prime Properties;78.71;62010
2025-11-25;2025-11-25;RBRR11;RBR Rendimento High Grade;83.68;31880
2025-11-25;2025-11-25;RBRY11;RBR Alpha Multiestratégia;95.29;75115
2025-11-25;2025-11-25;RECR11;REC Recebíveis Imobiliários;78.51;38955
2025-11-25;2025-11-25;TGAR11;TG Ativo Real;87.1;48896
2025-11-25;2025-11-25;TRXF11;TRX Real Estate;100.78;116183
2025-11-25;2025-11-25;VISC11;Vinci Shopping Centers;108.75;51725
2025-11-25;2025-11-25;VRTA11;Fator Verità;78.0;16176
2025-11-25;2025-11-25;XPLG11;XP Log;103.73;31853
2025-11-25;2025-11-25;XPML11;XP Malls;106.47;232662
2025-11-26;2025-11-26;ALZR11;Alianza Trust Renda Imobiliária;10.56;240720
2025-11-26;2025-11-26;BCIA11;Brasil Capital Real Estate FoF;86.46;9216
2025-11-26;2025-11-26;BRCO11;Bresco Logística;116.54;30764
2025-11-26;2025-11-26;BTLG11;BTG Pactual Logística;103.58;91223
2025-11-26;2025-11-26;CPTS11;Capitânia Securities II;7.39;2326621
2025-11-26;2025-11-26;GGRC11;GGR Covepi Renda;9.89;797477
2025-11-26;2025-11-26;HGBS11;CSHG Brasil Shopping;19.99;168253
2025-11-26;2025-11-26;HGCR11;CSHG Recebíveis Imobiliários;92.01;42903
2025-11-26;2025-11-26;HGLG11;CSHG Logística;159.37;42307
2025-11-26;2025-11-26;HGRE11;CSHG Real Estate;118.66;22843
2025-11-26;2025-11-26;HGRU11;CSHG Renda Urbana;126.64;36024
2025-11-26;2025-11-26;HSML11;HSI Malls;87.02;40638
2025-11-26;2025-11-26;KNCR11;Kinea Rendimentos Imobiliários;105.55;148088
2025-11-26;2025-11-26;KNIP11;Kinea Índices de Preços;88.6;120503
2025-11-26;2025-11-26;KNRI11;Kinea Renda Imobiliária;147.01;38263
2025-11-26;2025-11-26;KNSC11;Kinea Securities;8.6;723394
2025-11-26;2025-11-26;MCCI11;Mauá Capital Recebíveis Imobiliários;86.11;43270
2025-11-26;2025-11-26;MXRF11;Maxi Renda;9.54;1679619
2025-11-26;2025-11-26;PCIP11;Patria Crédito Imobiliário (ex-CVBI11);81.01;50988
2025-11-26;2025-11-26;PVBI11;VBI Prime Properties;78.82;61666
2025-11-26;2025-11-26;RBRR11;RBR Rendimento High Grade;83.47;47410
2025-11-26;2025-11-26;RBRY11;RBR Alpha Multiestratégia;95.9;50785
2025-11-26;2025-11-26;RECR11;REC Recebíveis Imobiliários;78.68;54535
2025-11-26;2025-11-26;TGAR11;TG Ativo Real;85.15;70621
2025-11-26;2025-11-26;TRXF11;TRX Real Estate;100.5;106427
2025-11-26;2025-11-26;VISC11;Vinci Shopping Centers;108.0;48235
2025-11-26;2025-11-26;VRTA11;Fator Verità;76.87;22762
2025-11-26;2025-11-26;XPLG11;XP Log;103.15;29844
2025-11-26;2025-11-26;XPML11;XP Malls;105.95;112086
2025-11-27;2025-11-27;ALZR11;Alianza Trust Renda Imobiliária;10.65;119774
2025-11-27;2025-11-27;BCIA11;Brasil Capital Real Estate FoF;86.86;5162
2025-11-27;2025-11-27;BRCO11;Bresco Logística;116.75;28605
2025-11-27;2025-11-27;BTLG11;BTG Pactual Logística;103.7;64917
2025-11-27;2025-11-27;CPTS11;Capitânia Securities II;7.44;852157
2025-11-27;2025-11-27;GGRC11;GGR Covepi Renda;9.89;998535
2025-11-27;2025-11-27;HGBS11;CSHG Brasil Shopping;19.97;179473
2025-11-27;2025-11-27;HGCR11;CSHG Recebíveis Imobiliários;92.45;16282
2025-11-27;2025-11-27;HGLG11;CSHG Logística;159.45;54182
2025-11-27;2025-11-27;HGRE11;CSHG Real Estate;119.45;16623
2025-11-27;2025-11-27;HGRU11;CSHG Renda Urbana;126.8;29742
2025-11-27;2025-11-27;HSML11;HSI Malls;87.51;82578
2025-11-27;2025-11-27;KNCR11;Kinea Rendimentos Imobiliários;106.16;145712
2025-11-27;2025-11-27;KNIP11;Kinea Índices de Preços;88.85;71173
2025-11-27;2025-11-27;KNRI11;Kinea Renda Imobiliária;147.6;42714
2025-11-27;2025-11-27;KNSC11;Kinea Securities;8.65;423966
2025-11-27;2025-11-27;MCCI11;Mauá Capital Recebíveis Imobiliários;86.51;27499
2025-11-27;2025-11-27;MXRF11;Maxi Renda;9.59;1170816
2025-11-27;2025-11-27;PCIP11;Patria Crédito Imobiliário (ex-CVBI11);81.86;23788
2025-11-27;2025-11-27;PVBI11;VBI Prime Properties;78.64;52760
2025-11-27;2025-11-27;RBRR11;RBR Rendimento High Grade;83.84;32069
2025-11-27;2025-11-27;RBRY11;RBR Alpha Multiestratégia;96.25;42967
2025-11-27;2025-11-27;RECR11;REC Recebíveis Imobiliários;79.14;26985
2025-11-27;2025-11-27;TGAR11;TG Ativo Real;86.95;57274
2025-11-27;2025-11-27;TRXF11;TRX Real Estate;100.47;113746
2025-11-27;2025-11-27;VISC11;Vinci Shopping Centers;108.57;47039
2025-11-27;2025-11-27;VRTA11;Fator Verità;77.25;14975
2025-11-27;2025-11-27;XPLG11;XP Log;104.13;36711
2025-11-27;2025-11-27;XPML11;XP Malls;106.12;149144
2025-11-28;2025-11-28;ALZR11;Alianza Trust Renda Imobiliária;10.71;177467
2025-11-28;2025-11-28;BCIA11;Brasil Capital Real Estate FoF;87.73;7389
2025-11-28;2025-11-28;BRCO11;Bresco Logística;117.0;42158
2025-11-28;2025-11-28;BTLG11;BTG Pactual Logística;103.62;111107
2025-11-28;2025-11-28;CPTS11;Capitânia Securities II;7.52;878851
2025-11-28;2025-11-28;GGRC11;GGR Covepi Renda;9.92;851268
2025-11-28;2025-11-28;HGBS11;CSHG Brasil Shopping;20.0;270245
2025-11-28;2025-11-28;HGCR11;CSHG Recebíveis Imobiliários;93.34;42021
2025-11-28;2025-11-28;HGLG11;CSHG Logística;161.0;61594
2025-11-28;2025-11-28;HGRE11;CSHG Real Estate;119.75;25979
2025-11-28;2025-11-28;HGRU11;CSHG Renda Urbana;126.98;43071
2025-11-28;2025-11-28;HSML11;HSI Malls;88.28;48747
2025-11-28;2025-11-28;KNCR11;Kinea Rendimentos Imobiliários;106.39;207028
2025-11-28;2025-11-28;KNIP11;Kinea Índices de Preços;89.03;74792
2025-11-28;2025-11-28;KNRI11;Kinea Renda Imobiliária;150.77;49582
2025-11-28;2025-11-28;KNSC11;Kinea Securities;8.65;959604
2025-11-28;2025-11-28;MCCI11;Mauá Capital Recebíveis Imobiliários;87.75;30516
2025-11-28;2025-11-28;MXRF11;Maxi Renda;9.63;2419167
2025-11-28;2025-11-28;PCIP11;Patria Crédito Imobiliário (ex-CVBI11);83.04;42160
2025-11-28;2025-11-28;PVBI11;VBI Prime Properties;79.87;58721
2025-11-28;2025-11-28;RBRR11;RBR Rendimento High Grade;84.3;36843
2025-11-28;2025-11-28;RBRY11;RBR Alpha Multiestratégia;97.0;46015
2025-11-28;2025-11-28;RECR11;REC Recebíveis Imobiliários;80.32;43196
2025-11-28;2025-11-28;TGAR11;TG Ativo Real;87.25;80461
2025-11-28;2025-11-28;TRXF11;TRX Real Estate;101.27;119409
2025-11-28;2025-11-28;VISC11;Vinci Shopping Centers;109.58;60262
2025-11-28;2025-11-28;VRTA11;Fator Verità;77.46;26208
2025-11-28;2025-11-28;XPLG11;XP Log;104.46;56204
2025-11-28;2025-11-28;XPML11;XP Malls;107.0;122432
2025-12-01;2025-12-01;ALZR11;Alianza Trust Renda Imobiliária;10.64;418358
2025-12-01;2025-12-01;BCIA11;Brasil Capital Real Estate FoF;86.68;5109
2025-12-01;2025-12-01;BRCO11;Bresco Logística;117.29;70317
2025-12-01;2025-12-01;BTLG11;BTG Pactual Logística;103.5;234791
2025-12-01;2025-12-01;CPTS11;Capitânia Securities II;7.44;1616721
2025-12-01;2025-12-01;GGRC11;GGR Covepi Renda;9.97;1006178
2025-12-01;2025-12-01;HGBS11;CSHG Brasil Shopping;19.93;196804
2025-12-01;2025-12-01;HGCR11;CSHG Recebíveis Imobiliários;92.0;26974
2025-12-01;2025-12-01;HGLG11;CSHG Logística;160.4;56096
2025-12-01;2025-12-01;HGRE11;CSHG Real Estate;120.99;18323
2025-12-01;2025-12-01;HGRU11;CSHG Renda Urbana;126.71;34029
2025-12-01;2025-12-01;HSML11;HSI Malls;89.03;64674
2025-12-01;2025-12-01;KNCR11;Kinea Rendimentos Imobiliários;105.06;212060
2025-12-01;2025-12-01;KNIP11;Kinea Índices de Preços;87.42;158522
2025-12-01;2025-12-01;KNRI11;Kinea Renda Imobiliária;151.3;60066
2025-12-01;2025-12-01;KNSC11;Kinea Securities;8.58;1225583
2025-12-01;2025-12-01;MCCI11;Mauá Capital Recebíveis Imobiliários;88.01;35999
2025-12-01;2025-12-01;MXRF11;Maxi Renda;9.5;1748132
2025-12-01;2025-12-01;PCIP11;Patria Crédito Imobiliário (ex-CVBI11);82.25;23930
2025-12-01;2025-12-01;PVBI11;VBI Prime Properties;81.05;107174
2025-12-01;2025-12-01;RBRR11;RBR Rendimento High Grade;84.23;55805
2025-12-01;2025-12-01;RBRY11;RBR Alpha Multiestratégia;96.96;42123
2025-12-01;2025-12-01;RECR11;REC Recebíveis Imobiliários;80.48;36968
2025-12-01;2025-12-01;TGAR11;TG Ativo Real;86.25;64803
2025-12-01;2025-12-01;TRXF11;TRX Real Estate;100.35;91627
2025-12-01;2025-12-01;VISC11;Vinci Shopping Centers;109.1;58429
2025-12-01;2025-12-01;VRTA11;Fator Verità;76.36;34142
2025-12-01;2025-12-01;XPLG11;XP Log;103.47;40348
2025-12-01;2025-12-01;XPML11;XP Malls;107.34;257169
2025-12-02;2025-12-02;ALZR11;Alianza Trust Renda Imobiliária;10.7;201706
2025-12-02;2025-12-02;BCIA11;Brasil Capital Real Estate FoF;86.62;5015
2025-12-02;2025-12-02;BRCO11;Bresco Logística;116.71;35793
2025-12-02;2025-12-02;BTLG11;BTG Pactual Logística;103.5;109935
2025-12-02;2025-12-02;CPTS11;Capitânia Securities II;7.49;972842
2025-12-02;2025-12-02;GGRC11;GGR Covepi Renda;9.9;789996
2025-12-02;2025-12-02;HGBS11;CSHG Brasil Shopping;19.99;102297
2025-12-02;2025-12-02;HGCR11;CSHG Recebíveis Imobiliários;91.99;24484
2025-12-02;2025-12-02;HGLG11;CSHG Logística;158.03;107822
2025-12-02;2025-12-02;HGRE11;CSHG Real Estate;120.02;19743
2025-12-02;2025-12-02;HGRU11;CSHG Renda Urbana;126.95;34810
2025-12-02;2025-12-02;HSML11;HSI Malls;88.46;70556
2025-12-02;2025-12-02;KNCR11;Kinea Rendimentos Imobiliários;104.8;234097
2025-12-02;2025-12-02;KNIP11;Kinea Índices de Preços;88.4;110834
2025-12-02;2025-12-02;KNRI11;Kinea Renda Imobiliária;150.49;49406
2025-12-02;2025-12-02;KNSC11;Kinea Securities;8.53;1321204
2025-12-02;2025-12-02;MCCI11;Mauá Capital Recebíveis Imobiliários;88.48;72780
2025-12-02;2025-12-02;MXRF11;Maxi Renda;9.51;1462888
2025-12-02;2025-12-02;PCIP11;Patria Crédito Imobiliário (ex-CVBI11);82.03;21028
2025-12-02;2025-12-02;PVBI11;VBI Prime Properties;80.21;59039
2025-12-02;2025-12-02;RBRR11;RBR Rendimento High Grade;84.8;68619
2025-12-02;2025-12-02;RBRY11;RBR Alpha Multiestratégia;97.26;90012
2025-12-02;2025-12-02;RECR11;REC Recebíveis Imobiliários;80.83;47936
2025-12-02;2025-12-02;TGAR11;TG Ativo Real;85.81;106830
2025-12-02;2025-12-02;TRXF11;TRX Real Estate;100.3;82189
2025-12-02;2025-12-02;VISC11;Vinci Shopping Centers;108.99;39815
2025-12-02;2025-12-02;VRTA11;Fator Verità;77.25;29693
2025-12-02;2025-12-02;XPLG11;XP Log;103.64;31177
2025-12-02;2025-12-02;XPML11;XP Malls;107.88;100573
2025-12-03;2025-12-03;ALZR11;Alianza Trust Renda Imobiliária;10.71;127724
2025-12-03;2025-12-03;BCIA11;Brasil Capital Real Estate FoF;87.9;11811
2025-12-03;2025-12-03;BRCO11;Bresco Logística;116.4;32055
2025-12-03;2025-12-03;BTLG11;BTG Pactual Logística;103.42;98154
2025-12-03;2025-12-03;CPTS11;Capitânia Securities II;7.49;1714798
2025-12-03;2025-12-03;GGRC11;GGR Covepi Renda;9.87;818952
2025-12-03;2025-12-03;HGBS11;CSHG Brasil Shopping;19.99;120209
2025-12-03;2025-12-03;HGCR11;CSHG Recebíveis Imobiliários;92.99;21525
2025-12-03;2025-12-03;HGLG11;CSHG Logística;158.72;62877
2025-12-03;2025-12-03;HGRE11;CSHG Real Estate;121.25;18510
2025-12-03;2025-12-03;HGRU11;CSHG Renda Urbana;126.62;30700
2025-12-03;2025-12-03;HSML11;HSI Malls;88.72;29937
2025-12-03;2025-12-03;KNCR11;Kinea Rendimentos Imobiliários;104.67;95287
2025-12-03;2025-12-03;KNIP11;Kinea Índices de Preços;88.48;61717
2025-12-03;2025-12-03;KNRI11;Kinea Renda Imobiliária;149.84;33449
2025-12-03;2025-12-03;KNSC11;Kinea Securities;8.55;494130
2025-12-03;2025-12-03;MCCI11;Mauá Capital Recebíveis Imobiliários;88.14;32048
2025-12-03;2025-12-03;MXRF11;Maxi Renda;9.5;1549883
2025-12-03;2025-12-03;PCIP11;Patria Crédito Imobiliário (ex-CVBI11);82.67;24747
2025-12-03;2025-12-03;PVBI11;VBI Prime Properties;80.87;58024
2025-12-03;2025-12-03;RBRR11;RBR Rendimento High Grade;84.42;28238
2025-12-03;2025-12-03;RBRY11;RBR Alpha Multiestratégia;97.19;41011
2025-12-03;2025-12-03;RECR11;REC Recebíveis Imobiliários;80.04;40475
2025-12-03;2025-12-03;TGAR11;TG Ativo Real;85.68;54240
2025-12-03;2025-12-03;TRXF11;TRX Real Estate;100.18;95159
2025-12-03;2025-12-03;VISC11;Vinci Shopping Centers;108.55;35386
2025-12-03;2025-12-03;VRTA11;Fator Verità;76.83;19842
2025-12-03;2025-12-03;XPLG11;XP Log;103.68;24975
2025-12-03;2025-12-03;XPML11;XP Malls;107.32;98646
2025-12-04;2025-12-04;ALZR11;Alianza Trust Renda Imobiliária;10.72;156800
2025-12-04;2025-12-04;BCIA11;Brasil Capital Real Estate FoF;86.95;23564
2025-12-04;2025-12-04;BRCO11;Bresco Logística;116.4;16812
2025-12-04;2025-12-04;BTLG11;BTG Pactual Logística;103.42;116495
2025-12-04;2025-12-04;CPTS11;Capitânia Securities II;7.54;929538
2025-12-04;2025-12-04;GGRC11;GGR Covepi Renda;9.89;844562
2025-12-04;2025-12-04;HGBS11;CSHG Brasil Shopping;20.01;97275
2025-12-04;2025-12-04;HGCR11;CSHG Recebíveis Imobiliários;93.09;14597
2025-12-04;2025-12-04;HGLG11;CSHG Logística;159.09;41910
2025-12-04;2025-12-04;HGRE11;CSHG Real Estate;122.9;13981
2025-12-04;2025-12-04;HGRU11;CSHG Renda Urbana;126.6;28288
2025-12-04;2025-12-04;HSML11;HSI Malls;89.01;35365
2025-12-04;2025-12-04;KNCR11;Kinea Rendimentos Imobiliários;104.78;99312
2025-12-04;2025-12-04;KNIP11;Kinea Índices de Preços;88.88;63838
2025-12-04;2025-12-04;KNRI11;Kinea Renda Imobiliária;149.84;31712
2025-12-04;2025-12-04;KNSC11;Kinea Securities;8.59;411229
2025-12-04;2025-12-04;MCCI11;Mauá Capital Recebíveis Imobiliários;88.0;30721
2025-12-04;2025-12-04;MXRF11;Maxi Renda;9.51;1168544
2025-12-04;2025-12-04;PCIP11;Patria Crédito Imobiliário (ex-CVBI11);83.1;31947
2025-12-04;2025-12-04;PVBI11;VBI Prime Properties;80.71;44219
2025-12-04;2025-12-04;RBRR11;RBR Rendimento High Grade;84.74;28530
2025-12-04;2025-12-04;RBRY11;RBR Alpha Multiestratégia;97.31;36434
2025-12-04;2025-12-04;RECR11;REC Recebíveis Imobiliários;80.0;38066
2025-12-04;2025-12-04;TGAR11;TG Ativo Real;85.8;60559
2025-12-04;2025-12-04;TRXF11;TRX Real Estate;100.13;69492
2025-12-04;2025-12-04;VISC11;Vinci Shopping Centers;109.49;40249
2025-12-04;2025-12-04;VRTA11;Fator Verità;76.74;15989
2025-12-04;2025-12-04;XPLG11;XP Log;103.7;25747
2025-12-04;2025-12-04;XPML11;XP Malls;107.5;87412
2025-12-05;2025-12-05;ALZR11;Alianza Trust Renda Imobiliária;10.72;189008
2025-12-05;2025-12-05;BCIA11;Brasil Capital Real Estate FoF;86.99;6645
2025-12-05;2025-12-05;BRCO11;Bresco Logística;116.6;28560
2025-12-05;2025-12-05;BTLG11;BTG Pactual Logística;103.25;479113
2025-12-05;2025-12-05;CPTS11;Capitânia Securities II;7.55;919739
2025-12-05;2025-12-05;GGRC11;GGR Covepi Renda;9.84;944541
2025-12-05;2025-12-05;HGBS11;CSHG Brasil Shopping;19.99;440910
2025-12-05;2025-12-05;HGCR11;CSHG Recebíveis Imobiliários;93.6;26727
2025-12-05;2025-12-05;HGLG11;CSHG Logística;159.1;57197
2025-12-05;2025-12-05;HGRE11;CSHG Real Estate;122.99;9352
2025-12-05;2025-12-05;HGRU11;CSHG Renda Urbana;126.75;71135
2025-12-05;2025-12-05;HSML11;HSI Malls;88.46;27633
2025-12-05;2025-12-05;KNCR11;Kinea Rendimentos Imobiliários;104.6;119864
2025-12-05;2025-12-05;KNIP11;Kinea Índices de Preços;88.18;91614
2025-12-05;2025-12-05;KNRI11;Kinea Renda Imobiliária;149.8;32861
2025-12-05;2025-12-05;KNSC11;Kinea Securities;8.56;656829
2025-12-05;2025-12-05;MCCI11;Mauá Capital Recebíveis Imobiliários;87.99;176454
2025-12-05;2025-12-05;MXRF11;Maxi Renda;9.49;1755252
2025-12-05;2025-12-05;PCIP11;Patria Crédito Imobiliário (ex-CVBI11);83.99;62470
2025-12-05;2025-12-05;PVBI11;VBI Prime Properties;80.05;79287
2025-12-05;2025-12-05;RBRR11;RBR Rendimento High Grade;84.1;36775
2025-12-05;2025-12-05;RBRY11;RBR Alpha Multiestratégia;96.35;66335
2025-12-05;2025-12-05;RECR11;REC Recebíveis Imobiliários;79.25;49915
2025-12-05;2025-12-05;TGAR11;TG Ativo Real;86.14;85347
2025-12-05;2025-12-05;TRXF11;TRX Real Estate;100.0;112600
2025-12-05;2025-12-05;VISC11;Vinci Shopping Centers;110.35;67989
2025-12-05;2025-12-05;VRTA11;Fator Verità;76.91;13870
2025-12-05;2025-12-05;XPLG11;XP Log;103.82;39391
2025-12-05;2025-12-05;XPML11;XP Malls;106.45;378849
2025-12-08;2025-12-08;ALZR11;Alianza Trust Renda Imobiliária;10.74;202851
2025-12-08;2025-12-08;BCIA11;Brasil Capital Real Estate FoF;86.62;14175
2025-12-08;2025-12-08;BRCO11;Bresco Logística;116.1;30391
2025-12-08;2025-12-08;BTLG11;BTG Pactual Logística;103.06;173247
2025-12-08;2025-12-08;CPTS11;Capitânia Securities II;7.64;1111339
2025-12-08;2025-12-08;GGRC11;GGR Covepi Renda;9.87;847618
2025-12-08;2025-12-08;HGBS11;CSHG Brasil Shopping;20.0;81062
2025-12-08;2025-12-08;HGCR11;CSHG Recebíveis Imobiliários;93.01;111614
2025-12-08;2025-12-08;HGLG11;CSHG Logística;159.82;158741
2025-12-08;2025-12-08;HGRE11;CSHG Real Estate;123.35;14599
2025-12-08;2025-12-08;HGRU11;CSHG Renda Urbana;126.61;36147
2025-12-08;2025-12-08;HSML11;HSI Malls;88.38;100976
2025-12-08;2025-12-08;KNCR11;Kinea Rendimentos Imobiliários;104.78;154544
2025-12-08;2025-12-08;KNIP11;Kinea Índices de Preços;89.7;217559
2025-12-08;2025-12-08;KNRI11;Kinea Renda Imobiliária;149.94;30775
2025-12-08;2025-12-08;KNSC11;Kinea Securities;8.62;537244
2025-12-08;2025-12-08;MCCI11;Mauá Capital Recebíveis Imobiliários;87.98;31167
2025-12-08;2025-12-08;MXRF11;Maxi Renda;9.48;1495097
2025-12-08;2025-12-08;PCIP11;Patria Crédito Imobiliário (ex-CVBI11);82.28;135428
2025-12-08;2025-12-08;PVBI11;VBI Prime Properties;80.25;42853
2025-12-08;2025-12-08;RBRR11;RBR Rendimento High Grade;84.04;35916
2025-12-08;2025-12-08;RBRY11;RBR Alpha Multiestratégia;97.17;47364
2025-12-08;2025-12-08;RECR11;REC Recebíveis Imobiliários;77.89;36732
2025-12-08;2025-12-08;TGAR11;TG Ativo Real;86.13;57800
2025-12-08;2025-12-08;TRXF11;TRX Real Estate;100.05;114998
2025-12-08;2025-12-08;VISC11;Vinci Shopping Centers;110.86;69342
2025-12-08;2025-12-08;VRTA11;Fator Verità;76.58;15367
2025-12-08;2025-12-08;XPLG11;XP Log;103.21;29599
2025-12-08;2025-12-08;XPML11;XP Malls;107.04;118718
2025-12-09;2025-12-09;ALZR11;Alianza Trust Renda Imobiliária;10.78;191023
2025-12-09;2025-12-09;BCIA11;Brasil Capital Real Estate FoF;86.11;12121
2025-12-09;2025-12-09;BRCO11;Bresco Logística;116.25;35397
2025-12-09;2025-12-09;BTLG11;BTG Pactual Logística;102.68;174739
2025-12-09;2025-12-09;CPTS11;Capitânia Securities II;7.62;2644320
2025-12-09;2025-12-09;GGRC11;GGR Covepi Renda;9.8;1195429
2025-12-09;2025-12-09;HGBS11;CSHG Brasil Shopping;20.04;95910
2025-12-09;2025-12-09;HGCR11;CSHG Recebíveis Imobiliários;93.89;79207
2025-12-09;2025-12-09;HGLG11;CSHG Logística;159.03;81542
2025-12-09;2025-12-09;HGRE11;CSHG Real Estate;122.86;8029
2025-12-09;2025-12-09;HGRU11;CSHG Renda Urbana;126.8;40069
2025-12-09;2025-12-09;HSML11;HSI Malls;88.33;50912
2025-12-09;2025-12-09;KNCR11;Kinea Rendimentos Imobiliários;104.89;135273
2025-12-09;2025-12-09;KNIP11;Kinea Índices de Preços;89.81;114309
2025-12-09;2025-12-09;KNRI11;Kinea Renda Imobiliária;149.46;26553
2025-12-09;2025-12-09;KNSC11;Kinea Securities;8.61;573114
2025-12-09;2025-12-09;MCCI11;Mauá Capital Recebíveis Imobiliários;87.93;24029
2025-12-09;2025-12-09;MXRF11;Maxi Renda;9.5;1690036
2025-12-09;2025-12-09;PCIP11;Patria Crédito Imobiliário (ex-CVBI11);81.59;46807
2025-12-09;2025-12-09;PVBI11;VBI Prime Properties;79.2;56202
2025-12-09;2025-12-09;RBRR11;RBR Rendimento High Grade;84.02;35054
2025-12-09;2025-12-09;RBRY11;RBR Alpha Multiestratégia;96.55;54666
2025-12-09;2025-12-09;RECR11;REC Recebíveis Imobiliários;77.8;33005
2025-12-09;2025-12-09;TGAR11;TG Ativo Real;86.1;56295
2025-12-09;2025-12-09;TRXF11;TRX Real Estate;99.95;104159
2025-12-09;2025-12-09;VISC11;Vinci Shopping Centers;110.43;47519
2025-12-09;2025-12-09;VRTA11;Fator Verità;76.55;13010
2025-12-09;2025-12-09;XPLG11;XP Log;103.31;29480
2025-12-09;2025-12-09;XPML11;XP Malls;106.9;154348
2025-12-10;2025-12-10;ALZR11;Alianza Trust Renda Imobiliária;10.79;155113
2025-12-10;2025-12-10;BCIA11;Brasil Capital Real Estate FoF;85.98;10447
2025-12-10;2025-12-10;BRCO11;Bresco Logística;116.57;36570
2025-12-10;2025-12-10;BTLG11;BTG Pactual Logística;102.9;203370
2025-12-10;2025-12-10;CPTS11;Capitânia Securities II;7.62;1126288
2025-12-10;2025-12-10;GGRC11;GGR Covepi Renda;9.81;764062
2025-12-10;2025-12-10;HGBS11;CSHG Brasil Shopping;20.08;83639
2025-12-10;2025-12-10;HGCR11;CSHG Recebíveis Imobiliários;93.97;63366
2025-12-10;2025-12-10;HGLG11;CSHG Logística;158.35;92347
2025-12-10;2025-12-10;HGRE11;CSHG Real Estate;122.91;8700
2025-12-10;2025-12-10;HGRU11;CSHG Renda Urbana;127.15;23560
2025-12-10;2025-12-10;HSML11;HSI Malls;88.59;49350
2025-12-10;2025-12-10;KNCR11;Kinea Rendimentos Imobiliários;104.75;106011
2025-12-10;2025-12-10;KNIP11;Kinea Índices de Preços;88.88;84852
2025-12-10;2025-12-10;KNRI11;Kinea Renda Imobiliária;149.48;26353
2025-12-10;2025-12-10;KNSC11;Kinea Securities;8.64;393721
2025-12-10;2025-12-10;MCCI11;Mauá Capital Recebíveis Imobiliários;87.85;52597
2025-12-10;2025-12-10;MXRF11;Maxi Renda;9.48;1203087
2025-12-10;2025-12-10;PCIP11;Patria Crédito Imobiliário (ex-CVBI11);81.57;40676
2025-12-10;2025-12-10;PVBI11;VBI Prime Properties;80.08;55761
2025-12-10;2025-12-10;RBRR11;RBR Rendimento High Grade;82.99;42013
2025-12-10;2025-12-10;RBRY11;RBR Alpha Multiestratégia;95.0;69500
2025-12-10;2025-12-10;RECR11;REC Recebíveis Imobiliários;77.86;27980
2025-12-10;2025-12-10;TGAR11;TG Ativo Real;87.99;73827
2025-12-10;2025-12-10;TRXF11;TRX Real Estate;99.79;115161
2025-12-10;2025-12-10;VISC11;Vinci Shopping Centers;109.6;45651
2025-12-10;2025-12-10;VRTA11;Fator Verità;76.7;13640
2025-12-10;2025-12-10;XPLG11;XP Log;103.55;26329
2025-12-10;2025-12-10;XPML11;XP Malls;106.95;101225
2025-12-11;2025-12-11;ALZR11;Alianza Trust Renda Imobiliária;10.76;170746
2025-12-11;2025-12-11;BCIA11;Brasil Capital Real Estate FoF;85.88;6438
2025-12-11;2025-12-11;BRCO11;Bresco Logística;116.47;23128
2025-12-11;2025-12-11;BTLG11;BTG Pactual Logística;102.9;179555
2025-12-11;2025-12-11;CPTS11;Capitânia Securities II;7.5;1125435
2025-12-11;2025-12-11;GGRC11;GGR Covepi Renda;9.79;996514
2025-12-11;2025-12-11;HGBS11;CSHG Brasil Shopping;19.95;121172
2025-12-11;2025-12-11;HGCR11;CSHG Recebíveis Imobiliários;94.67;34211
2025-12-11;2025-12-11;HGLG11;CSHG Logística;158.29;70630
2025-12-11;2025-12-11;HGRE11;CSHG Real Estate;123.48;11835
2025-12-11;2025-12-11;HGRU11;CSHG Renda Urbana;127.15;28493
2025-12-11;2025-12-11;HSML11;HSI Malls;88.0;64515
2025-12-11;2025-12-11;KNCR11;Kinea Rendimentos Imobiliários;105.25;111395
2025-12-11;2025-12-11;KNIP11;Kinea Índices de Preços;89.72;96335
2025-12-11;2025-12-11;KNRI11;Kinea Renda Imobiliária;149.43;25899
2025-12-11;2025-12-11;KNSC11;Kinea Securities;8.65;565459
2025-12-11;2025-12-11;MCCI11;Mauá Capital Recebíveis Imobiliários;87.75;30644
2025-12-11;2025-12-11;MXRF11;Maxi Renda;9.49;1173537
2025-12-11;2025-12-11;PCIP11;Patria Crédito Imobiliário (ex-CVBI11);82.01;28335
2025-12-11;2025-12-11;PVBI11;VBI Prime Properties;79.01;76106
2025-12-11;2025-12-11;RBRR11;RBR Rendimento High Grade;82.61;65753
2025-12-11;2025-12-11;RBRY11;RBR Alpha Multiestratégia;94.85;51156
2025-12-11;2025-12-11;RECR11;REC Recebíveis Imobiliários;77.82;31533
2025-12-11;2025-12-11;TGAR11;TG Ativo Real;86.92;39353
2025-12-11;2025-12-11;TRXF11;TRX Real Estate;99.54;109223
2025-12-11;2025-12-11;VISC11;Vinci Shopping Centers;109.55;36287
2025-12-11;2025-12-11;VRTA11;Fator Verità;77.02;15237
2025-12-11;2025-12-11;XPLG11;XP Log;103.0;28051
2025-12-11;2025-12-11;XPML11;XP Malls;106.7;115119
2025-12-12;2025-12-12;ALZR11;Alianza Trust Renda Imobiliária;10.82;246132
2025-12-12;2025-12-12;BCIA11;Brasil Capital Real Estate FoF;86.69;4078
2025-12-12;2025-12-12;BRCO11;Bresco Logística;116.59;30840
2025-12-12;2025-12-12;BTLG11;BTG Pactual Logística;102.49;171915
2025-12-12;2025-12-12;CPTS11;Capitânia Securities II;7.51;612980
2025-12-12;2025-12-12;GGRC11;GGR Covepi Renda;9.79;1070289
2025-12-12;2025-12-12;HGBS11;CSHG Brasil Shopping;20.08;97368
2025-12-12;2025-12-12;HGCR11;CSHG Recebíveis Imobiliários;94.75;35805
2025-12-12;2025-12-12;HGLG11;CSHG Logística;157.88;231063
2025-12-12;2025-12-12;HGRE11;CSHG Real Estate;124.04;10541
2025-12-12;2025-12-12;HGRU11;CSHG Renda Urbana;127.0;41842
2025-12-12;2025-12-12;HSML11;HSI Malls;88.07;43306
2025-12-12;2025-12-12;KNCR11;Kinea Rendimentos Imobiliários;105.48;109311
2025-12-12;2025-12-12;KNIP11;Kinea Índices de Preços;89.55;101242
2025-12-12;2025-12-12;KNRI11;Kinea Renda Imobiliária;148.85;46593
2025-12-12;2025-12-12;KNSC11;Kinea Securities;8.65;585383
2025-12-12;2025-12-12;MCCI11;Mauá Capital Recebíveis Imobiliários;88.02;36201
2025-12-12;2025-12-12;MXRF11;Maxi Renda;9.53;1410674
2025-12-12;2025-12-12;PCIP11;Patria Crédito Imobiliário (ex-CVBI11);82.57;47236
2025-12-12;2025-12-12;PVBI11;VBI Prime Properties;79.1;54848
2025-12-12;2025-12-12;RBRR11;RBR Rendimento High Grade;82.01;57166
2025-12-12;2025-12-12;RBRY11;RBR Alpha Multiestratégia;94.5;57824
2025-12-12;2025-12-12;RECR11;REC Recebíveis Imobiliários;78.5;30540
2025-12-12;2025-12-12;TGAR11;TG Ativo Real;87.32;45675
2025-12-12;2025-12-12;TRXF11;TRX Real Estate;99.39;137499
2025-12-12;2025-12-12;VISC11;Vinci Shopping Centers;109.9;45948
2025-12-12;2025-12-12;VRTA11;Fator Verità;76.8;12500
2025-12-12;2025-12-12;XPLG11;XP Log;103.13;55930
2025-12-12;2025-12-12;XPML11;XP Malls;106.86;489440
2025-12-15;2025-12-15;ALZR11;Alianza Trust Renda Imobiliária;10.73;300154
2025-12-15;2025-12-15;BCIA11;Brasil Capital Real Estate FoF;87.19;2436
2025-12-15;2025-12-15;BRCO11;Bresco Logística;117.1;37271
2025-12-15;2025-12-15;BTLG11;BTG Pactual Logística;102.4;180417
2025-12-15;2025-12-15;CPTS11;Capitânia Securities II;7.52;591253
2025-12-15;2025-12-15;GGRC11;GGR Covepi Renda;9.78;1100891
2025-12-15;2025-12-15;HGBS11;CSHG Brasil Shopping;20.05;184700
2025-12-15;2025-12-15;HGCR11;CSHG Recebíveis Imobiliários;94.74;24962
2025-12-15;2025-12-15;HGLG11;CSHG Logística;156.31;170193
2025-12-15;2025-12-15;HGRE11;CSHG Real Estate;124.04;24855
2025-12-15;2025-12-15;HGRU11;CSHG Renda Urbana;127.49;42919
2025-12-15;2025-12-15;HSML11;HSI Malls;88.06;47239
2025-12-15;2025-12-15;KNCR11;Kinea Rendimentos Imobiliários;105.57;137316
2025-12-15;2025-12-15;KNIP11;Kinea Índices de Preços;89.88;97681
2025-12-15;2025-12-15;KNRI11;Kinea Renda Imobiliária;149.28;55221
2025-12-15;2025-12-15;KNSC11;Kinea Securities;8.65;614543
2025-12-15;2025-12-15;MCCI11;Mauá Capital Recebíveis Imobiliários;87.9;79928
2025-12-15;2025-12-15;MXRF11;Maxi Renda;9.51;1785339
2025-12-15;2025-12-15;PCIP11;Patria Crédito Imobiliário (ex-CVBI11);83.5;34960
2025-12-15;2025-12-15;PVBI11;VBI Prime Properties;80.0;68824
2025-12-15;2025-12-15;RBRR11;RBR Rendimento High Grade;82.2;45187
2025-12-15;2025-12-15;RBRY11;RBR Alpha Multiestratégia;94.59;70504
2025-12-15;2025-12-15;RECR11;REC Recebíveis Imobiliários;78.96;33745
2025-12-15;2025-12-15;TGAR11;TG Ativo Real;87.4;49500
2025-12-15;2025-12-15;TRXF11;TRX Real Estate;98.99;165535
2025-12-15;2025-12-15;VISC11;Vinci Shopping Centers;109.87;57502
2025-12-15;2025-12-15;VRTA11;Fator Verità;77.05;20554
2025-12-15;2025-12-15;XPLG11;XP Log;102.8;63036
2025-12-15;2025-12-15;XPML11;XP Malls;107.45;163983
2025-12-16;2025-12-16;ALZR11;Alianza Trust Renda Imobiliária;10.75;181905
2025-12-16;2025-12-16;BCIA11;Brasil Capital Real Estate FoF;86.96;5322
2025-12-16;2025-12-16;BRCO11;Bresco Logística;118.57;34683
2025-12-16;2025-12-16;BTLG11;BTG Pactual Logística;102.0;134839
2025-12-16;2025-12-16;CPTS11;Capitânia Securities II;7.53;628124
2025-12-16;2025-12-16;GGRC11;GGR Covepi Renda;9.77;887032
2025-12-16;2025-12-16;HGBS11;CSHG Brasil Shopping;20.14;122969
2025-12-16;2025-12-16;HGCR11;CSHG Recebíveis Imobiliários;95.43;33528
2025-12-16;2025-12-16;HGLG11;CSHG Logística;156.31;133395
2025-12-16;2025-12-16;HGRE11;CSHG Real Estate;124.93;10895
2025-12-16;2025-12-16;HGRU11;CSHG Renda Urbana;126.97;45048
2025-12-16;2025-12-16;HSML11;HSI Malls;89.67;45939
2025-12-16;2025-12-16;KNCR11;Kinea Rendimentos Imobiliários;105.72;109882
2025-12-16;2025-12-16;KNIP11;Kinea Índices de Preços;89.61;107828
2025-12-16;2025-12-16;KNRI11;Kinea Renda Imobiliária;149.09;39529
2025-12-16;2025-12-16;KNSC11;Kinea Securities;8.63;734007
2025-12-16;2025-12-16;MCCI11;Mauá Capital Recebíveis Imobiliários;88.4;48636
2025-12-16;2025-12-16;MXRF11;Maxi Renda;9.48;1762014
2025-12-16;2025-12-16;PCIP11;Patria Crédito Imobiliário (ex-CVBI11);82.98;33001
2025-12-16;2025-12-16;PVBI11;VBI Prime Properties;79.31;67580
2025-12-16;2025-12-16;RBRR11;RBR Rendimento High Grade;82.5;41042
2025-12-16;2025-12-16;RBRY11;RBR Alpha Multiestratégia;94.74;57701
2025-12-16;2025-12-16;RECR11;REC Recebíveis Imobiliários;79.0;28389
2025-12-16;2025-12-16;TGAR11;TG Ativo Real;87.78;52647
2025-12-16;2025-12-16;TRXF11;TRX Real Estate;98.71;130173
2025-12-16;2025-12-16;VISC11;Vinci Shopping Centers;109.7;49375
2025-12-16;2025-12-16;VRTA11;Fator Verità;78.17;18661
2025-12-16;2025-12-16;XPLG11;XP Log;102.88;38646
2025-12-16;2025-12-16;XPML11;XP Malls;107.13;118845
2025-12-17;2025-12-17;ALZR11;Alianza Trust Renda Imobiliária;10.71;252369
2025-12-17;2025-12-17;BCIA11;Brasil Capital Real Estate FoF;86.99;11546
2025-12-17;2025-12-17;BRCO11;Bresco Logística;116.77;36589
2025-12-17;2025-12-17;BTLG11;BTG Pactual Logística;101.5;136252
2025-12-17;2025-12-17;CPTS11;Capitânia Securities II;7.52;648262
2025-12-17;2025-12-17;GGRC11;GGR Covepi Renda;9.76;933270
2025-12-17;2025-12-17;HGBS11;CSHG Brasil Shopping;20.02;96720
2025-12-17;2025-12-17;HGCR11;CSHG Recebíveis Imobiliários;94.93;26805
2025-12-17;2025-12-17;HGLG11;CSHG Logística;156.3;75374
2025-12-17;2025-12-17;HGRE11;CSHG Real Estate;125.25;13048
2025-12-17;2025-12-17;HGRU11;CSHG Renda Urbana;126.7;32205
2025-12-17;2025-12-17;HSML11;HSI Malls;89.05;31016
2025-12-17;2025-12-17;KNCR11;Kinea Rendimentos Imobiliários;105.34;126083
2025-12-17;2025-12-17;KNIP11;Kinea Índices de Preços;89.79;74144
2025-12-17;2025-12-17;KNRI11;Kinea Renda Imobiliária;150.0;28036
2025-12-17;2025-12-17;KNSC11;Kinea Securities;8.58;761913
2025-12-17;2025-12-17;MCCI11;Mauá Capital Recebíveis Imobiliários;88.5;89477
2025-12-17;2025-12-17;MXRF11;Maxi Renda;9.47;1995756
2025-12-17;2025-12-17;PCIP11;Patria Crédito Imobiliário (ex-CVBI11);82.96;35985
2025-12-17;2025-12-17;PVBI11;VBI Prime Properties;79.0;53808
2025-12-17;2025-12-17;RBRR11;RBR Rendimento High Grade;82.1;58435
2025-12-17;2025-12-17;RBRY11;RBR Alpha Multiestratégia;94.68;60140
2025-12-17;2025-12-17;RECR11;REC Recebíveis Imobiliários;78.5;43943
2025-12-17;2025-12-17;TGAR11;TG Ativo Real;87.31;45362
2025-12-17;2025-12-17;TRXF11;TRX Real Estate;97.41;213840
2025-12-17;2025-12-17;VISC11;Vinci Shopping Centers;109.1;67135
2025-12-17;2025-12-17;VRTA11;Fator Verità;78.3;15071
2025-12-17;2025-12-17;XPLG11;XP Log;103.13;37391
2025-12-17;2025-12-17;XPML11;XP Malls;106.26;171146
2025-12-18;2025-12-18;ALZR11;Alianza Trust Renda Imobiliária;10.72;204799
2025-12-18;2025-12-18;BCIA11;Brasil Capital Real Estate FoF;86.69;8097
2025-12-18;2025-12-18;BRCO11;Bresco Logística;117.0;49015
2025-12-18;2025-12-18;BTLG11;BTG Pactual Logística;101.55;643818
2025-12-18;2025-12-18;CPTS11;Capitânia Securities II;7.49;456576
2025-12-18;2025-12-18;GGRC11;GGR Covepi Renda;9.75;985202
2025-12-18;2025-12-18;HGBS11;CSHG Brasil Shopping;20.04;168294
2025-12-18;2025-12-18;HGCR11;CSHG Recebíveis Imobiliários;95.0;23107
2025-12-18;2025-12-18;HGLG11;CSHG Logística;156.02;113719
2025-12-18;2025-12-18;HGRE11;CSHG Real Estate;125.19;14717
2025-12-18;2025-12-18;HGRU11;CSHG Renda Urbana;125.82;52678
2025-12-18;2025-12-18;HSML11;HSI Malls;89.41;25244
2025-12-18;2025-12-18;KNCR11;Kinea Rendimentos Imobiliários;105.58;125991
2025-12-18;2025-12-18;KNIP11;Kinea Índices de Preços;90.0;162773
2025-12-18;2025-12-18;KNRI11;Kinea Renda Imobiliária;150.4;35003
2025-12-18;2025-12-18;KNSC11;Kinea Securities;8.65;472444
2025-12-18;2025-12-18;MCCI11;Mauá Capital Recebíveis Imobiliários;88.81;35144
2025-12-18;2025-12-18;MXRF11;Maxi Renda;9.49;1169265
2025-12-18;2025-12-18;PCIP11;Patria Crédito Imobiliário (ex-CVBI11);82.87;19978
2025-12-18;2025-12-18;PVBI11;VBI Prime Properties;78.9;56728
2025-12-18;2025-12-18;RBRR11;RBR Rendimento High Grade;82.58;41511
2025-12-18;2025-12-18;RBRY11;RBR Alpha Multiestratégia;94.73;34513
2025-12-18;2025-12-18;RECR11;REC Recebíveis Imobiliários;80.5;56455
2025-12-18;2025-12-18;TGAR11;TG Ativo Real;88.0;52819
2025-12-18;2025-12-18;TRXF11;TRX Real Estate;97.37;279011
2025-12-18;2025-12-18;VISC11;Vinci Shopping Centers;109.45;57826
2025-12-18;2025-12-18;VRTA11;Fator Verità;77.94;12875
2025-12-18;2025-12-18;XPLG11;XP Log;104.0;57246
2025-12-18;2025-12-18;XPML11;XP Malls;106.86;135205
2025-12-19;2025-12-19;ALZR11;Alianza Trust Renda Imobiliária;10.62;824589
2025-12-19;2025-12-19;BCIA11;Brasil Capital Real Estate FoF;86.82;6392
2025-12-19;2025-12-19;BRCO11;Bresco Logística;116.22;58006
2025-12-19;2025-12-19;BTLG11;BTG Pactual Logística;101.49;304124
2025-12-19;2025-12-19;CPTS11;Capitânia Securities II;7.52;939813
2025-12-19;2025-12-19;GGRC11;GGR Covepi Renda;9.75;951287
2025-12-19;2025-12-19;HGBS11;CSHG Brasil Shopping;20.28;146660
2025-12-19;2025-12-19;HGCR11;CSHG Recebíveis Imobiliários;95.47;41828
2025-12-19;2025-12-19;HGLG11;CSHG Logística;157.6;99496
2025-12-19;2025-12-19;HGRE11;CSHG Real Estate;124.01;18845
2025-12-19;2025-12-19;HGRU11;CSHG Renda Urbana;125.3;78968
2025-12-19;2025-12-19;HSML11;HSI Malls;89.96;28643
2025-12-19;2025-12-19;KNCR11;Kinea Rendimentos Imobiliários;105.13;206966
2025-12-19;2025-12-19;KNIP11;Kinea Índices de Preços;90.98;318496
2025-12-19;2025-12-19;KNRI11;Kinea Renda Imobiliária;151.77;47825
2025-12-19;2025-12-19;KNSC11;Kinea Securities;8.64;717016
2025-12-19;2025-12-19;MCCI11;Mauá Capital Recebíveis Imobiliários;88.12;91800
2025-12-19;2025-12-19;MXRF11;Maxi Renda;9.6;2303778
2025-12-19;2025-12-19;PCIP11;Patria Crédito Imobiliário (ex-CVBI11);84.25;67749
2025-12-19;2025-12-19;PVBI11;VBI Prime Properties;80.01;70249
2025-12-19;2025-12-19;RBRR11;RBR Rendimento High Grade;82.66;69172
2025-12-19;2025-12-19;RBRY11;RBR Alpha Multiestratégia;95.15;203718
2025-12-19;2025-12-19;RECR11;REC Recebíveis Imobiliários;81.04;52125
2025-12-19;2025-12-19;TGAR11;TG Ativo Real;88.98;99092
2025-12-19;2025-12-19;TRXF11;TRX Real Estate;93.75;1041499
2025-12-19;2025-12-19;VISC11;Vinci Shopping Centers;108.0;262887
2025-12-19;2025-12-19;VRTA11;Fator Verità;79.43;17635
2025-12-19;2025-12-19;XPLG11;XP Log;104.91;63118
2025-12-19;2025-12-19;XPML11;XP Malls;107.69;155148
2025-12-22;2025-12-22;ALZR11;Alianza Trust Renda Imobiliária;10.69;248005
2025-12-22;2025-12-22;BCIA11;Brasil Capital Real Estate FoF;88.72;7640
2025-12-22;2025-12-22;BRCO11;Bresco Logística;118.4;47085
2025-12-22;2025-12-22;BTLG11;BTG Pactual Logística;101.98;183745
2025-12-22;2025-12-22;CPTS11;Capitânia Securities II;7.58;764505
2025-12-22;2025-12-22;GGRC11;GGR Covepi Renda;9.75;1172824
2025-12-22;2025-12-22;HGBS11;CSHG Brasil Shopping;20.37;126470
2025-12-22;2025-12-22;HGCR11;CSHG Recebíveis Imobiliários;95.83;32260
2025-12-22;2025-12-22;HGLG11;CSHG Logística;158.2;124944
2025-12-22;2025-12-22;HGRE11;CSHG Real Estate;124.76;16886
2025-12-22;2025-12-22;HGRU11;CSHG Renda Urbana;126.45;51985
2025-12-22;2025-12-22;HSML11;HSI Malls;90.58;49691
2025-12-22;2025-12-22;KNCR11;Kinea Rendimentos Imobiliários;106.75;145401
2025-12-22;2025-12-22;KNIP11;Kinea Índices de Preços;91.74;292864
2025-12-22;2025-12-22;KNRI11;Kinea Renda Imobiliária;152.69;39680
2025-12-22;2025-12-22;KNSC11;Kinea Securities;8.66;879142
2025-12-22;2025-12-22;MCCI11;Mauá Capital Recebíveis Imobiliários;88.13;57175
2025-12-22;2025-12-22;MXRF11;Maxi Renda;9.56;1994839
2025-12-22;2025-12-22;PCIP11;Patria Crédito Imobiliário (ex-CVBI11);83.95;49473
2025-12-22;2025-12-22;PVBI11;VBI Prime Properties;80.99;48115
2025-12-22;2025-12-22;RBRR11;RBR Rendimento High Grade;84.01;61888
2025-12-22;2025-12-22;RBRY11;RBR Alpha Multiestratégia;95.44;78120
2025-12-22;2025-12-22;RECR11;REC Recebíveis Imobiliários;81.16;34608
2025-12-22;2025-12-22;TGAR11;TG Ativo Real;89.26;71971
2025-12-22;2025-12-22;TRXF11;TRX Real Estate;96.4;490764
2025-12-22;2025-12-22;VISC11;Vinci Shopping Centers;108.9;75747
2025-12-22;2025-12-22;VRTA11;Fator Verità;79.94;21591
2025-12-22;2025-12-22;XPLG11;XP Log;104.93;48009
2025-12-22;2025-12-22;XPML11;XP Malls;108.21;136402
2025-12-23;2025-12-23;ALZR11;Alianza Trust Renda Imobiliária;10.77;156552
2025-12-23;2025-12-23;BCIA11;Brasil Capital Real Estate FoF;88.91;8312
2025-12-23;2025-12-23;BRCO11;Bresco Logística;118.92;36466
2025-12-23;2025-12-23;BTLG11;BTG Pactual Logística;102.11;170284
2025-12-23;2025-12-23;CPTS11;Capitânia Securities II;7.6;997332
2025-12-23;2025-12-23;GGRC11;GGR Covepi Renda;9.78;1160465
2025-12-23;2025-12-23;HGBS11;CSHG Brasil Shopping;19.96;1138563
2025-12-23;2025-12-23;HGCR11;CSHG Recebíveis Imobiliários;97.32;48104
2025-12-23;2025-12-23;HGLG11;CSHG Logística;158.5;91761
2025-12-23;2025-12-23;HGRE11;CSHG Real Estate;124.99;18088
2025-12-23;2025-12-23;HGRU11;CSHG Renda Urbana;126.5;63371
2025-12-23;2025-12-23;HSML11;HSI Malls;90.31;34325
2025-12-23;2025-12-23;KNCR11;Kinea Rendimentos Imobiliários;106.55;175158
2025-12-23;2025-12-23;KNIP11;Kinea Índices de Preços;92.1;295739
2025-12-23;2025-12-23;KNRI11;Kinea Renda Imobiliária;156.08;39481
2025-12-23;2025-12-23;KNSC11;Kinea Securities;8.73;830755
2025-12-23;2025-12-23;MCCI11;Mauá Capital Recebíveis Imobiliários;90.15;47995
2025-12-23;2025-12-23;MXRF11;Maxi Renda;9.53;2210520
2025-12-23;2025-12-23;PCIP11;Patria Crédito Imobiliário (ex-CVBI11);84.43;35983
2025-12-23;2025-12-23;PVBI11;VBI Prime Properties;81.46;47666
2025-12-23;2025-12-23;RBRR11;RBR Rendimento High Grade;86.27;54698
2025-12-23;2025-12-23;RBRY11;RBR Alpha Multiestratégia;96.89;65635
2025-12-23;2025-12-23;RECR11;REC Recebíveis Imobiliários;81.83;37904
2025-12-23;2025-12-23;TGAR11;TG Ativo Real;92.0;71115
2025-12-23;2025-12-23;TRXF11;TRX Real Estate;96.71;283893
2025-12-23;2025-12-23;VISC11;Vinci Shopping Centers;110.38;70841
2025-12-23;2025-12-23;VRTA11;Fator Verità;80.77;20453
2025-12-23;2025-12-23;XPLG11;XP Log;105.18;29616
2025-12-23;2025-12-23;XPML11;XP Malls;108.9;139850
2025-12-26;2025-12-26;ALZR11;Alianza Trust Renda Imobiliária;10.75;191453
2025-12-26;2025-12-26;BCIA11;Brasil Capital Real Estate FoF;89.2;8273
2025-12-26;2025-12-26;BRCO11;Bresco Logística;118.68;42083
2025-12-26;2025-12-26;BTLG11;BTG Pactual Logística;103.0;172429
2025-12-26;2025-12-26;CPTS11;Capitânia Securities II;7.62;599901
2025-12-26;2025-12-26;GGRC11;GGR Covepi Renda;9.87;1112843
2025-12-26;2025-12-26;HGBS11;CSHG Brasil Shopping;20.0;218940
2025-12-26;2025-12-26;HGCR11;CSHG Recebíveis Imobiliários;97.83;29390
2025-12-26;2025-12-26;HGLG11;CSHG Logística;157.85;171415
2025-12-26;2025-12-26;HGRE11;CSHG Real Estate;126.5;19384
2025-12-26;2025-12-26;HGRU11;CSHG Renda Urbana;126.21;73241
2025-12-26;2025-12-26;HSML11;HSI Malls;92.47;42553
2025-12-26;2025-12-26;KNCR11;Kinea Rendimentos Imobiliários;107.26;162713
2025-12-26;2025-12-26;KNIP11;Kinea Índices de Preços;91.59;88209
2025-12-26;2025-12-26;KNRI11;Kinea Renda Imobiliária;159.1;119393
2025-12-26;2025-12-26;KNSC11;Kinea Securities;8.8;714605
2025-12-26;2025-12-26;MCCI11;Mauá Capital Recebíveis Imobiliários;91.7;38563
2025-12-26;2025-12-26;MXRF11;Maxi Renda;9.54;2090035
2025-12-26;2025-12-26;PCIP11;Patria Crédito Imobiliário (ex-CVBI11);84.15;27755
2025-12-26;2025-12-26;PVBI11;VBI Prime Properties;83.75;45269
2025-12-26;2025-12-26;RBRR11;RBR Rendimento High Grade;87.35;48916
2025-12-26;2025-12-26;RBRY11;RBR Alpha Multiestratégia;98.01;32575
2025-12-26;2025-12-26;RECR11;REC Recebíveis Imobiliários;81.95;37158
2025-12-26;2025-12-26;TGAR11;TG Ativo Real;92.6;56044
2025-12-26;2025-12-26;TRXF11;TRX Real Estate;97.38;255117
2025-12-26;2025-12-26;VISC11;Vinci Shopping Centers;111.5;78028
2025-12-26;2025-12-26;VRTA11;Fator Verità;81.5;22769
2025-12-26;2025-12-26;XPLG11;XP Log;105.45;48450
2025-12-26;2025-12-26;XPML11;XP Malls;108.18;153520
2025-12-29;2025-12-29;ALZR11;Alianza Trust Renda Imobiliária;10.72;171871
2025-12-29;2025-12-29;BCIA11;Brasil Capital Real Estate FoF;88.65;7790
2025-12-29;2025-12-29;BRCO11;Bresco Logística;118.23;38910
2025-12-29;2025-12-29;BTLG11;BTG Pactual Logística;103.1;134145
2025-12-29;2025-12-29;CPTS11;Capitânia Securities II;7.7;630607
2025-12-29;2025-12-29;GGRC11;GGR Covepi Renda;9.88;1087144
2025-12-29;2025-12-29;HGBS11;CSHG Brasil Shopping;20.02;154401
2025-12-29;2025-12-29;HGCR11;CSHG Recebíveis Imobiliários;98.1;29041
2025-12-29;2025-12-29;HGLG11;CSHG Logística;157.4;118066
2025-12-29;2025-12-29;HGRE11;CSHG Real Estate;126.2;17741
2025-12-29;2025-12-29;HGRU11;CSHG Renda Urbana;126.39;50552
2025-12-29;2025-12-29;HSML11;HSI Malls;91.5;33062
2025-12-29;2025-12-29;KNCR11;Kinea Rendimentos Imobiliários;107.28;179224
2025-12-29;2025-12-29;KNIP11;Kinea Índices de Preços;90.81;195234
2025-12-29;2025-12-29;KNRI11;Kinea Renda Imobiliária;158.82;37224
2025-12-29;2025-12-29;KNSC11;Kinea Securities;8.83;749727
2025-12-29;2025-12-29;MCCI11;Mauá Capital Recebíveis Imobiliários;91.3;50525
2025-12-29;2025-12-29;MXRF11;Maxi Renda;9.55;2504574
2025-12-29;2025-12-29;PCIP11;Patria Crédito Imobiliário (ex-CVBI11);83.64;69140
2025-12-29;2025-12-29;PVBI11;VBI Prime Properties;82.11;52576
2025-12-29;2025-12-29;RBRR11;RBR Rendimento High Grade;87.45;57091
2025-12-29;2025-12-29;RBRY11;RBR Alpha Multiestratégia;97.76;34776
2025-12-29;2025-12-29;RECR11;REC Recebíveis Imobiliários;81.95;34569
2025-12-29;2025-12-29;TGAR11;TG Ativo Real;93.0;52230
2025-12-29;2025-12-29;TRXF11;TRX Real Estate;97.7;222954
2025-12-29;2025-12-29;VISC11;Vinci Shopping Centers;110.43;61031
2025-12-29;2025-12-29;VRTA11;Fator Verità;82.0;15992
2025-12-29;2025-12-29;XPLG11;XP Log;105.88;32952
2025-12-29;2025-12-29;XPML11;XP Malls;108.07;131612
2025-12-30;2025-12-30;ALZR11;Alianza Trust Renda Imobiliária;10.77;164868
2025-12-30;2025-12-30;BCIA11;Brasil Capital Real Estate FoF;88.8;4429
2025-12-30;2025-12-30;BRCO11;Bresco Logística;117.89;26782
2025-12-30;2025-12-30;BTLG11;BTG Pactual Logística;102.65;175878
2025-12-30;2025-12-30;CPTS11;Capitânia Securities II;7.75;423066
2025-12-30;2025-12-30;GGRC11;GGR Covepi Renda;9.9;1084376
2025-12-30;2025-12-30;HGBS11;CSHG Brasil Shopping;20.0;260957
2025-12-30;2025-12-30;HGCR11;CSHG Recebíveis Imobiliários;98.01;12857
2025-12-30;2025-12-30;HGLG11;CSHG Logística;157.55;61112
2025-12-30;2025-12-30;HGRE11;CSHG Real Estate;124.01;18567
2025-12-30;2025-12-30;HGRU11;CSHG Renda Urbana;126.11;47346
2025-12-30;2025-12-30;HSML11;HSI Malls;92.54;45449
2025-12-30;2025-12-30;KNCR11;Kinea Rendimentos Imobiliários;107.51;135712
2025-12-30;2025-12-30;KNIP11;Kinea Índices de Preços;90.54;164357
2025-12-30;2025-12-30;KNRI11;Kinea Renda Imobiliária;153.8;46946
2025-12-30;2025-12-30;KNSC11;Kinea Securities;8.81;545496
2025-12-30;2025-12-30;MCCI11;Mauá Capital Recebíveis Imobiliários;91.54;42604
2025-12-30;2025-12-30;MXRF11;Maxi Renda;9.54;2346643
2025-12-30;2025-12-30;PCIP11;Patria Crédito Imobiliário (ex-CVBI11);84.64;16882
2025-12-30;2025-12-30;PVBI11;VBI Prime Properties;82.0;43404
2025-12-30;2025-12-30;RBRR11;RBR Rendimento High Grade;87.57;58593
2025-12-30;2025-12-30;RBRY11;RBR Alpha Multiestratégia;97.8;40658
2025-12-30;2025-12-30;RECR11;REC Recebíveis Imobiliários;81.99;24990
2025-12-30;2025-12-30;TGAR11;TG Ativo Real;93.0;44945
2025-12-30;2025-12-30;TRXF11;TRX Real Estate;97.97;190321
2025-12-30;2025-12-30;VISC11;Vinci Shopping Centers;109.04;56121
2025-12-30;2025-12-30;VRTA11;Fator Verità;82.6;11099
2025-12-30;2025-12-30;XPLG11;XP Log;105.82;49384
2025-12-30;2025-12-30;XPML11;XP Malls;108.06;124253
2026-01-02;2026-01-02;ALZR11;Alianza Trust Renda Imobiliária;10.75;183898
2026-01-02;2026-01-02;BCIA11;Brasil Capital Real Estate FoF;86.75;3916
2026-01-02;2026-01-02;BRCO11;Bresco Logística;117.6;22294
2026-01-02;2026-01-02;BTLG11;BTG Pactual Logística;103.69;172315
2026-01-02;2026-01-02;CPTS11;Capitânia Securities II;7.78;598605
2026-01-02;2026-01-02;GGRC11;GGR Covepi Renda;9.93;1083915
2026-01-02;2026-01-02;HGBS11;CSHG Brasil Shopping;19.88;167126
2026-01-02;2026-01-02;HGCR11;CSHG Recebíveis Imobiliários;97.0;25753
2026-01-02;2026-01-02;HGLG11;CSHG Logística;157.8;79357
2026-01-02;2026-01-02;HGRE11;CSHG Real Estate;123.34;20977
2026-01-02;2026-01-02;HGRU11;CSHG Renda Urbana;125.43;60976
2026-01-02;2026-01-02;HSML11;HSI Malls;91.2;31862
2026-01-02;2026-01-02;KNCR11;Kinea Rendimentos Imobiliários;106.2;151941
2026-01-02;2026-01-02;KNIP11;Kinea Índices de Preços;90.07;61699
2026-01-02;2026-01-02;KNRI11;Kinea Renda Imobiliária;153.03;49747
2026-01-02;2026-01-02;KNSC11;Kinea Securities;8.7;561563
2026-01-02;2026-01-02;MCCI11;Mauá Capital Recebíveis Imobiliários;92.67;63374
2026-01-02;2026-01-02;MXRF11;Maxi Renda;9.5;2374267
2026-01-02;2026-01-02;PCIP11;Patria Crédito Imobiliário (ex-CVBI11);84.9;19442
2026-01-02;2026-01-02;PVBI11;VBI Prime Properties;80.78;32993
2026-01-02;2026-01-02;RBRR11;RBR Rendimento High Grade;87.8;34342
2026-01-02;2026-01-02;RBRY11;RBR Alpha Multiestratégia;97.96;40552
2026-01-02;2026-01-02;RECR11;REC Recebíveis Imobiliários;82.45;34939
2026-01-02;2026-01-02;TGAR11;TG Ativo Real;91.21;36719
2026-01-02;2026-01-02;TRXF11;TRX Real Estate;97.02;130824
2026-01-02;2026-01-02;VISC11;Vinci Shopping Centers;108.46;50556
2026-01-02;2026-01-02;VRTA11;Fator Verità;80.6;20426
2026-01-02;2026-01-02;XPLG11;XP Log;104.72;37878
2026-01-02;2026-01-02;XPML11;XP Malls;108.9;117002
2026-01-05;2026-01-05;ALZR11;Alianza Trust Renda Imobiliária;10.76;187798
2026-01-05;2026-01-05;BCIA11;Brasil Capital Real Estate FoF;86.8;9460
2026-01-05;2026-01-05;BRCO11;Bresco Logística;117.72;28970
2026-01-05;2026-01-05;BTLG11;BTG Pactual Logística;103.51;130981
2026-01-05;2026-01-05;CPTS11;Capitânia Securities II;7.83;1433973
2026-01-05;2026-01-05;GGRC11;GGR Covepi Renda;9.85;790004
2026-01-05;2026-01-05;HGBS11;CSHG Brasil Shopping;19.95;191505
2026-01-05;2026-01-05;HGCR11;CSHG Recebíveis Imobiliários;97.46;26933
2026-01-05;2026-01-05;HGLG11;CSHG Logística;157.35;94297
2026-01-05;2026-01-05;HGRE11;CSHG Real Estate;123.17;18974
2026-01-05;2026-01-05;HGRU11;CSHG Renda Urbana;125.83;37483
2026-01-05;2026-01-05;HSML11;HSI Malls;90.9;34845
2026-01-05;2026-01-05;KNCR11;Kinea Rendimentos Imobiliários;106.5;154543
2026-01-05;2026-01-05;KNIP11;Kinea Índices de Preços;90.02;59944
2026-01-05;2026-01-05;KNRI11;Kinea Renda Imobiliária;156.19;48223
2026-01-05;2026-01-05;KNSC11;Kinea Securities;8.75;683269
2026-01-05;2026-01-05;MCCI11;Mauá Capital Recebíveis Imobiliários;92.2;39056
2026-01-05;2026-01-05;MXRF11;Maxi Renda;9.52;1801777
2026-01-05;2026-01-05;PCIP11;Patria Crédito Imobiliário (ex-CVBI11);84.75;24182
2026-01-05;2026-01-05;PVBI11;VBI Prime Properties;80.2;50085
2026-01-05;2026-01-05;RBRR11;RBR Rendimento High Grade;87.75;55557
2026-01-05;2026-01-05;RBRY11;RBR Alpha Multiestratégia;99.48;37924
2026-01-05;2026-01-05;RECR11;REC Recebíveis Imobiliários;82.59;35930
2026-01-05;2026-01-05;TGAR11;TG Ativo Real;89.71;100640
2026-01-05;2026-01-05;TRXF11;TRX Real Estate;97.23;171047
2026-01-05;2026-01-05;VISC11;Vinci Shopping Centers;108.59;51201
2026-01-05;2026-01-05;VRTA11;Fator Verità;80.23;19022
2026-01-05;2026-01-05;XPLG11;XP Log;104.15;50917
2026-01-05;2026-01-05;XPML11;XP Malls;109.45;134737
2026-01-06;2026-01-06;ALZR11;Alianza Trust Renda Imobiliária;10.73;181334
2026-01-06;2026-01-06;BCIA11;Brasil Capital Real Estate FoF;87.98;7955
2026-01-06;2026-01-06;BRCO11;Bresco Logística;117.77;30230
2026-01-06;2026-01-06;BTLG11;BTG Pactual Logística;103.7;100530
2026-01-06;2026-01-06;CPTS11;Capitânia Securities II;7.82;1558769
2026-01-06;2026-01-06;GGRC11;GGR Covepi Renda;9.85;638786
2026-01-06;2026-01-06;HGBS11;CSHG Brasil Shopping;19.92;146015
2026-01-06;2026-01-06;HGCR11;CSHG Recebíveis Imobiliários;98.54;80271
2026-01-06;2026-01-06;HGLG11;CSHG Logística;157.12;83360
2026-01-06;2026-01-06;HGRE11;CSHG Real Estate;124.5;15240
2026-01-06;2026-01-06;HGRU11;CSHG Renda Urbana;126.0;45536
2026-01-06;2026-01-06;HSML11;HSI Malls;91.17;29605
2026-01-06;2026-01-06;KNCR11;Kinea Rendimentos Imobiliários;105.93;183172
2026-01-06;2026-01-06;KNIP11;Kinea Índices de Preços;91.2;92679
2026-01-06;2026-01-06;KNRI11;Kinea Renda Imobiliária;158.0;34962
2026-01-06;2026-01-06;KNSC11;Kinea Securities;8.74;968189
2026-01-06;2026-01-06;MCCI11;Mauá Capital Recebíveis Imobiliários;92.15;42838
2026-01-06;2026-01-06;MXRF11;Maxi Renda;9.52;1181406
2026-01-06;2026-01-06;PCIP11;Patria Crédito Imobiliário (ex-CVBI11);84.7;82916
2026-01-06;2026-01-06;PVBI11;VBI Prime Properties;80.61;34401
2026-01-06;2026-01-06;RBRR11;RBR Rendimento High Grade;87.29;92037
2026-01-06;2026-01-06;RBRY11;RBR Alpha Multiestratégia;98.98;59623
2026-01-06;2026-01-06;RECR11;REC Recebíveis Imobiliários;82.95;27344
2026-01-06;2026-01-06;TGAR11;TG Ativo Real;88.36;106296
2026-01-06;2026-01-06;TRXF11;TRX Real Estate;97.16;150474
2026-01-06;2026-01-06;VISC11;Vinci Shopping Centers;109.01;42043
2026-01-06;2026-01-06;VRTA11;Fator Verità;79.95;14026
2026-01-06;2026-01-06;XPLG11;XP Log;104.1;43051
2026-01-06;2026-01-06;XPML11;XP Malls;109.58;100095
2026-01-07;2026-01-07;ALZR11;Alianza Trust Renda Imobiliária;10.77;121136
2026-01-07;2026-01-07;BCIA11;Brasil Capital Real Estate FoF;87.97;2158
2026-01-07;2026-01-07;BRCO11;Bresco Logística;117.6;17991
2026-01-07;2026-01-07;BTLG11;BTG Pactual Logística;103.0;947593
2026-01-07;2026-01-07;CPTS11;Capitânia Securities II;7.82;1764593
2026-01-07;2026-01-07;GGRC11;GGR Covepi Renda;9.85;686821
2026-01-07;2026-01-07;HGBS11;CSHG Brasil Shopping;19.92;132213
2026-01-07;2026-01-07;HGCR11;CSHG Recebíveis Imobiliários;98.16;20839
2026-01-07;2026-01-07;HGLG11;CSHG Logística;156.93;118353
2026-01-07;2026-01-07;HGRE11;CSHG Real Estate;124.21;15005
2026-01-07;2026-01-07;HGRU11;CSHG Renda Urbana;125.81;36984
2026-01-07;2026-01-07;HSML11;HSI Malls;90.66;28696
2026-01-07;2026-01-07;KNCR11;Kinea Rendimentos Imobiliários;105.2;224544
2026-01-07;2026-01-07;KNIP11;Kinea Índices de Preços;89.9;103045
2026-01-07;2026-01-07;KNRI11;Kinea Renda Imobiliária;159.22;28431
2026-01-07;2026-01-07;KNSC11;Kinea Securities;8.68;831971
2026-01-07;2026-01-07;MCCI11;Mauá Capital Recebíveis Imobiliários;91.91;42810
2026-01-07;2026-01-07;MXRF11;Maxi Renda;9.49;1568058
2026-01-07;2026-01-07;PCIP11;Patria Crédito Imobiliário (ex-CVBI11);84.65;26104
2026-01-07;2026-01-07;PVBI11;VBI Prime Properties;80.8;41215
2026-01-07;2026-01-07;RBRR11;RBR Rendimento High Grade;87.9;64330
2026-01-07;2026-01-07;RBRY11;RBR Alpha Multiestratégia;98.79;54454
2026-01-07;2026-01-07;RECR11;REC Recebíveis Imobiliários;82.78;35261
2026-01-07;2026-01-07;TGAR11;TG Ativo Real;88.09;64204
2026-01-07;2026-01-07;TRXF11;TRX Real Estate;96.97;157617
2026-01-07;2026-01-07;VISC11;Vinci Shopping Centers;108.84;52839
2026-01-07;2026-01-07;VRTA11;Fator Verità;79.97;17318
2026-01-07;2026-01-07;XPLG11;XP Log;103.89;36444
2026-01-07;2026-01-07;XPML11;XP Malls;109.38;110640
2026-01-08;2026-01-08;ALZR11;Alianza Trust Renda Imobiliária;10.79;133695
2026-01-08;2026-01-08;BCIA11;Brasil Capital Real Estate FoF;87.8;2900
2026-01-08;2026-01-08;BRCO11;Bresco Logística;117.87;21596
2026-01-08;2026-01-08;BTLG11;BTG Pactual Logística;102.91;351114
2026-01-08;2026-01-08;CPTS11;Capitânia Securities II;7.85;729168
2026-01-08;2026-01-08;GGRC11;GGR Covepi Renda;9.85;577741
2026-01-08;2026-01-08;HGBS11;CSHG Brasil Shopping;19.97;116043
2026-01-08;2026-01-08;HGCR11;CSHG Recebíveis Imobiliários;97.79;21235
2026-01-08;2026-01-08;HGLG11;CSHG Logística;156.99;78712
2026-01-08;2026-01-08;HGRE11;CSHG Real Estate;124.2;19520
2026-01-08;2026-01-08;HGRU11;CSHG Renda Urbana;126.05;27980
2026-01-08;2026-01-08;HSML11;HSI Malls;91.08;33715
2026-01-08;2026-01-08;KNCR11;Kinea Rendimentos Imobiliários;105.1;155425
2026-01-08;2026-01-08;KNIP11;Kinea Índices de Preços;90.38;45204
2026-01-08;2026-01-08;KNRI11;Kinea Renda Imobiliária;158.01;29288
2026-01-08;2026-01-08;KNSC11;Kinea Securities;8.71;462446
2026-01-08;2026-01-08;MCCI11;Mauá Capital Recebíveis Imobiliários;91.0;39467
2026-01-08;2026-01-08;MXRF11;Maxi Renda;9.51;1472816
2026-01-08;2026-01-08;PCIP11;Patria Crédito Imobiliário (ex-CVBI11);84.56;18834
2026-01-08;2026-01-08;PVBI11;VBI Prime Properties;80.01;54420
2026-01-08;2026-01-08;RBRR11;RBR Rendimento High Grade;87.8;34953
2026-01-08;2026-01-08;RBRY11;RBR Alpha Multiestratégia;98.91;43815
2026-01-08;2026-01-08;RECR11;REC Recebíveis Imobiliários;82.97;37910
2026-01-08;2026-01-08;TGAR11;TG Ativo Real;88.67;45967
2026-01-08;2026-01-08;TRXF11;TRX Real Estate;96.98;104319
2026-01-08;2026-01-08;VISC11;Vinci Shopping Centers;108.5;56395
2026-01-08;2026-01-08;VRTA11;Fator Verità;80.11;12515
2026-01-08;2026-01-08;XPLG11;XP Log;103.76;42121
2026-01-08;2026-01-08;XPML11;XP Malls;109.2;190977
2026-01-09;2026-01-09;ALZR11;Alianza Trust Renda Imobiliária;10.76;175624
2026-01-09;2026-01-09;BCIA11;Brasil Capital Real Estate FoF;87.56;3783
2026-01-09;2026-01-09;BRCO11;Bresco Logística;118.15;31001
2026-01-09;2026-01-09;BTLG11;BTG Pactual Logística;103.15;115118
2026-01-09;2026-01-09;CPTS11;Capitânia Securities II;7.86;838320
2026-01-09;2026-01-09;GGRC11;GGR Covepi Renda;9.87;665992
2026-01-09;2026-01-09;HGBS11;CSHG Brasil Shopping;19.99;99529
2026-01-09;2026-01-09;HGCR11;CSHG Recebíveis Imobiliários;97.59;28490
2026-01-09;2026-01-09;HGLG11;CSHG Logística;156.5;101031
2026-01-09;2026-01-09;HGRE11;CSHG Real Estate;124.11;12022
2026-01-09;2026-01-09;HGRU11;CSHG Renda Urbana;126.02;30986
2026-01-09;2026-01-09;HSML11;HSI Malls;90.7;53787
2026-01-09;2026-01-09;KNCR11;Kinea Rendimentos Imobiliários;105.44;163105
2026-01-09;2026-01-09;KNIP11;Kinea Índices de Preços;91.73;125355
2026-01-09;2026-01-09;KNRI11;Kinea Renda Imobiliária;158.92;21008
2026-01-09;2026-01-09;KNSC11;Kinea Securities;8.71;588068
2026-01-09;2026-01-09;MCCI11;Mauá Capital Recebíveis Imobiliários;91.89;100178
2026-01-09;2026-01-09;MXRF11;Maxi Renda;9.51;1144490
2026-01-09;2026-01-09;PCIP11;Patria Crédito Imobiliário (ex-CVBI11);84.64;43899
2026-01-09;2026-01-09;PVBI11;VBI Prime Properties;80.83;50517
2026-01-09;2026-01-09;RBRR11;RBR Rendimento High Grade;87.18;59475
2026-01-09;2026-01-09;RBRY11;RBR Alpha Multiestratégia;98.47;42969
2026-01-09;2026-01-09;RECR11;REC Recebíveis Imobiliários;81.84;38992
2026-01-09;2026-01-09;TGAR11;TG Ativo Real;89.49;37323
2026-01-09;2026-01-09;TRXF11;TRX Real Estate;97.05;163816
2026-01-09;2026-01-09;VISC11;Vinci Shopping Centers;108.58;57032
2026-01-09;2026-01-09;VRTA11;Fator Verità;79.82;16546
2026-01-09;2026-01-09;XPLG11;XP Log;103.7;36229
2026-01-09;2026-01-09;XPML11;XP Malls;109.98;140858
2026-01-12;2026-01-12;ALZR11;Alianza Trust Renda Imobiliária;10.72;146725
2026-01-12;2026-01-12;BCIA11;Brasil Capital Real Estate FoF;86.92;5570
2026-01-12;2026-01-12;BRCO11;Bresco Logística;117.5;34775
2026-01-12;2026-01-12;BTLG11;BTG Pactual Logística;103.2;117115
2026-01-12;2026-01-12;CPTS11;Capitânia Securities II;7.84;1090997
2026-01-12;2026-01-12;GGRC11;GGR Covepi Renda;9.88;681096
2026-01-12;2026-01-12;HGBS11;CSHG Brasil Shopping;19.98;128554
2026-01-12;2026-01-12;HGCR11;CSHG Recebíveis Imobiliários;97.86;48562
2026-01-12;2026-01-12;HGLG11;CSHG Logística;156.37;161430
2026-01-12;2026-01-12;HGRE11;CSHG Real Estate;124.3;21432
2026-01-12;2026-01-12;HGRU11;CSHG Renda Urbana;125.35;42835
2026-01-12;2026-01-12;HSML11;HSI Malls;90.63;27689
2026-01-12;2026-01-12;KNCR11;Kinea Rendimentos Imobiliários;105.89;152131
2026-01-12;2026-01-12;KNIP11;Kinea Índices de Preços;91.01;67893
2026-01-12;2026-01-12;KNRI11;Kinea Renda Imobiliária;157.99;38247
2026-01-12;2026-01-12;KNSC11;Kinea Securities;8.73;784071
2026-01-12;2026-01-12;MCCI11;Mauá Capital Recebíveis Imobiliários;91.67;52700
2026-01-12;2026-01-12;MXRF11;Maxi Renda;9.5;1937558
2026-01-12;2026-01-12;PCIP11;Patria Crédito Imobiliário (ex-CVBI11);84.48;65252
2026-01-12;2026-01-12;PVBI11;VBI Prime Properties;80.15;52788
2026-01-12;2026-01-12;RBRR11;RBR Rendimento High Grade;87.4;48060
2026-01-12;2026-01-12;RBRY11;RBR Alpha Multiestratégia;98.92;29395
2026-01-12;2026-01-12;RECR11;REC Recebíveis Imobiliários;81.59;30849
2026-01-12;2026-01-12;TGAR11;TG Ativo Real;89.32;64375
2026-01-12;2026-01-12;TRXF11;TRX Real Estate;97.0;352462
2026-01-12;2026-01-12;VISC11;Vinci Shopping Centers;109.5;152225
2026-01-12;2026-01-12;VRTA11;Fator Verità;79.89;21615
2026-01-12;2026-01-12;XPLG11;XP Log;103.7;114159
2026-01-12;2026-01-12;XPML11;XP Malls;109.75;116163
2026-01-13;2026-01-13;ALZR11;Alianza Trust Renda Imobiliária;10.72;159309
2026-01-13;2026-01-13;BCIA11;Brasil Capital Real Estate FoF;87.78;4369
2026-01-13;2026-01-13;BRCO11;Bresco Logística;118.4;29106
2026-01-13;2026-01-13;BTLG11;BTG Pactual Logística;103.37;106973
2026-01-13;2026-01-13;CPTS11;Capitânia Securities II;7.81;1180488
2026-01-13;2026-01-13;GGRC11;GGR Covepi Renda;9.88;699566
2026-01-13;2026-01-13;HGBS11;CSHG Brasil Shopping;19.99;117109
2026-01-13;2026-01-13;HGCR11;CSHG Recebíveis Imobiliários;98.32;27387
2026-01-13;2026-01-13;HGLG11;CSHG Logística;156.65;67091
2026-01-13;2026-01-13;HGRE11;CSHG Real Estate;124.0;17856
2026-01-13;2026-01-13;HGRU11;CSHG Renda Urbana;125.7;45419
2026-01-13;2026-01-13;HSML11;HSI Malls;91.5;29629
2026-01-13;2026-01-13;KNCR11;Kinea Rendimentos Imobiliários;105.75;152066
2026-01-13;2026-01-13;KNIP11;Kinea Índices de Preços;91.35;41148
2026-01-13;2026-01-13;KNRI11;Kinea Renda Imobiliária;157.85;29841
2026-01-13;2026-01-13;KNSC11;Kinea Securities;8.73;760740
2026-01-13;2026-01-13;MCCI11;Mauá Capital Recebíveis Imobiliários;92.03;53045
2026-01-13;2026-01-13;MXRF11;Maxi Renda;9.49;1688330
2026-01-13;2026-01-13;PCIP11;Patria Crédito Imobiliário (ex-CVBI11);85.12;184668
2026-01-13;2026-01-13;PVBI11;VBI Prime Properties;79.9;43304
2026-01-13;2026-01-13;RBRR11;RBR Rendimento High Grade;86.38;64230
2026-01-13;2026-01-13;RBRY11;RBR Alpha Multiestratégia;98.2;36201
2026-01-13;2026-01-13;RECR11;REC Recebíveis Imobiliários;81.57;31266
2026-01-13;2026-01-13;TGAR11;TG Ativo Real;91.99;69056
2026-01-13;2026-01-13;TRXF11;TRX Real Estate;96.5;238452
2026-01-13;2026-01-13;VISC11;Vinci Shopping Centers;109.86;70245
2026-01-13;2026-01-13;VRTA11;Fator Verità;80.2;20192
2026-01-13;2026-01-13;XPLG11;XP Log;103.73;55423
2026-01-13;2026-01-13;XPML11;XP Malls;110.13;118035
2026-01-14;2026-01-14;ALZR11;Alianza Trust Renda Imobiliária;10.74;170208
2026-01-14;2026-01-14;BCIA11;Brasil Capital Real Estate FoF;88.7;4616
2026-01-14;2026-01-14;BRCO11;Bresco Logística;117.82;26916
2026-01-14;2026-01-14;BTLG11;BTG Pactual Logística;103.4;104322
2026-01-14;2026-01-14;CPTS11;Capitânia Securities II;7.77;937388
2026-01-14;2026-01-14;GGRC11;GGR Covepi Renda;9.93;761262
2026-01-14;2026-01-14;HGBS11;CSHG Brasil Shopping;20.03;110619
2026-01-14;2026-01-14;HGCR11;CSHG Recebíveis Imobiliários;98.33;38370
2026-01-14;2026-01-14;HGLG11;CSHG Logística;156.75;68856
2026-01-14;2026-01-14;HGRE11;CSHG Real Estate;124.3;21805
2026-01-14;2026-01-14;HGRU11;CSHG Renda Urbana;126.2;37516
2026-01-14;2026-01-14;HSML11;HSI Malls;90.79;26334
2026-01-14;2026-01-14;KNCR11;Kinea Rendimentos Imobiliários;105.61;193459
2026-01-14;2026-01-14;KNIP11;Kinea Índices de Preços;91.7;118213
2026-01-14;2026-01-14;KNRI11;Kinea Renda Imobiliária;158.36;30275
2026-01-14;2026-01-14;KNSC11;Kinea Securities;8.78;761828
2026-01-14;2026-01-14;MCCI11;Mauá Capital Recebíveis Imobiliários;90.95;34859
2026-01-14;2026-01-14;MXRF11;Maxi Renda;9.48;1538506
2026-01-14;2026-01-14;PCIP11;Patria Crédito Imobiliário (ex-CVBI11);85.15;34115
2026-01-14;2026-01-14;PVBI11;VBI Prime Properties;79.7;41508
2026-01-14;2026-01-14;RBRR11;RBR Rendimento High Grade;86.9;42583
2026-01-14;2026-01-14;RBRY11;RBR Alpha Multiestratégia;98.0;25208
2026-01-14;2026-01-14;RECR11;REC Recebíveis Imobiliários;81.65;36770
2026-01-14;2026-01-14;TGAR11;TG Ativo Real;91.73;44423
2026-01-14;2026-01-14;TRXF11;TRX Real Estate;96.28;144714
2026-01-14;2026-01-14;VISC11;Vinci Shopping Centers;109.17;60457
2026-01-14;2026-01-14;VRTA11;Fator Verità;80.3;12261
2026-01-14;2026-01-14;XPLG11;XP Log;103.85;41794
2026-01-14;2026-01-14;XPML11;XP Malls;1.07;10303913
2026-01-15;2026-01-15;ALZR11;Alianza Trust Renda Imobiliária;10.75;203932
2026-01-15;2026-01-15;BCIA11;Brasil Capital Real Estate FoF;88.41;5830
2026-01-15;2026-01-15;BRCO11;Bresco Logística;118.12;27795
2026-01-15;2026-01-15;BTLG11;BTG Pactual Logística;103.4;147092
2026-01-15;2026-01-15;CPTS11;Capitânia Securities II;7.78;877771
2026-01-15;2026-01-15;GGRC11;GGR Covepi Renda;9.95;685093
2026-01-15;2026-01-15;HGBS11;CSHG Brasil Shopping;19.97;136038
2026-01-15;2026-01-15;HGCR11;CSHG Recebíveis Imobiliários;98.35;29782
2026-01-15;2026-01-15;HGLG11;CSHG Logística;156.56;85287
2026-01-15;2026-01-15;HGRE11;CSHG Real Estate;124.22;22723
2026-01-15;2026-01-15;HGRU11;CSHG Renda Urbana;127.71;77659
2026-01-15;2026-01-15;HSML11;HSI Malls;91.51;38143
2026-01-15;2026-01-15;KNCR11;Kinea Rendimentos Imobiliários;105.38;161927
2026-01-15;2026-01-15;KNIP11;Kinea Índices de Preços;91.95;217710
2026-01-15;2026-01-15;KNRI11;Kinea Renda Imobiliária;159.04;35252
2026-01-15;2026-01-15;KNSC11;Kinea Securities;8.8;763972
2026-01-15;2026-01-15;MCCI11;Mauá Capital Recebíveis Imobiliários;90.59;39365
2026-01-15;2026-01-15;MXRF11;Maxi Renda;9.48;2288182
2026-01-15;2026-01-15;PCIP11;Patria Crédito Imobiliário (ex-CVBI11);85.07;44711
2026-01-15;2026-01-15;PVBI11;VBI Prime Properties;79.2;49592
2026-01-15;2026-01-15;RBRR11;RBR Rendimento High Grade;87.02;24767
2026-01-15;2026-01-15;RBRY11;RBR Alpha Multiestratégia;97.55;41090
2026-01-15;2026-01-15;RECR11;REC Recebíveis Imobiliários;81.96;34054
2026-01-15;2026-01-15;TGAR11;TG Ativo Real;92.2;41171
2026-01-15;2026-01-15;TRXF11;TRX Real Estate;96.25;162403
2026-01-15;2026-01-15;VISC11;Vinci Shopping Centers;109.05;50078
2026-01-15;2026-01-15;VRTA11;Fator Verità;79.64;25283
2026-01-15;2026-01-15;XPLG11;XP Log;103.45;73820
2026-01-15;2026-01-15;XPML11;XP Malls;1.07;11025442
2026-01-16;2026-01-16;ALZR11;Alianza Trust Renda Imobiliária;10.74;327643
2026-01-16;2026-01-16;BCIA11;Brasil Capital Real Estate FoF;89.49;2155
2026-01-16;2026-01-16;BRCO11;Bresco Logística;118.5;23064
2026-01-16;2026-01-16;BTLG11;BTG Pactual Logística;102.57;113333
2026-01-16;2026-01-16;CPTS11;Capitânia Securities II;7.79;966488
2026-01-16;2026-01-16;GGRC11;GGR Covepi Renda;10.04;1160763
2026-01-16;2026-01-16;HGBS11;CSHG Brasil Shopping;20.01;113527
2026-01-16;2026-01-16;HGCR11;CSHG Recebíveis Imobiliários;98.55;43985
2026-01-16;2026-01-16;HGLG11;CSHG Logística;156.81;66283
2026-01-16;2026-01-16;HGRE11;CSHG Real Estate;124.4;21818
2026-01-16;2026-01-16;HGRU11;CSHG Renda Urbana;128.0;39126
2026-01-16;2026-01-16;HSML11;HSI Malls;90.9;28123
2026-01-16;2026-01-16;KNCR11;Kinea Rendimentos Imobiliários;105.61;167043
2026-01-16;2026-01-16;KNIP11;Kinea Índices de Preços;91.5;87337
2026-01-16;2026-01-16;KNRI11;Kinea Renda Imobiliária;159.98;27818
2026-01-16;2026-01-16;KNSC11;Kinea Securities;8.79;813214
2026-01-16;2026-01-16;MCCI11;Mauá Capital Recebíveis Imobiliários;90.9;57649
2026-01-16;2026-01-16;MXRF11;Maxi Renda;9.45;2505682
2026-01-16;2026-01-16;PCIP11;Patria Crédito Imobiliário (ex-CVBI11);85.4;81116
2026-01-16;2026-01-16;PVBI11;VBI Prime Properties;80.19;47039
2026-01-16;2026-01-16;RBRR11;RBR Rendimento High Grade;87.01;44847
2026-01-16;2026-01-16;RBRY11;RBR Alpha Multiestratégia;97.4;45388
2026-01-16;2026-01-16;RECR11;REC Recebíveis Imobiliários;82.73;25791
2026-01-16;2026-01-16;TGAR11;TG Ativo Real;92.0;35046
2026-01-16;2026-01-16;TRXF11;TRX Real Estate;96.49;166286
2026-01-16;2026-01-16;VISC11;Vinci Shopping Centers;108.84;66200
2026-01-16;2026-01-16;VRTA11;Fator Verità;80.1;14532
2026-01-16;2026-01-16;XPLG11;XP Log;103.3;53068
2026-01-16;2026-01-16;XPML11;XP Malls;1.06;22255973
2026-01-19;2026-01-19;ALZR11;Alianza Trust Renda Imobiliária;10.72;186138
2026-01-19;2026-01-19;BCIA11;Brasil Capital Real Estate FoF;88.78;7550
2026-01-19;2026-01-19;BRCO11;Bresco Logística;118.4;31426
2026-01-19;2026-01-19;BTLG11;BTG Pactual Logística;102.49;131116
2026-01-19;2026-01-19;CPTS11;Capitânia Securities II;7.8;821247
2026-01-19;2026-01-19;GGRC11;GGR Covepi Renda;9.99;963613
2026-01-19;2026-01-19;HGBS11;CSHG Brasil Shopping;20.11;120942
2026-01-19;2026-01-19;HGCR11;CSHG Recebíveis Imobiliários;99.08;30973
2026-01-19;2026-01-19;HGLG11;CSHG Logística;156.71;81882
2026-01-19;2026-01-19;HGRE11;CSHG Real Estate;124.22;18133
2026-01-19;2026-01-19;HGRU11;CSHG Renda Urbana;127.8;30461
2026-01-19;2026-01-19;HSML11;HSI Malls;91.2;78920
2026-01-19;2026-01-19;KNCR11;Kinea Rendimentos Imobiliários;106.28;182560
2026-01-19;2026-01-19;KNIP11;Kinea Índices de Preços;91.56;85356
2026-01-19;2026-01-19;KNRI11;Kinea Renda Imobiliária;159.01;31478
2026-01-19;2026-01-19;KNSC11;Kinea Securities;8.82;635464
2026-01-19;2026-01-19;MCCI11;Mauá Capital Recebíveis Imobiliários;90.73;55298
2026-01-19;2026-01-19;MXRF11;Maxi Renda;9.49;2410018
2026-01-19;2026-01-19;PCIP11;Patria Crédito Imobiliário (ex-CVBI11);85.15;18868
2026-01-19;2026-01-19;PVBI11;VBI Prime Properties;79.6;45580
2026-01-19;2026-01-19;RBRR11;RBR Rendimento High Grade;87.15;38213
2026-01-19;2026-01-19;RBRY11;RBR Alpha Multiestratégia;97.96;43336
2026-01-19;2026-01-19;RECR11;REC Recebíveis Imobiliários;82.24;34773
2026-01-19;2026-01-19;TGAR11;TG Ativo Real;92.33;50300
2026-01-19;2026-01-19;TRXF11;TRX Real Estate;96.3;171495
2026-01-19;2026-01-19;VISC11;Vinci Shopping Centers;109.26;52422
2026-01-19;2026-01-19;VRTA11;Fator Verità;79.98;16648
2026-01-19;2026-01-19;XPLG11;XP Log;103.27;39700
2026-01-19;2026-01-19;XPML11;XP Malls;109.58;117600
2026-01-20;2026-01-20;ALZR11;Alianza Trust Renda Imobiliária;10.69;156422
2026-01-20;2026-01-20;BCIA11;Brasil Capital Real Estate FoF;88.89;3525
2026-01-20;2026-01-20;BRCO11;Bresco Logística;118.3;24460
2026-01-20;2026-01-20;BTLG11;BTG Pactual Logística;102.5;155005
2026-01-20;2026-01-20;CPTS11;Capitânia Securities II;7.83;1119548
2026-01-20;2026-01-20;GGRC11;GGR Covepi Renda;9.95;952062
2026-01-20;2026-01-20;HGBS11;CSHG Brasil Shopping;20.04;402344
2026-01-20;2026-01-20;HGCR11;CSHG Recebíveis Imobiliários;98.55;20416
2026-01-20;2026-01-20;HGLG11;CSHG Logística;157.0;97507
2026-01-20;2026-01-20;HGRE11;CSHG Real Estate;123.99;19377
2026-01-20;2026-01-20;HGRU11;CSHG Renda Urbana;128.52;34602
2026-01-20;2026-01-20;HSML11;HSI Malls;91.34;36385
2026-01-20;2026-01-20;KNCR11;Kinea Rendimentos Imobiliários;106.33;162247
2026-01-20;2026-01-20;KNIP11;Kinea Índices de Preços;91.08;57378
2026-01-20;2026-01-20;KNRI11;Kinea Renda Imobiliária;159.45;42970
2026-01-20;2026-01-20;KNSC11;Kinea Securities;8.81;513784
2026-01-20;2026-01-20;MCCI11;Mauá Capital Recebíveis Imobiliários;90.89;35469
2026-01-20;2026-01-20;MXRF11;Maxi Renda;9.49;1520463
2026-01-20;2026-01-20;PCIP11;Patria Crédito Imobiliário (ex-CVBI11);85.0;20429
2026-01-20;2026-01-20;PVBI11;VBI Prime Properties;79.77;43726
2026-01-20;2026-01-20;RBRR11;RBR Rendimento High Grade;87.45;22083
2026-01-20;2026-01-20;RBRY11;RBR Alpha Multiestratégia;97.71;48659
2026-01-20;2026-01-20;RECR11;REC Recebíveis Imobiliários;81.9;28332
2026-01-20;2026-01-20;TGAR11;TG Ativo Real;93.75;70314
2026-01-20;2026-01-20;TRXF11;TRX Real Estate;95.9;216973
2026-01-20;2026-01-20;VISC11;Vinci Shopping Centers;110.44;64397
2026-01-20;2026-01-20;VRTA11;Fator Verità;79.9;15435
2026-01-20;2026-01-20;XPLG11;XP Log;103.17;38887
2026-01-20;2026-01-20;XPML11;XP Malls;109.08;165176
2026-01-21;2026-01-21;ALZR11;Alianza Trust Renda Imobiliária;10.69;188521
2026-01-21;2026-01-21;BCIA11;Brasil Capital Real Estate FoF;89.68;2236
2026-01-21;2026-01-21;BRCO11;Bresco Logística;118.1;25040
2026-01-21;2026-01-21;BTLG11;BTG Pactual Logística;102.4;120946
2026-01-21;2026-01-21;CPTS11;Capitânia Securities II;7.81;1104990
2026-01-21;2026-01-21;GGRC11;GGR Covepi Renda;9.95;951203
2026-01-21;2026-01-21;HGBS11;CSHG Brasil Shopping;19.98;135960
2026-01-21;2026-01-21;HGCR11;CSHG Recebíveis Imobiliários;97.96;61925
2026-01-21;2026-01-21;HGLG11;CSHG Logística;156.92;88206
2026-01-21;2026-01-21;HGRE11;CSHG Real Estate;124.0;23878
2026-01-21;2026-01-21;HGRU11;CSHG Renda Urbana;128.61;33373
2026-01-21;2026-01-21;HSML11;HSI Malls;91.13;35840
2026-01-21;2026-01-21;KNCR11;Kinea Rendimentos Imobiliários;105.9;191459
2026-01-21;2026-01-21;KNIP11;Kinea Índices de Preços;91.31;79778
2026-01-21;2026-01-21;KNRI11;Kinea Renda Imobiliária;160.65;31713
2026-01-21;2026-01-21;KNSC11;Kinea Securities;8.86;793779
2026-01-21;2026-01-21;MCCI11;Mauá Capital Recebíveis Imobiliários;91.0;34815
2026-01-21;2026-01-21;MXRF11;Maxi Renda;9.48;1961078
2026-01-21;2026-01-21;PCIP11;Patria Crédito Imobiliário (ex-CVBI11);84.71;30934
2026-01-21;2026-01-21;PVBI11;VBI Prime Properties;79.69;41156
2026-01-21;2026-01-21;RBRR11;RBR Rendimento High Grade;88.15;39758
2026-01-21;2026-01-21;RBRY11;RBR Alpha Multiestratégia;97.83;48464
2026-01-21;2026-01-21;RECR11;REC Recebíveis Imobiliários;81.94;31107
2026-01-21;2026-01-21;TGAR11;TG Ativo Real;93.5;73167
2026-01-21;2026-01-21;TRXF11;TRX Real Estate;95.65;218240
2026-01-21;2026-01-21;VISC11;Vinci Shopping Centers;109.33;69852
2026-01-21;2026-01-21;VRTA11;Fator Verità;79.52;24096
2026-01-21;2026-01-21;XPLG11;XP Log;102.54;75642
2026-01-21;2026-01-21;XPML11;XP Malls;109.08;141320
2026-01-22;2026-01-22;ALZR11;Alianza Trust Renda Imobiliária;10.7;237528
2026-01-22;2026-01-22;BCIA11;Brasil Capital Real Estate FoF;89.5;9216
2026-01-22;2026-01-22;BRCO11;Bresco Logística;118.02;34484
2026-01-22;2026-01-22;BTLG11;BTG Pactual Logística;102.5;130960
2026-01-22;2026-01-22;CPTS11;Capitânia Securities II;7.84;1391785
2026-01-22;2026-01-22;GGRC11;GGR Covepi Renda;9.98;1021313
2026-01-22;2026-01-22;HGBS11;CSHG Brasil Shopping;19.97;369495
2026-01-22;2026-01-22;HGCR11;CSHG Recebíveis Imobiliários;98.28;17891
2026-01-22;2026-01-22;HGLG11;CSHG Logística;156.97;79854
2026-01-22;2026-01-22;HGRE11;CSHG Real Estate;124.6;18718
2026-01-22;2026-01-22;HGRU11;CSHG Renda Urbana;130.0;35185
2026-01-22;2026-01-22;HSML11;HSI Malls;91.01;51201
2026-01-22;2026-01-22;KNCR11;Kinea Rendimentos Imobiliários;105.96;232231
2026-01-22;2026-01-22;KNIP11;Kinea Índices de Preços;91.1;100580
2026-01-22;2026-01-22;KNRI11;Kinea Renda Imobiliária;162.5;45885
2026-01-22;2026-01-22;KNSC11;Kinea Securities;8.95;633623
2026-01-22;2026-01-22;MCCI11;Mauá Capital Recebíveis Imobiliários;91.62;51411
2026-01-22;2026-01-22;MXRF11;Maxi Renda;9.5;2036738
2026-01-22;2026-01-22;PCIP11;Patria Crédito Imobiliário (ex-CVBI11);85.0;33929
2026-01-22;2026-01-22;PVBI11;VBI Prime Properties;80.8;76864
2026-01-22;2026-01-22;RBRR11;RBR Rendimento High Grade;88.42;81064
2026-01-22;2026-01-22;RBRY11;RBR Alpha Multiestratégia;98.07;73103
2026-01-22;2026-01-22;RECR11;REC Recebíveis Imobiliários;81.7;32894
2026-01-22;2026-01-22;TGAR11;TG Ativo Real;92.64;55292
2026-01-22;2026-01-22;TRXF11;TRX Real Estate;95.71;577075
2026-01-22;2026-01-22;VISC11;Vinci Shopping Centers;109.1;58963
2026-01-22;2026-01-22;VRTA11;Fator Verità;79.61;13412
2026-01-22;2026-01-22;XPLG11;XP Log;102.25;56285
2026-01-22;2026-01-22;XPML11;XP Malls;109.18;128405
2026-01-23;2026-01-23;ALZR11;Alianza Trust Renda Imobiliária;10.72;221529
2026-01-23;2026-01-23;BCIA11;Brasil Capital Real Estate FoF;89.95;5588
2026-01-23;2026-01-23;BRCO11;Bresco Logística;119.01;31722
2026-01-23;2026-01-23;BTLG11;BTG Pactual Logística;102.7;178239
2026-01-23;2026-01-23;CPTS11;Capitânia Securities II;7.98;891008
2026-01-23;2026-01-23;GGRC11;GGR Covepi Renda;10.03;1127283
2026-01-23;2026-01-23;HGBS11;CSHG Brasil Shopping;20.05;110515
2026-01-23;2026-01-23;HGCR11;CSHG Recebíveis Imobiliários;99.1;48295
2026-01-23;2026-01-23;HGLG11;CSHG Logística;157.4;89150
2026-01-23;2026-01-23;HGRE11;CSHG Real Estate;126.81;26070
2026-01-23;2026-01-23;HGRU11;CSHG Renda Urbana;132.03;41829
2026-01-23;2026-01-23;HSML11;HSI Malls;91.62;34711
2026-01-23;2026-01-23;KNCR11;Kinea Rendimentos Imobiliários;106.31;196674
2026-01-23;2026-01-23;KNIP11;Kinea Índices de Preços;91.95;125035
2026-01-23;2026-01-23;KNRI11;Kinea Renda Imobiliária;163.06;35317
2026-01-23;2026-01-23;KNSC11;Kinea Securities;9.05;718851
2026-01-23;2026-01-23;MCCI11;Mauá Capital Recebíveis Imobiliários;92.79;61674
2026-01-23;2026-01-23;MXRF11;Maxi Renda;9.5;2938662
2026-01-23;2026-01-23;PCIP11;Patria Crédito Imobiliário (ex-CVBI11);86.23;68487
2026-01-23;2026-01-23;PVBI11;VBI Prime Properties;81.8;89170
2026-01-23;2026-01-23;RBRR11;RBR Rendimento High Grade;89.95;54484
2026-01-23;2026-01-23;RBRY11;RBR Alpha Multiestratégia;98.05;61458
2026-01-23;2026-01-23;RECR11;REC Recebíveis Imobiliários;82.03;47530
2026-01-23;2026-01-23;TGAR11;TG Ativo Real;92.87;56581
2026-01-23;2026-01-23;TRXF11;TRX Real Estate;95.63;249024
2026-01-23;2026-01-23;VISC11;Vinci Shopping Centers;109.78;72857
2026-01-23;2026-01-23;VRTA11;Fator Verità;80.0;20473
2026-01-23;2026-01-23;XPLG11;XP Log;102.55;80853
2026-01-23;2026-01-23;XPML11;XP Malls;109.5;150686
2026-01-26;2026-01-26;ALZR11;Alianza Trust Renda Imobiliária;10.72;247285
2026-01-26;2026-01-26;BCIA11;Brasil Capital Real Estate FoF;92.75;11669
2026-01-26;2026-01-26;BRCO11;Bresco Logística;119.33;43628
2026-01-26;2026-01-26;BTLG11;BTG Pactual Logística;102.75;154574
2026-01-26;2026-01-26;CPTS11;Capitânia Securities II;8.03;919172
2026-01-26;2026-01-26;GGRC11;GGR Covepi Renda;10.04;861616
2026-01-26;2026-01-26;HGBS11;CSHG Brasil Shopping;19.97;773291
2026-01-26;2026-01-26;HGCR11;CSHG Recebíveis Imobiliários;98.62;55458
2026-01-26;2026-01-26;HGLG11;CSHG Logística;157.37;98304
2026-01-26;2026-01-26;HGRE11;CSHG Real Estate;126.92;30182
2026-01-26;2026-01-26;HGRU11;CSHG Renda Urbana;129.3;73463
2026-01-26;2026-01-26;HSML11;HSI Malls;91.38;44954
2026-01-26;2026-01-26;KNCR11;Kinea Rendimentos Imobiliários;106.4;223999
2026-01-26;2026-01-26;KNIP11;Kinea Índices de Preços;91.8;90251
2026-01-26;2026-01-26;KNRI11;Kinea Renda Imobiliária;163.21;36203
2026-01-26;2026-01-26;KNSC11;Kinea Securities;9.07;900078
2026-01-26;2026-01-26;MCCI11;Mauá Capital Recebíveis Imobiliários;92.41;67688
2026-01-26;2026-01-26;MXRF11;Maxi Renda;9.5;2918831
2026-01-26;2026-01-26;PCIP11;Patria Crédito Imobiliário (ex-CVBI11);86.5;67904
2026-01-26;2026-01-26;PVBI11;VBI Prime Properties;82.39;60176
2026-01-26;2026-01-26;RBRR11;RBR Rendimento High Grade;89.41;51757
2026-01-26;2026-01-26;RBRY11;RBR Alpha Multiestratégia;98.15;88469
2026-01-26;2026-01-26;RECR11;REC Recebíveis Imobiliários;82.72;35023
2026-01-26;2026-01-26;TGAR11;TG Ativo Real;93.2;71641
2026-01-26;2026-01-26;TRXF11;TRX Real Estate;95.51;284148
2026-01-26;2026-01-26;VISC11;Vinci Shopping Centers;109.35;75706
2026-01-26;2026-01-26;VRTA11;Fator Verità;79.82;19382
2026-01-26;2026-01-26;XPLG11;XP Log;102.7;59678
2026-01-26;2026-01-26;XPML11;XP Malls;109.5;170274
2026-01-27;2026-01-27;ALZR11;Alianza Trust Renda Imobiliária;10.69;242757
2026-01-27;2026-01-27;BCIA11;Brasil Capital Real Estate FoF;93.89;10360
2026-01-27;2026-01-27;BRCO11;Bresco Logística;118.6;42388
2026-01-27;2026-01-27;BTLG11;BTG Pactual Logística;102.69;151515
2026-01-27;2026-01-27;CPTS11;Capitânia Securities II;8.06;992406
2026-01-27;2026-01-27;GGRC11;GGR Covepi Renda;10.01;974951
2026-01-27;2026-01-27;HGBS11;CSHG Brasil Shopping;20.02;203104
2026-01-27;2026-01-27;HGCR11;CSHG Recebíveis Imobiliários;98.5;19685
2026-01-27;2026-01-27;HGLG11;CSHG Logística;157.37;91186
2026-01-27;2026-01-27;HGRE11;CSHG Real Estate;127.08;30340
2026-01-27;2026-01-27;HGRU11;CSHG Renda Urbana;127.95;59143
2026-01-27;2026-01-27;HSML11;HSI Malls;92.1;91866
2026-01-27;2026-01-27;KNCR11;Kinea Rendimentos Imobiliários;106.33;218085
2026-01-27;2026-01-27;KNIP11;Kinea Índices de Preços;91.7;161562
2026-01-27;2026-01-27;KNRI11;Kinea Renda Imobiliária;163.15;34574
2026-01-27;2026-01-27;KNSC11;Kinea Securities;9.15;653137
2026-01-27;2026-01-27;MCCI11;Mauá Capital Recebíveis Imobiliários;92.8;53529
2026-01-27;2026-01-27;MXRF11;Maxi Renda;9.49;2504914
2026-01-27;2026-01-27;PCIP11;Patria Crédito Imobiliário (ex-CVBI11);87.6;60487
2026-01-27;2026-01-27;PVBI11;VBI Prime Properties;81.32;63800
2026-01-27;2026-01-27;RBRR11;RBR Rendimento High Grade;89.32;35087
2026-01-27;2026-01-27;RBRY11;RBR Alpha Multiestratégia;98.03;64190
2026-01-27;2026-01-27;RECR11;REC Recebíveis Imobiliários;82.49;39354
2026-01-27;2026-01-27;TGAR11;TG Ativo Real;82.3;497499
2026-01-27;2026-01-27;TRXF11;TRX Real Estate;95.4;319550
2026-01-27;2026-01-27;VISC11;Vinci Shopping Centers;109.66;66044
2026-01-27;2026-01-27;VRTA11;Fator Verità;79.99;21448
2026-01-27;2026-01-27;XPLG11;XP Log;102.48;104727
2026-01-27;2026-01-27;XPML11;XP Malls;109.32;169004
2026-01-28;2026-01-28;ALZR11;Alianza Trust Renda Imobiliária;10.71;265776
2026-01-28;2026-01-28;BCIA11;Brasil Capital Real Estate FoF;94.5;5426
2026-01-28;2026-01-28;BRCO11;Bresco Logística;118.41;45517
2026-01-28;2026-01-28;BTLG11;BTG Pactual Logística;102.53;122625
2026-01-28;2026-01-28;CPTS11;Capitânia Securities II;8.01;814215
2026-01-28;2026-01-28;GGRC11;GGR Covepi Renda;10.03;993270
2026-01-28;2026-01-28;HGBS11;CSHG Brasil Shopping;20.03;152235
2026-01-28;2026-01-28;HGCR11;CSHG Recebíveis Imobiliários;98.66;26349
2026-01-28;2026-01-28;HGLG11;CSHG Logística;157.35;93439
2026-01-28;2026-01-28;HGRE11;CSHG Real Estate;128.49;23549
2026-01-28;2026-01-28;HGRU11;CSHG Renda Urbana;128.5;71460
2026-01-28;2026-01-28;HSML11;HSI Malls;92.25;35056
2026-01-28;2026-01-28;KNCR11;Kinea Rendimentos Imobiliários;106.75;173072
2026-01-28;2026-01-28;KNIP11;Kinea Índices de Preços;92.4;101037
2026-01-28;2026-01-28;KNRI11;Kinea Renda Imobiliária;163.5;33074
2026-01-28;2026-01-28;KNSC11;Kinea Securities;9.08;615426
2026-01-28;2026-01-28;MCCI11;Mauá Capital Recebíveis Imobiliários;94.0;61014
2026-01-28;2026-01-28;MXRF11;Maxi Renda;9.52;2416895
2026-01-28;2026-01-28;PCIP11;Patria Crédito Imobiliário (ex-CVBI11);87.4;34257
2026-01-28;2026-01-28;PVBI11;VBI Prime Properties;81.35;63881
2026-01-28;2026-01-28;RBRR11;RBR Rendimento High Grade;89.48;32216
2026-01-28;2026-01-28;RBRY11;RBR Alpha Multiestratégia;98.29;85030
2026-01-28;2026-01-28;RECR11;REC Recebíveis Imobiliários;82.77;39081
2026-01-28;2026-01-28;TGAR11;TG Ativo Real;80.0;471740
2026-01-28;2026-01-28;TRXF11;TRX Real Estate;95.43;267875
2026-01-28;2026-01-28;VISC11;Vinci Shopping Centers;109.65;60359
2026-01-28;2026-01-28;VRTA11;Fator Verità;80.0;19447
2026-01-28;2026-01-28;XPLG11;XP Log;102.8;74283
2026-01-28;2026-01-28;XPML11;XP Malls;109.71;154532
2026-01-29;2026-01-29;ALZR11;Alianza Trust Renda Imobiliária;10.7;252062
2026-01-29;2026-01-29;BCIA11;Brasil Capital Real Estate FoF;95.25;9827
2026-01-29;2026-01-29;BRCO11;Bresco Logística;118.4;74006
2026-01-29;2026-01-29;BTLG11;BTG Pactual Logística;102.8;136013
2026-01-29;2026-01-29;CPTS11;Capitânia Securities II;8.0;1048748
2026-01-29;2026-01-29;GGRC11;GGR Covepi Renda;10.05;909426
2026-01-29;2026-01-29;HGBS11;CSHG Brasil Shopping;20.05;132243
2026-01-29;2026-01-29;HGCR11;CSHG Recebíveis Imobiliários;98.5;48546
2026-01-29;2026-01-29;HGLG11;CSHG Logística;157.2;96440
2026-01-29;2026-01-29;HGRE11;CSHG Real Estate;126.72;25273
2026-01-29;2026-01-29;HGRU11;CSHG Renda Urbana;127.59;60783
2026-01-29;2026-01-29;HSML11;HSI Malls;92.38;36602
2026-01-29;2026-01-29;KNCR11;Kinea Rendimentos Imobiliários;106.75;175448
2026-01-29;2026-01-29;KNIP11;Kinea Índices de Preços;91.52;125518
2026-01-29;2026-01-29;KNRI11;Kinea Renda Imobiliária;163.19;37442
2026-01-29;2026-01-29;KNSC11;Kinea Securities;9.12;527930
2026-01-29;2026-01-29;MCCI11;Mauá Capital Recebíveis Imobiliários;94.03;56025
2026-01-29;2026-01-29;MXRF11;Maxi Renda;9.57;2016271
2026-01-29;2026-01-29;PCIP11;Patria Crédito Imobiliário (ex-CVBI11);87.9;32805
2026-01-29;2026-01-29;PVBI11;VBI Prime Properties;82.74;85009
2026-01-29;2026-01-29;RBRR11;RBR Rendimento High Grade;89.39;47498
2026-01-29;2026-01-29;RBRY11;RBR Alpha Multiestratégia;98.17;47458
2026-01-29;2026-01-29;RECR11;REC Recebíveis Imobiliários;82.7;43974
2026-01-29;2026-01-29;TGAR11;TG Ativo Real;80.52;270488
2026-01-29;2026-01-29;TRXF11;TRX Real Estate;95.4;317335
2026-01-29;2026-01-29;VISC11;Vinci Shopping Centers;109.08;67056
2026-01-29;2026-01-29;VRTA11;Fator Verità;79.83;21068
2026-01-29;2026-01-29;XPLG11;XP Log;102.7;56142
2026-01-29;2026-01-29;XPML11;XP Malls;110.25;147654
2026-01-30;2026-01-30;ALZR11;Alianza Trust Renda Imobiliária;10.76;232799
2026-01-30;2026-01-30;BCIA11;Brasil Capital Real Estate FoF;96.16;10668
2026-01-30;2026-01-30;BRCO11;Bresco Logística;119.58;45758
2026-01-30;2026-01-30;BTLG11;BTG Pactual Logística;102.61;158515
2026-01-30;2026-01-30;CPTS11;Capitânia Securities II;8.17;1000137
2026-01-30;2026-01-30;GGRC11;GGR Covepi Renda;10.05;1051872
2026-01-30;2026-01-30;HGBS11;CSHG Brasil Shopping;20.0;749531
2026-01-30;2026-01-30;HGCR11;CSHG Recebíveis Imobiliários;98.86;27977
2026-01-30;2026-01-30;HGLG11;CSHG Logística;157.5;109418
2026-01-30;2026-01-30;HGRE11;CSHG Real Estate;124.04;66608
2026-01-30;2026-01-30;HGRU11;CSHG Renda Urbana;129.05;49649
2026-01-30;2026-01-30;HSML11;HSI Malls;92.58;50111
2026-01-30;2026-01-30;KNCR11;Kinea Rendimentos Imobiliários;106.95;199491
2026-01-30;2026-01-30;KNIP11;Kinea Índices de Preços;91.81;78131
2026-01-30;2026-01-30;KNRI11;Kinea Renda Imobiliária;165.6;46139
2026-01-30;2026-01-30;KNSC11;Kinea Securities;9.17;669398
2026-01-30;2026-01-30;MCCI11;Mauá Capital Recebíveis Imobiliários;94.5;65098
2026-01-30;2026-01-30;MXRF11;Maxi Renda;9.62;2240459
2026-01-30;2026-01-30;PCIP11;Patria Crédito Imobiliário (ex-CVBI11);88.71;65555
2026-01-30;2026-01-30;PVBI11;VBI Prime Properties;83.48;76085
2026-01-30;2026-01-30;RBRR11;RBR Rendimento High Grade;89.86;50116
2026-01-30;2026-01-30;RBRY11;RBR Alpha Multiestratégia;99.25;60050
2026-01-30;2026-01-30;RECR11;REC Recebíveis Imobiliários;82.97;46448
2026-01-30;2026-01-30;TGAR11;TG Ativo Real;78.25;331053
2026-01-30;2026-01-30;TRXF11;TRX Real Estate;95.39;317326
2026-01-30;2026-01-30;VISC11;Vinci Shopping Centers;109.3;77723
2026-01-30;2026-01-30;VRTA11;Fator Verità;80.0;19870
2026-01-30;2026-01-30;XPLG11;XP Log;103.99;51042
2026-01-30;2026-01-30;XPML11;XP Malls;110.75;140844
2026-02-02;2026-02-02;ALZR11;Alianza Trust Renda Imobiliária;10.72;223706
2026-02-02;2026-02-02;BCIA11;Brasil Capital Real Estate FoF;94.0;5895
2026-02-02;2026-02-02;BRCO11;Bresco Logística;117.9;58777
2026-02-02;2026-02-02;BTLG11;BTG Pactual Logística;102.56;179304
2026-02-02;2026-02-02;CPTS11;Capitânia Securities II;8.17;1191774
2026-02-02;2026-02-02;GGRC11;GGR Covepi Renda;10.05;1247965
2026-02-02;2026-02-02;HGBS11;CSHG Brasil Shopping;19.96;202267
2026-02-02;2026-02-02;HGCR11;CSHG Recebíveis Imobiliários;97.17;47566
2026-02-02;2026-02-02;HGLG11;CSHG Logística;156.92;83896
2026-02-02;2026-02-02;HGRE11;CSHG Real Estate;123.65;24915
2026-02-02;2026-02-02;HGRU11;CSHG Renda Urbana;126.25;94707
2026-02-02;2026-02-02;HSML11;HSI Malls;93.99;78884
2026-02-02;2026-02-02;KNCR11;Kinea Rendimentos Imobiliários;106.09;292594
2026-02-02;2026-02-02;KNIP11;Kinea Índices de Preços;90.43;90486
2026-02-02;2026-02-02;KNRI11;Kinea Renda Imobiliária;161.72;56948
2026-02-02;2026-02-02;KNSC11;Kinea Securities;8.89;1176963
2026-02-02;2026-02-02;MCCI11;Mauá Capital Recebíveis Imobiliários;95.8;113170
2026-02-02;2026-02-02;MXRF11;Maxi Renda;9.5;2178626
2026-02-02;2026-02-02;PCIP11;Patria Crédito Imobiliário (ex-CVBI11);88.81;53698
2026-02-02;2026-02-02;PVBI11;VBI Prime Properties;83.83;95199
2026-02-02;2026-02-02;RBRR11;RBR Rendimento High Grade;88.08;131425
2026-02-02;2026-02-02;RBRY11;RBR Alpha Multiestratégia;99.41;53036
2026-02-02;2026-02-02;RECR11;REC Recebíveis Imobiliários;82.68;45089
2026-02-02;2026-02-02;TGAR11;TG Ativo Real;75.21;349684
2026-02-02;2026-02-02;TRXF11;TRX Real Estate;94.36;240985
2026-02-02;2026-02-02;VISC11;Vinci Shopping Centers;108.26;62854
2026-02-02;2026-02-02;VRTA11;Fator Verità;78.9;28575
2026-02-02;2026-02-02;XPLG11;XP Log;103.4;49869
2026-02-02;2026-02-02;XPML11;XP Malls;110.7;164201
2026-02-03;2026-02-03;ALZR11;Alianza Trust Renda Imobiliária;10.75;221734
2026-02-03;2026-02-03;BCIA11;Brasil Capital Real Estate FoF;94.33;6743
2026-02-03;2026-02-03;BRCO11;Bresco Logística;118.69;57060
2026-02-03;2026-02-03;BTLG11;BTG Pactual Logística;102.79;205345
2026-02-03;2026-02-03;CPTS11;Capitânia Securities II;8.07;2192490
2026-02-03;2026-02-03;GGRC11;GGR Covepi Renda;9.97;1030812
2026-02-03;2026-02-03;HGBS11;CSHG Brasil Shopping;19.98;170529
2026-02-03;2026-02-03;HGCR11;CSHG Recebíveis Imobiliários;97.13;60066
2026-02-03;2026-02-03;HGLG11;CSHG Logística;157.11;72702
2026-02-03;2026-02-03;HGRE11;CSHG Real Estate;124.59;16014
2026-02-03;2026-02-03;HGRU11;CSHG Renda Urbana;126.25;81947
2026-02-03;2026-02-03;HSML11;HSI Malls;93.3;57175
2026-02-03;2026-02-03;KNCR11;Kinea Rendimentos Imobiliários;105.69;286684
2026-02-03;2026-02-03;KNIP11;Kinea Índices de Preços;90.0;133408
2026-02-03;2026-02-03;KNRI11;Kinea Renda Imobiliária;161.2;60983
2026-02-03;2026-02-03;KNSC11;Kinea Securities;9.02;939188
2026-02-03;2026-02-03;MCCI11;Mauá Capital Recebíveis Imobiliários;95.15;76185
2026-02-03;2026-02-03;MXRF11;Maxi Renda;9.54;1806065
2026-02-03;2026-02-03;PCIP11;Patria Crédito Imobiliário (ex-CVBI11);88.49;35949
2026-02-03;2026-02-03;PVBI11;VBI Prime Properties;84.24;92604
2026-02-03;2026-02-03;RBRR11;RBR Rendimento High Grade;87.9;104893
2026-02-03;2026-02-03;RBRY11;RBR Alpha Multiestratégia;99.48;69987
2026-02-03;2026-02-03;RECR11;REC Recebíveis Imobiliários;83.09;34603
2026-02-03;2026-02-03;TGAR11;TG Ativo Real;77.91;140752
2026-02-03;2026-02-03;TRXF11;TRX Real Estate;94.54;199504
2026-02-03;2026-02-03;VISC11;Vinci Shopping Centers;108.75;57098
2026-02-03;2026-02-03;VRTA11;Fator Verità;79.4;18753
2026-02-03;2026-02-03;XPLG11;XP Log;103.21;77853
2026-02-03;2026-02-03;XPML11;XP Malls;110.7;132115
2026-02-04;2026-02-04;ALZR11;Alianza Trust Renda Imobiliária;10.75;222022
2026-02-04;2026-02-04;BCIA11;Brasil Capital Real Estate FoF;94.08;3602
2026-02-04;2026-02-04;BRCO11;Bresco Logística;119.18;33504
2026-02-04;2026-02-04;BTLG11;BTG Pactual Logística;102.55;114890
2026-02-04;2026-02-04;CPTS11;Capitânia Securities II;8.06;1065526
2026-02-04;2026-02-04;GGRC11;GGR Covepi Renda;9.96;782583
2026-02-04;2026-02-04;HGBS11;CSHG Brasil Shopping;19.98;113148
2026-02-04;2026-02-04;HGCR11;CSHG Recebíveis Imobiliários;96.47;36680
2026-02-04;2026-02-04;HGLG11;CSHG Logística;156.95;61818
2026-02-04;2026-02-04;HGRE11;CSHG Real Estate;124.6;15972
2026-02-04;2026-02-04;HGRU11;CSHG Renda Urbana;125.8;43304
2026-02-04;2026-02-04;HSML11;HSI Malls;92.87;32581
2026-02-04;2026-02-04;KNCR11;Kinea Rendimentos Imobiliários;105.3;161192
2026-02-04;2026-02-04;KNIP11;Kinea Índices de Preços;90.1;64678
2026-02-04;2026-02-04;KNRI11;Kinea Renda Imobiliária;162.68;39809
2026-02-04;2026-02-04;KNSC11;Kinea Securities;9.03;472634
2026-02-04;2026-02-04;MCCI11;Mauá Capital Recebíveis Imobiliários;95.67;33901
2026-02-04;2026-02-04;MXRF11;Maxi Renda;9.53;1246265
2026-02-04;2026-02-04;PCIP11;Patria Crédito Imobiliário (ex-CVBI11);87.06;40839
2026-02-04;2026-02-04;PVBI11;VBI Prime Properties;83.91;39782
2026-02-04;2026-02-04;RBRR11;RBR Rendimento High Grade;87.15;72508
2026-02-04;2026-02-04;RBRY11;RBR Alpha Multiestratégia;99.37;42359
2026-02-04;2026-02-04;RECR11;REC Recebíveis Imobiliários;83.06;29533
2026-02-04;2026-02-04;TGAR11;TG Ativo Real;77.15;97246
2026-02-04;2026-02-04;TRXF11;TRX Real Estate;94.52;183704
2026-02-04;2026-02-04;VISC11;Vinci Shopping Centers;108.32;48320
2026-02-04;2026-02-04;VRTA11;Fator Verità;79.33;13720
2026-02-04;2026-02-04;XPLG11;XP Log;103.33;29776
2026-02-04;2026-02-04;XPML11;XP Malls;110.55;131753
2026-02-05;2026-02-05;ALZR11;Alianza Trust Renda Imobiliária;10.7;200192
2026-02-05;2026-02-05;BCIA11;Brasil Capital Real Estate FoF;94.0;4726
2026-02-05;2026-02-05;BRCO11;Bresco Logística;118.74;30678
2026-02-05;2026-02-05;BTLG11;BTG Pactual Logística;102.5;122109
2026-02-05;2026-02-05;CPTS11;Capitânia Securities II;8.07;905623
2026-02-05;2026-02-05;GGRC11;GGR Covepi Renda;9.97;905340
2026-02-05;2026-02-05;HGBS11;CSHG Brasil Shopping;20.0;100986
2026-02-05;2026-02-05;HGCR11;CSHG Recebíveis Imobiliários;95.53;54826
2026-02-05;2026-02-05;HGLG11;CSHG Logística;156.91;68080
2026-02-05;2026-02-05;HGRE11;CSHG Real Estate;126.49;15849
2026-02-05;2026-02-05;HGRU11;CSHG Renda Urbana;126.15;39612
2026-02-05;2026-02-05;HSML11;HSI Malls;92.99;46427
2026-02-05;2026-02-05;KNCR11;Kinea Rendimentos Imobiliários;105.42;152785
2026-02-05;2026-02-05;KNIP11;Kinea Índices de Preços;90.72;65128
2026-02-05;2026-02-05;KNRI11;Kinea Renda Imobiliária;163.34;49352
2026-02-05;2026-02-05;KNSC11;Kinea Securities;9.02;556154
2026-02-05;2026-02-05;MCCI11;Mauá Capital Recebíveis Imobiliários;95.31;46767
2026-02-05;2026-02-05;MXRF11;Maxi Renda;9.56;1382478
2026-02-05;2026-02-05;PCIP11;Patria Crédito Imobiliário (ex-CVBI11);86.89;55019
2026-02-05;2026-02-05;PVBI11;VBI Prime Properties;83.76;49687
2026-02-05;2026-02-05;RBRR11;RBR Rendimento High Grade;86.75;82514
2026-02-05;2026-02-05;RBRY11;RBR Alpha Multiestratégia;99.06;56038
2026-02-05;2026-02-05;RECR11;REC Recebíveis Imobiliários;83.41;51843
2026-02-05;2026-02-05;TGAR11;TG Ativo Real;77.99;127586
2026-02-05;2026-02-05;TRXF11;TRX Real Estate;93.94;207964
2026-02-05;2026-02-05;VISC11;Vinci Shopping Centers;108.41;49620
2026-02-05;2026-02-05;VRTA11;Fator Verità;79.25;19522
2026-02-05;2026-02-05;XPLG11;XP Log;103.31;39551
2026-02-05;2026-02-05;XPML11;XP Malls;110.64;94968
2026-02-06;2026-02-06;ALZR11;Alianza Trust Renda Imobiliária;10.8;231875
2026-02-06;2026-02-06;BCIA11;Brasil Capital Real Estate FoF;96.22;14122
2026-02-06;2026-02-06;BRCO11;Bresco Logística;118.61;35456
2026-02-06;2026-02-06;BTLG11;BTG Pactual Logística;102.78;134223
2026-02-06;2026-02-06;CPTS11;Capitânia Securities II;8.16;1349760
2026-02-06;2026-02-06;GGRC11;GGR Covepi Renda;9.99;2217154
2026-02-06;2026-02-06;HGBS11;CSHG Brasil Shopping;20.05;143908
2026-02-06;2026-02-06;HGCR11;CSHG Recebíveis Imobiliários;95.03;44420
2026-02-06;2026-02-06;HGLG11;CSHG Logística;157.0;62986
2026-02-06;2026-02-06;HGRE11;CSHG Real Estate;126.05;19059
2026-02-06;2026-02-06;HGRU11;CSHG Renda Urbana;127.0;44910
2026-02-06;2026-02-06;HSML11;HSI Malls;92.89;42950
2026-02-06;2026-02-06;KNCR11;Kinea Rendimentos Imobiliários;105.58;175352
2026-02-06;2026-02-06;KNIP11;Kinea Índices de Preços;90.01;89826
2026-02-06;2026-02-06;KNRI11;Kinea Renda Imobiliária;164.85;40586
2026-02-06;2026-02-06;KNSC11;Kinea Securities;9.04;441658
2026-02-06;2026-02-06;MCCI11;Mauá Capital Recebíveis Imobiliários;95.22;58011
2026-02-06;2026-02-06;MXRF11;Maxi Renda;9.58;1639044
2026-02-06;2026-02-06;PCIP11;Patria Crédito Imobiliário (ex-CVBI11);85.79;60269
2026-02-06;2026-02-06;PVBI11;VBI Prime Properties;83.06;90630
2026-02-06;2026-02-06;RBRR11;RBR Rendimento High Grade;86.23;72718
2026-02-06;2026-02-06;RBRY11;RBR Alpha Multiestratégia;98.93;77479
2026-02-06;2026-02-06;RECR11;REC Recebíveis Imobiliários;83.22;37464
2026-02-06;2026-02-06;TGAR11;TG Ativo Real;78.68;84250
2026-02-06;2026-02-06;TRXF11;TRX Real Estate;93.5;234783
2026-02-06;2026-02-06;VISC11;Vinci Shopping Centers;108.73;57681
2026-02-06;2026-02-06;VRTA11;Fator Verità;79.35;14314
2026-02-06;2026-02-06;XPLG11;XP Log;103.2;61975
2026-02-06;2026-02-06;XPML11;XP Malls;110.37;131053
2026-02-09;2026-02-09;ALZR11;Alianza Trust Renda Imobiliária;10.83;297041
2026-02-09;2026-02-09;BCIA11;Brasil Capital Real Estate FoF;95.89;11489
2026-02-09;2026-02-09;BRCO11;Bresco Logística;117.83;48732
2026-02-09;2026-02-09;BTLG11;BTG Pactual Logística;102.47;142797
2026-02-09;2026-02-09;CPTS11;Capitânia Securities II;8.15;1007524
2026-02-09;2026-02-09;GGRC11;GGR Covepi Renda;10.0;971462
2026-02-09;2026-02-09;HGBS11;CSHG Brasil Shopping;20.05;169403
2026-02-09;2026-02-09;HGCR11;CSHG Recebíveis Imobiliários;95.55;68985
2026-02-09;2026-02-09;HGLG11;CSHG Logística;157.04;76963
2026-02-09;2026-02-09;HGRE11;CSHG Real Estate;125.19;26093
2026-02-09;2026-02-09;HGRU11;CSHG Renda Urbana;126.56;53723
2026-02-09;2026-02-09;HSML11;HSI Malls;92.6;41332
2026-02-09;2026-02-09;KNCR11;Kinea Rendimentos Imobiliários;105.39;194162
2026-02-09;2026-02-09;KNIP11;Kinea Índices de Preços;91.14;109822
2026-02-09;2026-02-09;KNRI11;Kinea Renda Imobiliária;164.96;43030
2026-02-09;2026-02-09;KNSC11;Kinea Securities;9.05;615674
2026-02-09;2026-02-09;MCCI11;Mauá Capital Recebíveis Imobiliários;95.51;57506
2026-02-09;2026-02-09;MXRF11;Maxi Renda;9.64;1606489
2026-02-09;2026-02-09;PCIP11;Patria Crédito Imobiliário (ex-CVBI11);85.23;75294
2026-02-09;2026-02-09;PVBI11;VBI Prime Properties;82.68;86172
2026-02-09;2026-02-09;RBRR11;RBR Rendimento High Grade;85.9;114212
2026-02-09;2026-02-09;RBRY11;RBR Alpha Multiestratégia;98.8;50232
2026-02-09;2026-02-09;RECR11;REC Recebíveis Imobiliários;81.1;52272
2026-02-09;2026-02-09;TGAR11;TG Ativo Real;78.7;67395
2026-02-09;2026-02-09;TRXF11;TRX Real Estate;93.04;252999
2026-02-09;2026-02-09;VISC11;Vinci Shopping Centers;108.51;59450
2026-02-09;2026-02-09;VRTA11;Fator Verità;79.05;19687
2026-02-09;2026-02-09;XPLG11;XP Log;102.89;43782
2026-02-09;2026-02-09;XPML11;XP Malls;110.4;147077
2026-02-10;2026-02-10;ALZR11;Alianza Trust Renda Imobiliária;10.76;277057
2026-02-10;2026-02-10;BCIA11;Brasil Capital Real Estate FoF;95.65;6364
2026-02-10;2026-02-10;BRCO11;Bresco Logística;118.27;40206
2026-02-10;2026-02-10;BTLG11;BTG Pactual Logística;102.4;518569
2026-02-10;2026-02-10;CPTS11;Capitânia Securities II;8.16;843459
2026-02-10;2026-02-10;GGRC11;GGR Covepi Renda;10.02;995820
2026-02-10;2026-02-10;HGBS11;CSHG Brasil Shopping;20.01;114925
2026-02-10;2026-02-10;HGCR11;CSHG Recebíveis Imobiliários;95.6;40420
2026-02-10;2026-02-10;HGLG11;CSHG Logística;156.66;314167
2026-02-10;2026-02-10;HGRE11;CSHG Real Estate;124.95;20748
2026-02-10;2026-02-10;HGRU11;CSHG Renda Urbana;125.95;37205
2026-02-10;2026-02-10;HSML11;HSI Malls;92.46;37818
2026-02-10;2026-02-10;KNCR11;Kinea Rendimentos Imobiliários;105.04;145934
2026-02-10;2026-02-10;KNIP11;Kinea Índices de Preços;90.52;66338
2026-02-10;2026-02-10;KNRI11;Kinea Renda Imobiliária;164.4;28851
2026-02-10;2026-02-10;KNSC11;Kinea Securities;8.97;860496
2026-02-10;2026-02-10;MCCI11;Mauá Capital Recebíveis Imobiliários;95.2;67425
2026-02-10;2026-02-10;MXRF11;Maxi Renda;9.6;1451003
2026-02-10;2026-02-10;PCIP11;Patria Crédito Imobiliário (ex-CVBI11);83.01;70927
2026-02-10;2026-02-10;PVBI11;VBI Prime Properties;80.57;127276
2026-02-10;2026-02-10;RBRR11;RBR Rendimento High Grade;85.29;84237
2026-02-10;2026-02-10;RBRY11;RBR Alpha Multiestratégia;97.29;124443
2026-02-10;2026-02-10;RECR11;REC Recebíveis Imobiliários;81.07;56319
2026-02-10;2026-02-10;TGAR11;TG Ativo Real;80.03;113478
2026-02-10;2026-02-10;TRXF11;TRX Real Estate;92.89;222586
2026-02-10;2026-02-10;VISC11;Vinci Shopping Centers;108.0;56414
2026-02-10;2026-02-10;VRTA11;Fator Verità;78.85;24810
2026-02-10;2026-02-10;XPLG11;XP Log;102.02;44461
2026-02-10;2026-02-10;XPML11;XP Malls;110.3;860728
2026-02-11;2026-02-11;ALZR11;Alianza Trust Renda Imobiliária;10.8;273243
2026-02-11;2026-02-11;BCIA11;Brasil Capital Real Estate FoF;95.87;1921
2026-02-11;2026-02-11;BRCO11;Bresco Logística;117.87;34823
2026-02-11;2026-02-11;BTLG11;BTG Pactual Logística;102.66;125991
2026-02-11;2026-02-11;CPTS11;Capitânia Securities II;8.14;766020
2026-02-11;2026-02-11;GGRC11;GGR Covepi Renda;10.0;834598
2026-02-11;2026-02-11;HGBS11;CSHG Brasil Shopping;20.04;126994
2026-02-11;2026-02-11;HGCR11;CSHG Recebíveis Imobiliários;95.45;34553
2026-02-11;2026-02-11;HGLG11;CSHG Logística;156.78;63232
2026-02-11;2026-02-11;HGRE11;CSHG Real Estate;125.07;14796
2026-02-11;2026-02-11;HGRU11;CSHG Renda Urbana;126.0;56292
2026-02-11;2026-02-11;HSML11;HSI Malls;92.33;45000
2026-02-11;2026-02-11;KNCR11;Kinea Rendimentos Imobiliários;105.3;147354
2026-02-11;2026-02-11;KNIP11;Kinea Índices de Preços;90.11;81603
2026-02-11;2026-02-11;KNRI11;Kinea Renda Imobiliária;165.32;42045
2026-02-11;2026-02-11;KNSC11;Kinea Securities;8.92;498541
2026-02-11;2026-02-11;MCCI11;Mauá Capital Recebíveis Imobiliários;94.86;87256
2026-02-11;2026-02-11;MXRF11;Maxi Renda;9.67;1386811
2026-02-11;2026-02-11;PCIP11;Patria Crédito Imobiliário (ex-CVBI11);82.84;42793
2026-02-11;2026-02-11;PVBI11;VBI Prime Properties;78.71;140764
2026-02-11;2026-02-11;RBRR11;RBR Rendimento High Grade;83.7;79802
2026-02-11;2026-02-11;RBRY11;RBR Alpha Multiestratégia;97.45;65752
2026-02-11;2026-02-11;RECR11;REC Recebíveis Imobiliários;82.48;51986
2026-02-11;2026-02-11;TGAR11;TG Ativo Real;79.9;101415
2026-02-11;2026-02-11;TRXF11;TRX Real Estate;93.11;203941
2026-02-11;2026-02-11;VISC11;Vinci Shopping Centers;107.9;64968
2026-02-11;2026-02-11;VRTA11;Fator Verità;78.82;25317
2026-02-11;2026-02-11;XPLG11;XP Log;102.59;37453
2026-02-11;2026-02-11;XPML11;XP Malls;110.32;190473
2026-02-12;2026-02-12;ALZR11;Alianza Trust Renda Imobiliária;10.81;253695
2026-02-12;2026-02-12;BCIA11;Brasil Capital Real Estate FoF;95.24;3654
2026-02-12;2026-02-12;BRCO11;Bresco Logística;118.51;26741
2026-02-12;2026-02-12;BTLG11;BTG Pactual Logística;102.67;132493
2026-02-12;2026-02-12;CPTS11;Capitânia Securities II;8.03;675523
2026-02-12;2026-02-12;GGRC11;GGR Covepi Renda;10.02;985910
2026-02-12;2026-02-12;HGBS11;CSHG Brasil Shopping;20.0;130922
2026-02-12;2026-02-12;HGCR11;CSHG Recebíveis Imobiliários;95.88;25814
2026-02-12;2026-02-12;HGLG11;CSHG Logística;156.5;63692
2026-02-12;2026-02-12;HGRE11;CSHG Real Estate;124.36;14966
2026-02-12;2026-02-12;HGRU11;CSHG Renda Urbana;125.65;45483
2026-02-12;2026-02-12;HSML11;HSI Malls;92.4;34205
2026-02-12;2026-02-12;KNCR11;Kinea Rendimentos Imobiliários;105.58;176272
2026-02-12;2026-02-12;KNIP11;Kinea Índices de Preços;90.6;90393
2026-02-12;2026-02-12;KNRI11;Kinea Renda Imobiliária;164.03;33228
2026-02-12;2026-02-12;KNSC11;Kinea Securities;8.95;545591
2026-02-12;2026-02-12;MCCI11;Mauá Capital Recebíveis Imobiliários;92.59;70982
2026-02-12;2026-02-12;MXRF11;Maxi Renda;9.67;1285807
2026-02-12;2026-02-12;PCIP11;Patria Crédito Imobiliário (ex-CVBI11);82.32;32902
2026-02-12;2026-02-12;PVBI11;VBI Prime Properties;78.34;160576
2026-02-12;2026-02-12;RBRR11;RBR Rendimento High Grade;84.2;48922
2026-02-12;2026-02-12;RBRY11;RBR Alpha Multiestratégia;97.0;68375
2026-02-12;2026-02-12;RECR11;REC Recebíveis Imobiliários;81.67;37905
2026-02-12;2026-02-12;TGAR11;TG Ativo Real;79.15;97510
2026-02-12;2026-02-12;TRXF11;TRX Real Estate;93.12;174549
2026-02-12;2026-02-12;VISC11;Vinci Shopping Centers;107.85;36616
2026-02-12;2026-02-12;VRTA11;Fator Verità;79.05;21051
2026-02-12;2026-02-12;XPLG11;XP Log;102.09;43205
2026-02-12;2026-02-12;XPML11;XP Malls;110.52;158149
2026-02-13;2026-02-13;ALZR11;Alianza Trust Renda Imobiliária;10.82;306173
2026-02-13;2026-02-13;BCIA11;Brasil Capital Real Estate FoF;95.76;5232
2026-02-13;2026-02-13;BRCO11;Bresco Logística;118.42;56335
2026-02-13;2026-02-13;BTLG11;BTG Pactual Logística;102.99;188582
2026-02-13;2026-02-13;CPTS11;Capitânia Securities II;8.0;1147508
2026-02-13;2026-02-13;GGRC11;GGR Covepi Renda;10.05;879114
2026-02-13;2026-02-13;HGBS11;CSHG Brasil Shopping;20.18;185469
2026-02-13;2026-02-13;HGCR11;CSHG Recebíveis Imobiliários;96.17;58075
2026-02-13;2026-02-13;HGLG11;CSHG Logística;156.88;92256
2026-02-13;2026-02-13;HGRE11;CSHG Real Estate;124.58;41024
2026-02-13;2026-02-13;HGRU11;CSHG Renda Urbana;126.01;66695
2026-02-13;2026-02-13;HSML11;HSI Malls;92.78;45690
2026-02-13;2026-02-13;KNCR11;Kinea Rendimentos Imobiliários;106.1;187856
2026-02-13;2026-02-13;KNIP11;Kinea Índices de Preços;91.45;77954
2026-02-13;2026-02-13;KNRI11;Kinea Renda Imobiliária;166.59;37512
2026-02-13;2026-02-13;KNSC11;Kinea Securities;9.0;725675
2026-02-13;2026-02-13;MCCI11;Mauá Capital Recebíveis Imobiliários;93.65;82029
2026-02-13;2026-02-13;MXRF11;Maxi Renda;9.74;1929688
2026-02-13;2026-02-13;PCIP11;Patria Crédito Imobiliário (ex-CVBI11);83.94;71012
2026-02-13;2026-02-13;PVBI11;VBI Prime Properties;79.58;93203
2026-02-13;2026-02-13;RBRR11;RBR Rendimento High Grade;85.8;73148
2026-02-13;2026-02-13;RBRY11;RBR Alpha Multiestratégia;97.15;71682
2026-02-13;2026-02-13;RECR11;REC Recebíveis Imobiliários;82.0;49610
2026-02-13;2026-02-13;TGAR11;TG Ativo Real;80.05;95666
2026-02-13;2026-02-13;TRXF11;TRX Real Estate;93.1;273973
2026-02-13;2026-02-13;VISC11;Vinci Shopping Centers;108.69;73442
2026-02-13;2026-02-13;VRTA11;Fator Verità;79.03;21333
2026-02-13;2026-02-13;XPLG11;XP Log;102.18;84659
2026-02-13;2026-02-13;XPML11;XP Malls;111.0;242443
2026-02-18;2026-02-18;ALZR11;Alianza Trust Renda Imobiliária;10.77;258370
2026-02-18;2026-02-18;BCIA11;Brasil Capital Real Estate FoF;96.09;4917
2026-02-18;2026-02-18;BRCO11;Bresco Logística;118.89;30629
2026-02-18;2026-02-18;BTLG11;BTG Pactual Logística;102.65;121459
2026-02-18;2026-02-18;CPTS11;Capitânia Securities II;7.95;864017
2026-02-18;2026-02-18;GGRC11;GGR Covepi Renda;10.05;947527
2026-02-18;2026-02-18;HGBS11;CSHG Brasil Shopping;20.1;118507
2026-02-18;2026-02-18;HGCR11;CSHG Recebíveis Imobiliários;96.7;26380
2026-02-18;2026-02-18;HGLG11;CSHG Logística;157.49;91243
2026-02-18;2026-02-18;HGRE11;CSHG Real Estate;123.41;20756
2026-02-18;2026-02-18;HGRU11;CSHG Renda Urbana;126.07;35264
2026-02-18;2026-02-18;HSML11;HSI Malls;92.0;28987
2026-02-18;2026-02-18;KNCR11;Kinea Rendimentos Imobiliários;106.0;185005
2026-02-18;2026-02-18;KNIP11;Kinea Índices de Preços;90.9;27382
2026-02-18;2026-02-18;KNRI11;Kinea Renda Imobiliária;165.95;24014
2026-02-18;2026-02-18;KNSC11;Kinea Securities;9.05;718954
2026-02-18;2026-02-18;MCCI11;Mauá Capital Recebíveis Imobiliários;93.56;49376
2026-02-18;2026-02-18;MXRF11;Maxi Renda;9.83;1825009
2026-02-18;2026-02-18;PCIP11;Patria Crédito Imobiliário (ex-CVBI11);83.51;35728
2026-02-18;2026-02-18;PVBI11;VBI Prime Properties;79.56;48444
2026-02-18;2026-02-18;RBRR11;RBR Rendimento High Grade;86.25;55670
2026-02-18;2026-02-18;RBRY11;RBR Alpha Multiestratégia;96.99;51303
2026-02-18;2026-02-18;RECR11;REC Recebíveis Imobiliários;80.75;39840
2026-02-18;2026-02-18;TGAR11;TG Ativo Real;80.79;40857
2026-02-18;2026-02-18;TRXF11;TRX Real Estate;92.98;217362
2026-02-18;2026-02-18;VISC11;Vinci Shopping Centers;108.72;48224
2026-02-18;2026-02-18;VRTA11;Fator Verità;79.27;13752
2026-02-18;2026-02-18;XPLG11;XP Log;102.2;36784
2026-02-18;2026-02-18;XPML11;XP Malls;111.05;154308
2026-02-19;2026-02-19;ALZR11;Alianza Trust Renda Imobiliária;10.78;191317
2026-02-19;2026-02-19;BCIA11;Brasil Capital Real Estate FoF;95.6;5958
2026-02-19;2026-02-19;BRCO11;Bresco Logística;118.5;40892
2026-02-19;2026-02-19;BTLG11;BTG Pactual Logística;102.55;112902
2026-02-19;2026-02-19;CPTS11;Capitânia Securities II;7.99;1788740
2026-02-19;2026-02-19;GGRC11;GGR Covepi Renda;10.03;931799
2026-02-19;2026-02-19;HGBS11;CSHG Brasil Shopping;20.17;177391
2026-02-19;2026-02-19;HGCR11;CSHG Recebíveis Imobiliários;96.09;24771
2026-02-19;2026-02-19;HGLG11;CSHG Logística;157.0;99700
2026-02-19;2026-02-19;HGRE11;CSHG Real Estate;123.53;25139
2026-02-19;2026-02-19;HGRU11;CSHG Renda Urbana;126.66;51239
2026-02-19;2026-02-19;HSML11;HSI Malls;91.92;97590
2026-02-19;2026-02-19;KNCR11;Kinea Rendimentos Imobiliários;106.02;168718
2026-02-19;2026-02-19;KNIP11;Kinea Índices de Preços;91.31;77084
2026-02-19;2026-02-19;KNRI11;Kinea Renda Imobiliária;165.19;30498
2026-02-19;2026-02-19;KNSC11;Kinea Securities;9.06;425711
2026-02-19;2026-02-19;MCCI11;Mauá Capital Recebíveis Imobiliários;93.55;32189
2026-02-19;2026-02-19;MXRF11;Maxi Renda;9.79;1517339
2026-02-19;2026-02-19;PCIP11;Patria Crédito Imobiliário (ex-CVBI11);83.3;76485
2026-02-19;2026-02-19;PVBI11;VBI Prime Properties;78.18;95988
2026-02-19;2026-02-19;RBRR11;RBR Rendimento High Grade;86.06;50253
2026-02-19;2026-02-19;RBRY11;RBR Alpha Multiestratégia;95.69;85026
2026-02-19;2026-02-19;RECR11;REC Recebíveis Imobiliários;80.0;46136
2026-02-19;2026-02-19;TGAR11;TG Ativo Real;81.11;55654
2026-02-19;2026-02-19;TRXF11;TRX Real Estate;93.0;221664
2026-02-19;2026-02-19;VISC11;Vinci Shopping Centers;109.6;71553
2026-02-19;2026-02-19;VRTA11;Fator Verità;79.4;12788
2026-02-19;2026-02-19;XPLG11;XP Log;101.89;88274
2026-02-19;2026-02-19;XPML11;XP Malls;111.49;168035
2026-02-20;2026-02-20;ALZR11;Alianza Trust Renda Imobiliária;10.75;224634
2026-02-20;2026-02-20;BCIA11;Brasil Capital Real Estate FoF;96.49;3170
2026-02-20;2026-02-20;BRCO11;Bresco Logística;118.67;40440
2026-02-20;2026-02-20;BTLG11;BTG Pactual Logística;102.69;139661
2026-02-20;2026-02-20;CPTS11;Capitânia Securities II;8.01;2132280
2026-02-20;2026-02-20;GGRC11;GGR Covepi Renda;10.1;853185
2026-02-20;2026-02-20;HGBS11;CSHG Brasil Shopping;20.31;139288
2026-02-20;2026-02-20;HGCR11;CSHG Recebíveis Imobiliários;96.72;32433
2026-02-20;2026-02-20;HGLG11;CSHG Logística;157.3;76001
2026-02-20;2026-02-20;HGRE11;CSHG Real Estate;124.98;19739
2026-02-20;2026-02-20;HGRU11;CSHG Renda Urbana;126.5;59751
2026-02-20;2026-02-20;HSML11;HSI Malls;92.85;40860
2026-02-20;2026-02-20;KNCR11;Kinea Rendimentos Imobiliários;106.24;238882
2026-02-20;2026-02-20;KNIP11;Kinea Índices de Preços;91.73;103518
2026-02-20;2026-02-20;KNRI11;Kinea Renda Imobiliária;165.06;64896
2026-02-20;2026-02-20;KNSC11;Kinea Securities;9.07;504396
2026-02-20;2026-02-20;MCCI11;Mauá Capital Recebíveis Imobiliários;93.5;49420
2026-02-20;2026-02-20;MXRF11;Maxi Renda;9.79;1730569
2026-02-20;2026-02-20;PCIP11;Patria Crédito Imobiliário (ex-CVBI11);83.73;59985
2026-02-20;2026-02-20;PVBI11;VBI Prime Properties;79.3;101892
2026-02-20;2026-02-20;RBRR11;RBR Rendimento High Grade;86.62;82558
2026-02-20;2026-02-20;RBRY11;RBR Alpha Multiestratégia;96.58;101342
2026-02-20;2026-02-20;RECR11;REC Recebíveis Imobiliários;81.5;50975
2026-02-20;2026-02-20;TGAR11;TG Ativo Real;81.25;66008
2026-02-20;2026-02-20;TRXF11;TRX Real Estate;93.05;266961
2026-02-20;2026-02-20;VISC11;Vinci Shopping Centers;110.0;67211
2026-02-20;2026-02-20;VRTA11;Fator Verità;79.34;18863
2026-02-20;2026-02-20;XPLG11;XP Log;102.18;62069
2026-02-20;2026-02-20;XPML11;XP Malls;111.71;132980
2026-02-23;2026-02-23;ALZR11;Alianza Trust Renda Imobiliária;10.74;223174
2026-02-23;2026-02-23;BCIA11;Brasil Capital Real Estate FoF;95.73;3409
2026-02-23;2026-02-23;BRCO11;Bresco Logística;118.77;37081
2026-02-23;2026-02-23;BTLG11;BTG Pactual Logística;102.6;146245
2026-02-23;2026-02-23;CPTS11;Capitânia Securities II;7.98;1454982
2026-02-23;2026-02-23;GGRC11;GGR Covepi Renda;10.13;1063426
2026-02-23;2026-02-23;HGBS11;CSHG Brasil Shopping;20.3;192425
2026-02-23;2026-02-23;HGCR11;CSHG Recebíveis Imobiliários;97.15;26415
2026-02-23;2026-02-23;HGLG11;CSHG Logística;157.45;77462
2026-02-23;2026-02-23;HGRE11;CSHG Real Estate;125.8;18747
2026-02-23;2026-02-23;HGRU11;CSHG Renda Urbana;126.59;37407
2026-02-23;2026-02-23;HSML11;HSI Malls;93.3;42330
2026-02-23;2026-02-23;KNCR11;Kinea Rendimentos Imobiliários;106.08;218198
2026-02-23;2026-02-23;KNIP11;Kinea Índices de Preços;91.65;125625
2026-02-23;2026-02-23;KNRI11;Kinea Renda Imobiliária;165.24;40516
2026-02-23;2026-02-23;KNSC11;Kinea Securities;9.1;560857
2026-02-23;2026-02-23;MCCI11;Mauá Capital Recebíveis Imobiliários;93.81;51109
2026-02-23;2026-02-23;MXRF11;Maxi Renda;9.8;2055017
2026-02-23;2026-02-23;PCIP11;Patria Crédito Imobiliário (ex-CVBI11);83.91;31871
2026-02-23;2026-02-23;PVBI11;VBI Prime Properties;78.04;100304
2026-02-23;2026-02-23;RBRR11;RBR Rendimento High Grade;87.9;119834
2026-02-23;2026-02-23;RBRY11;RBR Alpha Multiestratégia;96.74;69788
2026-02-23;2026-02-23;RECR11;REC Recebíveis Imobiliários;80.41;46930
2026-02-23;2026-02-23;TGAR11;TG Ativo Real;81.1;60848
2026-02-23;2026-02-23;TRXF11;TRX Real Estate;93.0;226661
2026-02-23;2026-02-23;VISC11;Vinci Shopping Centers;109.79;55902
2026-02-23;2026-02-23;VRTA11;Fator Verità;79.11;22484
2026-02-23;2026-02-23;XPLG11;XP Log;101.85;79804
2026-02-23;2026-02-23;XPML11;XP Malls;112.0;254331
2026-02-24;2026-02-24;ALZR11;Alianza Trust Renda Imobiliária;10.77;248050
2026-02-24;2026-02-24;BCIA11;Brasil Capital Real Estate FoF;95.63;2490
2026-02-24;2026-02-24;BRCO11;Bresco Logística;119.31;38875
2026-02-24;2026-02-24;BTLG11;BTG Pactual Logística;102.6;111130
2026-02-24;2026-02-24;CPTS11;Capitânia Securities II;8.0;818550
2026-02-24;2026-02-24;GGRC11;GGR Covepi Renda;10.16;887024
2026-02-24;2026-02-24;HGBS11;CSHG Brasil Shopping;20.39;114453
2026-02-24;2026-02-24;HGCR11;CSHG Recebíveis Imobiliários;97.0;18201
2026-02-24;2026-02-24;HGLG11;CSHG Logística;157.43;68303
2026-02-24;2026-02-24;HGRE11;CSHG Real Estate;125.66;13718
2026-02-24;2026-02-24;HGRU11;CSHG Renda Urbana;127.78;32385
2026-02-24;2026-02-24;HSML11;HSI Malls;93.2;43152
2026-02-24;2026-02-24;KNCR11;Kinea Rendimentos Imobiliários;106.11;184985
2026-02-24;2026-02-24;KNIP11;Kinea Índices de Preços;91.59;125205
2026-02-24;2026-02-24;KNRI11;Kinea Renda Imobiliária;165.59;52132
2026-02-24;2026-02-24;KNSC11;Kinea Securities;9.09;638499
2026-02-24;2026-02-24;MCCI11;Mauá Capital Recebíveis Imobiliários;93.87;53430
2026-02-24;2026-02-24;MXRF11;Maxi Renda;9.81;1844164
2026-02-24;2026-02-24;PCIP11;Patria Crédito Imobiliário (ex-CVBI11);84.52;45314
2026-02-24;2026-02-24;PVBI11;VBI Prime Properties;77.8;76759
2026-02-24;2026-02-24;RBRR11;RBR Rendimento High Grade;88.85;352461
2026-02-24;2026-02-24;RBRY11;RBR Alpha Multiestratégia;96.51;63729
2026-02-24;2026-02-24;RECR11;REC Recebíveis Imobiliários;80.41;38771
2026-02-24;2026-02-24;TGAR11;TG Ativo Real;79.81;110985
2026-02-24;2026-02-24;TRXF11;TRX Real Estate;93.0;277231
2026-02-24;2026-02-24;VISC11;Vinci Shopping Centers;110.37;50338
2026-02-24;2026-02-24;VRTA11;Fator Verità;78.94;28494
2026-02-24;2026-02-24;XPLG11;XP Log;102.0;91316
2026-02-24;2026-02-24;XPML11;XP Malls;111.24;253031
2026-02-25;2026-02-25;ALZR11;Alianza Trust Renda Imobiliária;10.8;235756
2026-02-25;2026-02-25;BCIA11;Brasil Capital Real Estate FoF;96.12;6971
2026-02-25;2026-02-25;BRCO11;Bresco Logística;119.9;59050
2026-02-25;2026-02-25;BTLG11;BTG Pactual Logística;102.9;132321
2026-02-25;2026-02-25;CPTS11;Capitânia Securities II;8.01;649160
2026-02-25;2026-02-25;GGRC11;GGR Covepi Renda;10.23;887629
2026-02-25;2026-02-25;HGBS11;CSHG Brasil Shopping;20.4;138549
2026-02-25;2026-02-25;HGCR11;CSHG Recebíveis Imobiliários;96.65;29256
2026-02-25;2026-02-25;HGLG11;CSHG Logística;157.62;84797
2026-02-25;2026-02-25;HGRE11;CSHG Real Estate;128.32;25829
2026-02-25;2026-02-25;HGRU11;CSHG Renda Urbana;129.13;47981
2026-02-25;2026-02-25;HSML11;HSI Malls;93.61;49151
2026-02-25;2026-02-25;KNCR11;Kinea Rendimentos Imobiliários;106.94;155080
2026-02-25;2026-02-25;KNIP11;Kinea Índices de Preços;92.37;134741
2026-02-25;2026-02-25;KNRI11;Kinea Renda Imobiliária;165.8;46987
2026-02-25;2026-02-25;KNSC11;Kinea Securities;9.11;585196
2026-02-25;2026-02-25;MCCI11;Mauá Capital Recebíveis Imobiliários;94.08;54326
2026-02-25;2026-02-25;MXRF11;Maxi Renda;9.83;1458562
2026-02-25;2026-02-25;PCIP11;Patria Crédito Imobiliário (ex-CVBI11);84.69;45050
2026-02-25;2026-02-25;PVBI11;VBI Prime Properties;77.5;108387
2026-02-25;2026-02-25;RBRR11;RBR Rendimento High Grade;88.72;107393
2026-02-25;2026-02-25;RBRY11;RBR Alpha Multiestratégia;96.69;54159
2026-02-25;2026-02-25;RECR11;REC Recebíveis Imobiliários;80.69;57613
2026-02-25;2026-02-25;TGAR11;TG Ativo Real;80.03;49339
2026-02-25;2026-02-25;TRXF11;TRX Real Estate;93.01;287937
2026-02-25;2026-02-25;VISC11;Vinci Shopping Centers;110.85;53300
2026-02-25;2026-02-25;VRTA11;Fator Verità;79.15;15147
2026-02-25;2026-02-25;XPLG11;XP Log;102.0;46985
2026-02-25;2026-02-25;XPML11;XP Malls;111.75;165015
2026-02-26;2026-02-26;ALZR11;Alianza Trust Renda Imobiliária;10.76;196522
2026-02-26;2026-02-26;BCIA11;Brasil Capital Real Estate FoF;96.84;6045
2026-02-26;2026-02-26;BRCO11;Bresco Logística;121.6;84187
2026-02-26;2026-02-26;BTLG11;BTG Pactual Logística;102.87;106888
2026-02-26;2026-02-26;CPTS11;Capitânia Securities II;8.04;832820
2026-02-26;2026-02-26;GGRC11;GGR Covepi Renda;10.3;900318
2026-02-26;2026-02-26;HGBS11;CSHG Brasil Shopping;20.41;118925
2026-02-26;2026-02-26;HGCR11;CSHG Recebíveis Imobiliários;96.8;32370
2026-02-26;2026-02-26;HGLG11;CSHG Logística;157.7;73774
2026-02-26;2026-02-26;HGRE11;CSHG Real Estate;129.67;15260
2026-02-26;2026-02-26;HGRU11;CSHG Renda Urbana;130.29;41159
2026-02-26;2026-02-26;HSML11;HSI Malls;93.85;34914
2026-02-26;2026-02-26;KNCR11;Kinea Rendimentos Imobiliários;106.69;193310
2026-02-26;2026-02-26;KNIP11;Kinea Índices de Preços;92.5;64254
2026-02-26;2026-02-26;KNRI11;Kinea Renda Imobiliária;166.3;33373
2026-02-26;2026-02-26;KNSC11;Kinea Securities;9.13;585239
2026-02-26;2026-02-26;MCCI11;Mauá Capital Recebíveis Imobiliários;93.99;38811
2026-02-26;2026-02-26;MXRF11;Maxi Renda;9.9;1519829
2026-02-26;2026-02-26;PCIP11;Patria Crédito Imobiliário (ex-CVBI11);84.63;37138
2026-02-26;2026-02-26;PVBI11;VBI Prime Properties;77.55;86755
2026-02-26;2026-02-26;RBRR11;RBR Rendimento High Grade;89.0;62539
2026-02-26;2026-02-26;RBRY11;RBR Alpha Multiestratégia;96.89;62955
2026-02-26;2026-02-26;RECR11;REC Recebíveis Imobiliários;80.94;44342
2026-02-26;2026-02-26;TGAR11;TG Ativo Real;80.24;71379
2026-02-26;2026-02-26;TRXF11;TRX Real Estate;93.01;282255
2026-02-26;2026-02-26;VISC11;Vinci Shopping Centers;111.43;51293
2026-02-26;2026-02-26;VRTA11;Fator Verità;79.28;16108
2026-02-26;2026-02-26;XPLG11;XP Log;102.07;53948
2026-02-26;2026-02-26;XPML11;XP Malls;111.29;233770
2026-02-27;2026-02-27;ALZR11;Alianza Trust Renda Imobiliária;10.8;229842
2026-02-27;2026-02-27;BCIA11;Brasil Capital Real Estate FoF;97.51;12012
2026-02-27;2026-02-27;BRCO11;Bresco Logística;124.0;102625
2026-02-27;2026-02-27;BTLG11;BTG Pactual Logística;103.7;149354
2026-02-27;2026-02-27;CPTS11;Capitânia Securities II;8.09;1153119
2026-02-27;2026-02-27;GGRC11;GGR Covepi Renda;10.36;975976
2026-02-27;2026-02-27;HGBS11;CSHG Brasil Shopping;20.58;148076
2026-02-27;2026-02-27;HGCR11;CSHG Recebíveis Imobiliários;97.95;55038
2026-02-27;2026-02-27;HGLG11;CSHG Logística;158.97;95421
2026-02-27;2026-02-27;HGRE11;CSHG Real Estate;131.11;29229
2026-02-27;2026-02-27;HGRU11;CSHG Renda Urbana;131.1;48191
2026-02-27;2026-02-27;HSML11;HSI Malls;94.72;58480
2026-02-27;2026-02-27;KNCR11;Kinea Rendimentos Imobiliários;107.39;203659
2026-02-27;2026-02-27;KNIP11;Kinea Índices de Preços;92.79;98919
2026-02-27;2026-02-27;KNRI11;Kinea Renda Imobiliária;168.55;37569
2026-02-27;2026-02-27;KNSC11;Kinea Securities;9.19;748197
2026-02-27;2026-02-27;MCCI11;Mauá Capital Recebíveis Imobiliários;95.9;56484
2026-02-27;2026-02-27;MXRF11;Maxi Renda;9.99;1491895
2026-02-27;2026-02-27;PCIP11;Patria Crédito Imobiliário (ex-CVBI11);84.77;65114
2026-02-27;2026-02-27;PVBI11;VBI Prime Properties;78.46;120676
2026-02-27;2026-02-27;RBRR11;RBR Rendimento High Grade;90.25;85697
2026-02-27;2026-02-27;RBRY11;RBR Alpha Multiestratégia;97.27;72541
2026-02-27;2026-02-27;RECR11;REC Recebíveis Imobiliários;82.42;70649
2026-02-27;2026-02-27;TGAR11;TG Ativo Real;80.11;70494
2026-02-27;2026-02-27;TRXF11;TRX Real Estate;92.96;1013081
2026-02-27;2026-02-27;VISC11;Vinci Shopping Centers;113.2;89664
2026-02-27;2026-02-27;VRTA11;Fator Verità;79.68;32666
2026-02-27;2026-02-27;XPLG11;XP Log;103.12;69366
2026-02-27;2026-02-27;XPML11;XP Malls;111.83;160066
2026-03-02;2026-03-02;ALZR11;Alianza Trust Renda Imobiliária;10.79;213531
2026-03-02;2026-03-02;BCIA11;Brasil Capital Real Estate FoF;97.18;7912
2026-03-02;2026-03-02;BRCO11;Bresco Logística;118.2;80671
2026-03-02;2026-03-02;BTLG11;BTG Pactual Logística;103.1;204669
2026-03-02;2026-03-02;CPTS11;Capitânia Securities II;8.15;1354922
2026-03-02;2026-03-02;GGRC11;GGR Covepi Renda;10.45;1180368
2026-03-02;2026-03-02;HGBS11;CSHG Brasil Shopping;20.47;307637
2026-03-02;2026-03-02;HGCR11;CSHG Recebíveis Imobiliários;96.11;52983
2026-03-02;2026-03-02;HGLG11;CSHG Logística;158.44;96600
2026-03-02;2026-03-02;HGRE11;CSHG Real Estate;130.65;28654
2026-03-02;2026-03-02;HGRU11;CSHG Renda Urbana;129.53;69084
2026-03-02;2026-03-02;HSML11;HSI Malls;94.75;94187
2026-03-02;2026-03-02;KNCR11;Kinea Rendimentos Imobiliários;106.4;221777
2026-03-02;2026-03-02;KNIP11;Kinea Índices de Preços;91.0;172714
2026-03-02;2026-03-02;KNRI11;Kinea Renda Imobiliária;167.28;46725
2026-03-02;2026-03-02;KNSC11;Kinea Securities;9.09;628860
2026-03-02;2026-03-02;MCCI11;Mauá Capital Recebíveis Imobiliários;96.4;129888
2026-03-02;2026-03-02;MXRF11;Maxi Renda;9.81;2234444
2026-03-02;2026-03-02;PCIP11;Patria Crédito Imobiliário (ex-CVBI11);86.23;70490
2026-03-02;2026-03-02;PVBI11;VBI Prime Properties;79.99;182650
2026-03-02;2026-03-02;RBRR11;RBR Rendimento High Grade;87.76;213475
2026-03-02;2026-03-02;RBRY11;RBR Alpha Multiestratégia;97.3;61176
2026-03-02;2026-03-02;RECR11;REC Recebíveis Imobiliários;82.42;60130
2026-03-02;2026-03-02;TGAR11;TG Ativo Real;79.13;99123
2026-03-02;2026-03-02;TRXF11;TRX Real Estate;92.66;241108
2026-03-02;2026-03-02;VISC11;Vinci Shopping Centers;111.65;103088
2026-03-02;2026-03-02;VRTA11;Fator Verità;78.45;40640
2026-03-02;2026-03-02;XPLG11;XP Log;102.02;79135
2026-03-02;2026-03-02;XPML11;XP Malls;110.89;233029
2026-03-03;2026-03-03;ALZR11;Alianza Trust Renda Imobiliária;10.77;180213
2026-03-03;2026-03-03;BCIA11;Brasil Capital Real Estate FoF;95.29;9136
2026-03-03;2026-03-03;BRCO11;Bresco Logística;122.28;133627
2026-03-03;2026-03-03;BTLG11;BTG Pactual Logística;103.32;163256
2026-03-03;2026-03-03;CPTS11;Capitânia Securities II;8.15;1479953
2026-03-03;2026-03-03;GGRC11;GGR Covepi Renda;10.23;1202645
2026-03-03;2026-03-03;HGBS11;CSHG Brasil Shopping;20.45;685690
2026-03-03;2026-03-03;HGCR11;CSHG Recebíveis Imobiliários;94.4;89292
2026-03-03;2026-03-03;HGLG11;CSHG Logística;158.15;81286
2026-03-03;2026-03-03;HGRE11;CSHG Real Estate;129.9;20576
2026-03-03;2026-03-03;HGRU11;CSHG Renda Urbana;126.88;73794
2026-03-03;2026-03-03;HSML11;HSI Malls;94.07;66008
2026-03-03;2026-03-03;KNCR11;Kinea Rendimentos Imobiliários;105.67;284470
2026-03-03;2026-03-03;KNIP11;Kinea Índices de Preços;90.57;126067
2026-03-03;2026-03-03;KNRI11;Kinea Renda Imobiliária;164.75;57802
2026-03-03;2026-03-03;KNSC11;Kinea Securities;8.97;739602
2026-03-03;2026-03-03;MCCI11;Mauá Capital Recebíveis Imobiliários;96.2;103904
2026-03-03;2026-03-03;MXRF11;Maxi Renda;9.66;2754338
2026-03-03;2026-03-03;PCIP11;Patria Crédito Imobiliário (ex-CVBI11);84.99;55996
2026-03-03;2026-03-03;PVBI11;VBI Prime Properties;79.39;185793
2026-03-03;2026-03-03;RBRR11;RBR Rendimento High Grade;85.75;172089
2026-03-03;2026-03-03;RBRY11;RBR Alpha Multiestratégia;97.45;63422
2026-03-03;2026-03-03;RECR11;REC Recebíveis Imobiliários;82.18;51594
2026-03-03;2026-03-03;TGAR11;TG Ativo Real;78.66;53098
2026-03-03;2026-03-03;TRXF11;TRX Real Estate;92.54;189617
2026-03-03;2026-03-03;VISC11;Vinci Shopping Centers;111.39;92036
2026-03-03;2026-03-03;VRTA11;Fator Verità;78.31;22115
2026-03-03;2026-03-03;XPLG11;XP Log;101.53;73354
2026-03-03;2026-03-03;XPML11;XP Malls;110.7;155920
2026-03-04;2026-03-04;ALZR11;Alianza Trust Renda Imobiliária;10.74;188728
2026-03-04;2026-03-04;BCIA11;Brasil Capital Real Estate FoF;95.51;11243
2026-03-04;2026-03-04;BRCO11;Bresco Logística;122.31;56344
2026-03-04;2026-03-04;BTLG11;BTG Pactual Logística;104.02;88754
2026-03-04;2026-03-04;CPTS11;Capitânia Securities II;8.14;639575
2026-03-04;2026-03-04;GGRC11;GGR Covepi Renda;10.3;720357
2026-03-04;2026-03-04;HGBS11;CSHG Brasil Shopping;20.49;110291
2026-03-04;2026-03-04;HGCR11;CSHG Recebíveis Imobiliários;95.0;23234
2026-03-04;2026-03-04;HGLG11;CSHG Logística;157.97;69682
2026-03-04;2026-03-04;HGRE11;CSHG Real Estate;130.5;18923
2026-03-04;2026-03-04;HGRU11;CSHG Renda Urbana;127.98;37650
2026-03-04;2026-03-04;HSML11;HSI Malls;94.0;58211
2026-03-04;2026-03-04;KNCR11;Kinea Rendimentos Imobiliários;105.9;168972
2026-03-04;2026-03-04;KNIP11;Kinea Índices de Preços;90.12;112232
2026-03-04;2026-03-04;KNRI11;Kinea Renda Imobiliária;166.45;95730
2026-03-04;2026-03-04;KNSC11;Kinea Securities;8.94;707946
2026-03-04;2026-03-04;MCCI11;Mauá Capital Recebíveis Imobiliários;95.6;44674
2026-03-04;2026-03-04;MXRF11;Maxi Renda;9.66;1575804
2026-03-04;2026-03-04;PCIP11;Patria Crédito Imobiliário (ex-CVBI11);85.34;24736
2026-03-04;2026-03-04;PVBI11;VBI Prime Properties;79.41;59752
2026-03-04;2026-03-04;RBRR11;RBR Rendimento High Grade;86.02;55035
2026-03-04;2026-03-04;RBRY11;RBR Alpha Multiestratégia;97.02;58076
2026-03-04;2026-03-04;RECR11;REC Recebíveis Imobiliários;82.0;43031
2026-03-04;2026-03-04;TGAR11;TG Ativo Real;78.78;48479
2026-03-04;2026-03-04;TRXF11;TRX Real Estate;92.0;331452
2026-03-04;2026-03-04;VISC11;Vinci Shopping Centers;111.32;56197
2026-03-04;2026-03-04;VRTA11;Fator Verità;78.22;16646
2026-03-04;2026-03-04;XPLG11;XP Log;101.87;44398
2026-03-04;2026-03-04;XPML11;XP Malls;110.41;120475
2026-03-05;2026-03-05;ALZR11;Alianza Trust Renda Imobiliária;10.74;128117
2026-03-05;2026-03-05;BCIA11;Brasil Capital Real Estate FoF;95.19;3593
2026-03-05;2026-03-05;BRCO11;Bresco Logística;121.83;46853
2026-03-05;2026-03-05;BTLG11;BTG Pactual Logística;103.8;96735
2026-03-05;2026-03-05;CPTS11;Capitânia Securities II;8.16;712902
2026-03-05;2026-03-05;GGRC11;GGR Covepi Renda;10.25;637751
2026-03-05;2026-03-05;HGBS11;CSHG Brasil Shopping;20.44;116366
2026-03-05;2026-03-05;HGCR11;CSHG Recebíveis Imobiliários;94.0;49492
2026-03-05;2026-03-05;HGLG11;CSHG Logística;158.0;59118
2026-03-05;2026-03-05;HGRE11;CSHG Real Estate;131.08;18243
2026-03-05;2026-03-05;HGRU11;CSHG Renda Urbana;128.9;27089
2026-03-05;2026-03-05;HSML11;HSI Malls;93.93;112150
2026-03-05;2026-03-05;KNCR11;Kinea Rendimentos Imobiliários;106.05;136990
2026-03-05;2026-03-05;KNIP11;Kinea Índices de Preços;89.83;111698
2026-03-05;2026-03-05;KNRI11;Kinea Renda Imobiliária;165.0;33292
2026-03-05;2026-03-05;KNSC11;Kinea Securities;8.97;707262
2026-03-05;2026-03-05;MCCI11;Mauá Capital Recebíveis Imobiliários;95.29;49121
2026-03-05;2026-03-05;MXRF11;Maxi Renda;9.69;1514183
2026-03-05;2026-03-05;PCIP11;Patria Crédito Imobiliário (ex-CVBI11);84.83;38054
2026-03-05;2026-03-05;PVBI11;VBI Prime Properties;78.45;77124
2026-03-05;2026-03-05;RBRR11;RBR Rendimento High Grade;84.8;69149
2026-03-05;2026-03-05;RBRY11;RBR Alpha Multiestratégia;96.86;44194
2026-03-05;2026-03-05;RECR11;REC Recebíveis Imobiliários;82.17;27765
2026-03-05;2026-03-05;TGAR11;TG Ativo Real;79.53;53593
2026-03-05;2026-03-05;TRXF11;TRX Real Estate;91.92;246948
2026-03-05;2026-03-05;VISC11;Vinci Shopping Centers;111.6;77202
2026-03-05;2026-03-05;VRTA11;Fator Verità;78.3;17846
2026-03-05;2026-03-05;XPLG11;XP Log;102.21;36190
2026-03-05;2026-03-05;XPML11;XP Malls;110.4;131440
2026-03-06;2026-03-06;ALZR11;Alianza Trust Renda Imobiliária;10.77;136542
2026-03-06;2026-03-06;BCIA11;Brasil Capital Real Estate FoF;95.0;2952
2026-03-06;2026-03-06;BRCO11;Bresco Logística;121.48;45608
2026-03-06;2026-03-06;BTLG11;BTG Pactual Logística;104.0;108360
2026-03-06;2026-03-06;CPTS11;Capitânia Securities II;8.17;972496
2026-03-06;2026-03-06;GGRC11;GGR Covepi Renda;10.19;836885
2026-03-06;2026-03-06;HGBS11;CSHG Brasil Shopping;20.5;110102
2026-03-06;2026-03-06;HGCR11;CSHG Recebíveis Imobiliários;94.62;35306
2026-03-06;2026-03-06;HGLG11;CSHG Logística;158.33;108628
2026-03-06;2026-03-06;HGRE11;CSHG Real Estate;130.63;21147
2026-03-06;2026-03-06;HGRU11;CSHG Renda Urbana;129.83;34235
2026-03-06;2026-03-06;HSML11;HSI Malls;94.56;56869
2026-03-06;2026-03-06;KNCR11;Kinea Rendimentos Imobiliários;105.51;198455
2026-03-06;2026-03-06;KNIP11;Kinea Índices de Preços;91.55;138344
2026-03-06;2026-03-06;KNRI11;Kinea Renda Imobiliária;167.67;48002
2026-03-06;2026-03-06;KNSC11;Kinea Securities;8.93;621738
2026-03-06;2026-03-06;MCCI11;Mauá Capital Recebíveis Imobiliários;95.9;82201
2026-03-06;2026-03-06;MXRF11;Maxi Renda;9.76;1592294
2026-03-06;2026-03-06;PCIP11;Patria Crédito Imobiliário (ex-CVBI11);86.32;46014
2026-03-06;2026-03-06;PVBI11;VBI Prime Properties;79.8;74315
2026-03-06;2026-03-06;RBRR11;RBR Rendimento High Grade;87.17;72180
2026-03-06;2026-03-06;RBRY11;RBR Alpha Multiestratégia;97.4;35846
2026-03-06;2026-03-06;RECR11;REC Recebíveis Imobiliários;81.75;54732
2026-03-06;2026-03-06;TGAR11;TG Ativo Real;79.51;52872
2026-03-06;2026-03-06;TRXF11;TRX Real Estate;91.96;196404
2026-03-06;2026-03-06;VISC11;Vinci Shopping Centers;112.03;60604
2026-03-06;2026-03-06;VRTA11;Fator Verità;78.15;17107
2026-03-06;2026-03-06;XPLG11;XP Log;102.78;53448
2026-03-06;2026-03-06;XPML11;XP Malls;110.39;172528
2026-03-09;2026-03-09;ALZR11;Alianza Trust Renda Imobiliária;10.75;211659
2026-03-09;2026-03-09;BCIA11;Brasil Capital Real Estate FoF;94.49;2585
2026-03-09;2026-03-09;BRCO11;Bresco Logística;121.1;50211
2026-03-09;2026-03-09;BTLG11;BTG Pactual Logística;102.94;218785
2026-03-09;2026-03-09;CPTS11;Capitânia Securities II;8.12;1367708
2026-03-09;2026-03-09;GGRC11;GGR Covepi Renda;10.22;852416
2026-03-09;2026-03-09;HGBS11;CSHG Brasil Shopping;20.45;140808
2026-03-09;2026-03-09;HGCR11;CSHG Recebíveis Imobiliários;95.62;85180
2026-03-09;2026-03-09;HGLG11;CSHG Logística;157.91;93039
2026-03-09;2026-03-09;HGRE11;CSHG Real Estate;129.81;23314
2026-03-09;2026-03-09;HGRU11;CSHG Renda Urbana;128.89;29853
2026-03-09;2026-03-09;HSML11;HSI Malls;93.95;37884
2026-03-09;2026-03-09;KNCR11;Kinea Rendimentos Imobiliários;104.67;413111
2026-03-09;2026-03-09;KNIP11;Kinea Índices de Preços;91.55;128756
2026-03-09;2026-03-09;KNRI11;Kinea Renda Imobiliária;166.01;42700
2026-03-09;2026-03-09;KNSC11;Kinea Securities;8.71;2246225
2026-03-09;2026-03-09;MCCI11;Mauá Capital Recebíveis Imobiliários;95.81;85165
2026-03-09;2026-03-09;MXRF11;Maxi Renda;9.69;1701278
2026-03-09;2026-03-09;PCIP11;Patria Crédito Imobiliário (ex-CVBI11);87.62;146619
2026-03-09;2026-03-09;PVBI11;VBI Prime Properties;79.35;49435
2026-03-09;2026-03-09;RBRR11;RBR Rendimento High Grade;85.8;90551
2026-03-09;2026-03-09;RBRY11;RBR Alpha Multiestratégia;97.57;32605
2026-03-09;2026-03-09;RECR11;REC Recebíveis Imobiliários;80.1;46876
2026-03-09;2026-03-09;TGAR11;TG Ativo Real;78.54;52501
2026-03-09;2026-03-09;TRXF11;TRX Real Estate;91.99;323355
2026-03-09;2026-03-09;VISC11;Vinci Shopping Centers;110.01;146635
2026-03-09;2026-03-09;VRTA11;Fator Verità;77.47;31821
2026-03-09;2026-03-09;XPLG11;XP Log;102.21;48202
2026-03-09;2026-03-09;XPML11;XP Malls;110.15;219758
2026-03-10;2026-03-10;ALZR11;Alianza Trust Renda Imobiliária;10.7;275001
2026-03-10;2026-03-10;BCIA11;Brasil Capital Real Estate FoF;94.48;7246
2026-03-10;2026-03-10;BRCO11;Bresco Logística;121.99;66753
2026-03-10;2026-03-10;BTLG11;BTG Pactual Logística;103.27;109203
2026-03-10;2026-03-10;CPTS11;Capitânia Securities II;8.17;558878
2026-03-10;2026-03-10;GGRC11;GGR Covepi Renda;10.21;723217
2026-03-10;2026-03-10;HGBS11;CSHG Brasil Shopping;20.49;170693
2026-03-10;2026-03-10;HGCR11;CSHG Recebíveis Imobiliários;94.26;59881
2026-03-10;2026-03-10;HGLG11;CSHG Logística;158.0;85041
2026-03-10;2026-03-10;HGRE11;CSHG Real Estate;129.65;21161
2026-03-10;2026-03-10;HGRU11;CSHG Renda Urbana;129.7;38489
2026-03-10;2026-03-10;HSML11;HSI Malls;94.1;29246
2026-03-10;2026-03-10;KNCR11;Kinea Rendimentos Imobiliários;104.27;291683
2026-03-10;2026-03-10;KNIP11;Kinea Índices de Preços;90.35;128159
2026-03-10;2026-03-10;KNRI11;Kinea Renda Imobiliária;165.68;52419
2026-03-10;2026-03-10;KNSC11;Kinea Securities;8.73;899185
2026-03-10;2026-03-10;MCCI11;Mauá Capital Recebíveis Imobiliários;95.8;56699
2026-03-10;2026-03-10;MXRF11;Maxi Renda;9.7;1632598
2026-03-10;2026-03-10;PCIP11;Patria Crédito Imobiliário (ex-CVBI11);86.0;51371
2026-03-10;2026-03-10;PVBI11;VBI Prime Properties;79.27;48067
2026-03-10;2026-03-10;RBRR11;RBR Rendimento High Grade;86.0;63181
2026-03-10;2026-03-10;RBRY11;RBR Alpha Multiestratégia;97.28;34815
2026-03-10;2026-03-10;RECR11;REC Recebíveis Imobiliários;80.2;46348
2026-03-10;2026-03-10;TGAR11;TG Ativo Real;78.07;66356
2026-03-10;2026-03-10;TRXF11;TRX Real Estate;91.89;287271
2026-03-10;2026-03-10;VISC11;Vinci Shopping Centers;109.96;78720
2026-03-10;2026-03-10;VRTA11;Fator Verità;77.25;27336
2026-03-10;2026-03-10;XPLG11;XP Log;102.15;41281
2026-03-10;2026-03-10;XPML11;XP Malls;109.72;174625
2026-03-11;2026-03-11;ALZR11;Alianza Trust Renda Imobiliária;10.69;205664
2026-03-11;2026-03-11;BCIA11;Brasil Capital Real Estate FoF;93.8;4206
2026-03-11;2026-03-11;BRCO11;Bresco Logística;121.74;62519
2026-03-11;2026-03-11;BTLG11;BTG Pactual Logística;103.62;94905
2026-03-11;2026-03-11;CPTS11;Capitânia Securities II;8.17;865149
2026-03-11;2026-03-11;GGRC11;GGR Covepi Renda;10.22;756907
2026-03-11;2026-03-11;HGBS11;CSHG Brasil Shopping;20.46;162666
2026-03-11;2026-03-11;HGCR11;CSHG Recebíveis Imobiliários;94.81;32982
2026-03-11;2026-03-11;HGLG11;CSHG Logística;158.0;68898
2026-03-11;2026-03-11;HGRE11;CSHG Real Estate;129.29;28069
2026-03-11;2026-03-11;HGRU11;CSHG Renda Urbana;129.58;26432
2026-03-11;2026-03-11;HSML11;HSI Malls;94.0;28638
2026-03-11;2026-03-11;KNCR11;Kinea Rendimentos Imobiliários;104.4;193909
2026-03-11;2026-03-11;KNIP11;Kinea Índices de Preços;90.58;109067
2026-03-11;2026-03-11;KNRI11;Kinea Renda Imobiliária;165.33;51067
2026-03-11;2026-03-11;KNSC11;Kinea Securities;8.76;619646
2026-03-11;2026-03-11;MCCI11;Mauá Capital Recebíveis Imobiliários;95.28;64116
2026-03-11;2026-03-11;MXRF11;Maxi Renda;9.67;1776706
2026-03-11;2026-03-11;PCIP11;Patria Crédito Imobiliário (ex-CVBI11);85.37;33889
2026-03-11;2026-03-11;PVBI11;VBI Prime Properties;79.13;58528
2026-03-11;2026-03-11;RBRR11;RBR Rendimento High Grade;84.49;66724
2026-03-11;2026-03-11;RBRY11;RBR Alpha Multiestratégia;96.1;45316
2026-03-11;2026-03-11;RECR11;REC Recebíveis Imobiliários;79.87;32527
2026-03-11;2026-03-11;TGAR11;TG Ativo Real;77.6;45913
2026-03-11;2026-03-11;TRXF11;TRX Real Estate;91.9;227811
2026-03-11;2026-03-11;VISC11;Vinci Shopping Centers;110.0;45738
2026-03-11;2026-03-11;VRTA11;Fator Verità;76.88;37430
2026-03-11;2026-03-11;XPLG11;XP Log;102.13;32128
2026-03-11;2026-03-11;XPML11;XP Malls;109.66;110702
2026-03-12;2026-03-12;ALZR11;Alianza Trust Renda Imobiliária;10.66;251402
2026-03-12;2026-03-12;BCIA11;Brasil Capital Real Estate FoF;93.32;1129
2026-03-12;2026-03-12;BRCO11;Bresco Logística;120.58;61865
2026-03-12;2026-03-12;BTLG11;BTG Pactual Logística;103.95;86279
2026-03-12;2026-03-12;CPTS11;Capitânia Securities II;8.05;692496
2026-03-12;2026-03-12;GGRC11;GGR Covepi Renda;10.1;1182554
2026-03-12;2026-03-12;HGBS11;CSHG Brasil Shopping;20.35;186923
2026-03-12;2026-03-12;HGCR11;CSHG Recebíveis Imobiliários;95.27;27774
2026-03-12;2026-03-12;HGLG11;CSHG Logística;156.99;87578
2026-03-12;2026-03-12;HGRE11;CSHG Real Estate;128.32;18886
2026-03-12;2026-03-12;HGRU11;CSHG Renda Urbana;129.29;37906
2026-03-12;2026-03-12;HSML11;HSI Malls;94.11;43414
2026-03-12;2026-03-12;KNCR11;Kinea Rendimentos Imobiliários;104.7;202179
2026-03-12;2026-03-12;KNIP11;Kinea Índices de Preços;91.34;83308
2026-03-12;2026-03-12;KNRI11;Kinea Renda Imobiliária;165.01;41281
2026-03-12;2026-03-12;KNSC11;Kinea Securities;8.82;608037
2026-03-12;2026-03-12;MCCI11;Mauá Capital Recebíveis Imobiliários;94.39;60466
2026-03-12;2026-03-12;MXRF11;Maxi Renda;9.65;980108
2026-03-12;2026-03-12;PCIP11;Patria Crédito Imobiliário (ex-CVBI11);84.6;25558
2026-03-12;2026-03-12;PVBI11;VBI Prime Properties;79.01;50618
2026-03-12;2026-03-12;RBRR11;RBR Rendimento High Grade;85.13;39114
2026-03-12;2026-03-12;RBRY11;RBR Alpha Multiestratégia;95.81;54867
2026-03-12;2026-03-12;RECR11;REC Recebíveis Imobiliários;79.05;41351
2026-03-12;2026-03-12;TGAR11;TG Ativo Real;76.4;74269
2026-03-12;2026-03-12;TRXF11;TRX Real Estate;91.69;196707
2026-03-12;2026-03-12;VISC11;Vinci Shopping Centers;110.22;71613
2026-03-12;2026-03-12;VRTA11;Fator Verità;77.62;36843
2026-03-12;2026-03-12;XPLG11;XP Log;101.93;32687
2026-03-12;2026-03-12;XPML11;XP Malls;109.0;165367
2026-03-13;2026-03-13;ALZR11;Alianza Trust Renda Imobiliária;10.73;228790
2026-03-13;2026-03-13;BCIA11;Brasil Capital Real Estate FoF;93.28;1720
2026-03-13;2026-03-13;BRCO11;Bresco Logística;121.07;43236
2026-03-13;2026-03-13;BTLG11;BTG Pactual Logística;104.01;135796
2026-03-13;2026-03-13;CPTS11;Capitânia Securities II;8.1;999849
2026-03-13;2026-03-13;GGRC11;GGR Covepi Renda;10.12;935239
2026-03-13;2026-03-13;HGBS11;CSHG Brasil Shopping;20.45;261530
2026-03-13;2026-03-13;HGCR11;CSHG Recebíveis Imobiliários;96.88;41897
2026-03-13;2026-03-13;HGLG11;CSHG Logística;156.83;104174
2026-03-13;2026-03-13;HGRE11;CSHG Real Estate;127.17;27384
2026-03-13;2026-03-13;HGRU11;CSHG Renda Urbana;129.98;26983
2026-03-13;2026-03-13;HSML11;HSI Malls;94.52;64994
2026-03-13;2026-03-13;KNCR11;Kinea Rendimentos Imobiliários;105.3;230675
2026-03-13;2026-03-13;KNIP11;Kinea Índices de Preços;91.95;199765
2026-03-13;2026-03-13;KNRI11;Kinea Renda Imobiliária;165.25;50212
2026-03-13;2026-03-13;KNSC11;Kinea Securities;8.86;470467
2026-03-13;2026-03-13;MCCI11;Mauá Capital Recebíveis Imobiliários;95.83;80121
2026-03-13;2026-03-13;MXRF11;Maxi Renda;9.7;1294378
2026-03-13;2026-03-13;PCIP11;Patria Crédito Imobiliário (ex-CVBI11);85.73;81957
2026-03-13;2026-03-13;PVBI11;VBI Prime Properties;79.5;80687
2026-03-13;2026-03-13;RBRR11;RBR Rendimento High Grade;85.53;50923
2026-03-13;2026-03-13;RBRY11;RBR Alpha Multiestratégia;96.0;37214
2026-03-13;2026-03-13;RECR11;REC Recebíveis Imobiliários;79.23;41253
2026-03-13;2026-03-13;TGAR11;TG Ativo Real;77.51;58550
2026-03-13;2026-03-13;TRXF11;TRX Real Estate;91.9;302904
2026-03-13;2026-03-13;VISC11;Vinci Shopping Centers;109.96;67883
2026-03-13;2026-03-13;VRTA11;Fator Verità;77.8;19318
2026-03-13;2026-03-13;XPLG11;XP Log;102.03;46571
2026-03-13;2026-03-13;XPML11;XP Malls;109.3;213405
2026-03-16;2026-03-16;ALZR11;Alianza Trust Renda Imobiliária;10.71;302367
2026-03-16;2026-03-16;BCIA11;Brasil Capital Real Estate FoF;94.0;2913
2026-03-16;2026-03-16;BRCO11;Bresco Logística;120.89;27873
2026-03-16;2026-03-16;BTLG11;BTG Pactual Logística;103.87;108356
2026-03-16;2026-03-16;CPTS11;Capitânia Securities II;8.09;733137
2026-03-16;2026-03-16;GGRC11;GGR Covepi Renda;10.25;800299
2026-03-16;2026-03-16;HGBS11;CSHG Brasil Shopping;20.45;246491
2026-03-16;2026-03-16;HGCR11;CSHG Recebíveis Imobiliários;96.25;30912
2026-03-16;2026-03-16;HGLG11;CSHG Logística;156.51;114743
2026-03-16;2026-03-16;HGRE11;CSHG Real Estate;125.5;23483
2026-03-16;2026-03-16;HGRU11;CSHG Renda Urbana;129.39;32384
2026-03-16;2026-03-16;HSML11;HSI Malls;94.55;112354
2026-03-16;2026-03-16;KNCR11;Kinea Rendimentos Imobiliários;105.19;207464
2026-03-16;2026-03-16;KNIP11;Kinea Índices de Preços;92.3;73244
2026-03-16;2026-03-16;KNRI11;Kinea Renda Imobiliária;164.73;36260
2026-03-16;2026-03-16;KNSC11;Kinea Securities;8.92;572777
2026-03-16;2026-03-16;MCCI11;Mauá Capital Recebíveis Imobiliários;95.83;49989
2026-03-16;2026-03-16;MXRF11;Maxi Renda;9.69;1855974
2026-03-16;2026-03-16;PCIP11;Patria Crédito Imobiliário (ex-CVBI11);85.9;34676
2026-03-16;2026-03-16;PVBI11;VBI Prime Properties;79.49;60866
2026-03-16;2026-03-16;RBRR11;RBR Rendimento High Grade;85.58;34963
2026-03-16;2026-03-16;RBRY11;RBR Alpha Multiestratégia;96.0;48773
2026-03-16;2026-03-16;RECR11;REC Recebíveis Imobiliários;79.13;43034
2026-03-16;2026-03-16;TGAR11;TG Ativo Real;77.43;65340
2026-03-16;2026-03-16;TRXF11;TRX Real Estate;91.9;352683
2026-03-16;2026-03-16;VISC11;Vinci Shopping Centers;110.02;72257
2026-03-16;2026-03-16;VRTA11;Fator Verità;77.6;24052
2026-03-16;2026-03-16;XPLG11;XP Log;101.67;48467
2026-03-16;2026-03-16;XPML11;XP Malls;109.9;152596
2026-03-17;2026-03-17;ALZR11;Alianza Trust Renda Imobiliária;10.7;156477
2026-03-17;2026-03-17;BCIA11;Brasil Capital Real Estate FoF;93.92;2206
2026-03-17;2026-03-17;BRCO11;Bresco Logística;121.46;20755
2026-03-17;2026-03-17;BTLG11;BTG Pactual Logística;103.78;87317
2026-03-17;2026-03-17;CPTS11;Capitânia Securities II;8.09;769221
2026-03-17;2026-03-17;GGRC11;GGR Covepi Renda;10.22;642837
2026-03-17;2026-03-17;HGBS11;CSHG Brasil Shopping;20.34;214470
2026-03-17;2026-03-17;HGCR11;CSHG Recebíveis Imobiliários;96.89;27693
2026-03-17;2026-03-17;HGLG11;CSHG Logística;156.16;85751
2026-03-17;2026-03-17;HGRE11;CSHG Real Estate;125.8;13185
2026-03-17;2026-03-17;HGRU11;CSHG Renda Urbana;129.17;28073
2026-03-17;2026-03-17;HSML11;HSI Malls;94.79;34256
2026-03-17;2026-03-17;KNCR11;Kinea Rendimentos Imobiliários;105.01;176160
2026-03-17;2026-03-17;KNIP11;Kinea Índices de Preços;91.76;95251
2026-03-17;2026-03-17;KNRI11;Kinea Renda Imobiliária;164.68;30023
2026-03-17;2026-03-17;KNSC11;Kinea Securities;8.95;450118
2026-03-17;2026-03-17;MCCI11;Mauá Capital Recebíveis Imobiliários;95.61;53630
2026-03-17;2026-03-17;MXRF11;Maxi Renda;9.71;1306470
2026-03-17;2026-03-17;PCIP11;Patria Crédito Imobiliário (ex-CVBI11);87.0;45101
2026-03-17;2026-03-17;PVBI11;VBI Prime Properties;79.26;48466
2026-03-17;2026-03-17;RBRR11;RBR Rendimento High Grade;84.86;41714
2026-03-17;2026-03-17;RBRY11;RBR Alpha Multiestratégia;95.5;53444
2026-03-17;2026-03-17;RECR11;REC Recebíveis Imobiliários;78.9;36009
2026-03-17;2026-03-17;TGAR11;TG Ativo Real;76.61;66233
2026-03-17;2026-03-17;TRXF11;TRX Real Estate;91.86;265190
2026-03-17;2026-03-17;VISC11;Vinci Shopping Centers;110.1;64223
2026-03-17;2026-03-17;VRTA11;Fator Verità;77.42;21267
2026-03-17;2026-03-17;XPLG11;XP Log;101.71;61069
2026-03-17;2026-03-17;XPML11;XP Malls;109.2;133343
2026-03-18;2026-03-18;ALZR11;Alianza Trust Renda Imobiliária;10.71;159914
2026-03-18;2026-03-18;BCIA11;Brasil Capital Real Estate FoF;94.2;1085
2026-03-18;2026-03-18;BRCO11;Bresco Logística;121.23;37997
2026-03-18;2026-03-18;BTLG11;BTG Pactual Logística;103.8;75618
2026-03-18;2026-03-18;CPTS11;Capitânia Securities II;8.05;911732
2026-03-18;2026-03-18;GGRC11;GGR Covepi Renda;10.18;730054
2026-03-18;2026-03-18;HGBS11;CSHG Brasil Shopping;20.23;343642
2026-03-18;2026-03-18;HGCR11;CSHG Recebíveis Imobiliários;96.78;27942
2026-03-18;2026-03-18;HGLG11;CSHG Logística;155.6;97098
2026-03-18;2026-03-18;HGRE11;CSHG Real Estate;125.55;15220
2026-03-18;2026-03-18;HGRU11;CSHG Renda Urbana;129.27;24024
2026-03-18;2026-03-18;HSML11;HSI Malls;95.0;64839
2026-03-18;2026-03-18;KNCR11;Kinea Rendimentos Imobiliários;105.03;143319
2026-03-18;2026-03-18;KNIP11;Kinea Índices de Preços;92.01;95278
2026-03-18;2026-03-18;KNRI11;Kinea Renda Imobiliária;164.0;36105
2026-03-18;2026-03-18;KNSC11;Kinea Securities;8.88;485905
2026-03-18;2026-03-18;MCCI11;Mauá Capital Recebíveis Imobiliários;95.4;55112
2026-03-18;2026-03-18;MXRF11;Maxi Renda;9.72;1169667
2026-03-18;2026-03-18;PCIP11;Patria Crédito Imobiliário (ex-CVBI11);85.5;39722
2026-03-18;2026-03-18;PVBI11;VBI Prime Properties;79.35;50186
2026-03-18;2026-03-18;RBRR11;RBR Rendimento High Grade;85.22;27978
2026-03-18;2026-03-18;RBRY11;RBR Alpha Multiestratégia;95.66;39186
2026-03-18;2026-03-18;RECR11;REC Recebíveis Imobiliários;80.61;66883
2026-03-18;2026-03-18;TGAR11;TG Ativo Real;73.34;248643
2026-03-18;2026-03-18;TRXF11;TRX Real Estate;91.76;198154
2026-03-18;2026-03-18;VISC11;Vinci Shopping Centers;109.55;66403
2026-03-18;2026-03-18;VRTA11;Fator Verità;77.76;17805
2026-03-18;2026-03-18;XPLG11;XP Log;101.66;34599
2026-03-18;2026-03-18;XPML11;XP Malls;107.72;276351
2026-03-19;2026-03-19;ALZR11;Alianza Trust Renda Imobiliária;10.6;182418
2026-03-19;2026-03-19;BCIA11;Brasil Capital Real Estate FoF;93.08;2584
2026-03-19;2026-03-19;BRCO11;Bresco Logística;120.55;43845
2026-03-19;2026-03-19;BTLG11;BTG Pactual Logística;103.57;108498
2026-03-19;2026-03-19;CPTS11;Capitânia Securities II;7.91;1460751
2026-03-19;2026-03-19;GGRC11;GGR Covepi Renda;10.22;757059
2026-03-19;2026-03-19;HGBS11;CSHG Brasil Shopping;20.3;233224
2026-03-19;2026-03-19;HGCR11;CSHG Recebíveis Imobiliários;96.6;23893
2026-03-19;2026-03-19;HGLG11;CSHG Logística;156.03;79634
2026-03-19;2026-03-19;HGRE11;CSHG Real Estate;125.15;18649
2026-03-19;2026-03-19;HGRU11;CSHG Renda Urbana;129.76;24029
2026-03-19;2026-03-19;HSML11;HSI Malls;95.0;51918
2026-03-19;2026-03-19;KNCR11;Kinea Rendimentos Imobiliários;105.39;144908
2026-03-19;2026-03-19;KNIP11;Kinea Índices de Preços;91.78;78473
2026-03-19;2026-03-19;KNRI11;Kinea Renda Imobiliária;164.43;31085
2026-03-19;2026-03-19;KNSC11;Kinea Securities;8.88;498391
2026-03-19;2026-03-19;MCCI11;Mauá Capital Recebíveis Imobiliários;95.04;45856
2026-03-19;2026-03-19;MXRF11;Maxi Renda;9.73;1082418
2026-03-19;2026-03-19;PCIP11;Patria Crédito Imobiliário (ex-CVBI11);84.3;37827
2026-03-19;2026-03-19;PVBI11;VBI Prime Properties;79.75;55916
2026-03-19;2026-03-19;RBRR11;RBR Rendimento High Grade;85.04;24403
2026-03-19;2026-03-19;RBRY11;RBR Alpha Multiestratégia;95.69;50548
2026-03-19;2026-03-19;RECR11;REC Recebíveis Imobiliários;80.99;40037
2026-03-19;2026-03-19;TGAR11;TG Ativo Real;71.34;194057
2026-03-19;2026-03-19;TRXF11;TRX Real Estate;91.59;250299
2026-03-19;2026-03-19;VISC11;Vinci Shopping Centers;109.75;56175
2026-03-19;2026-03-19;VRTA11;Fator Verità;77.27;14854
2026-03-19;2026-03-19;XPLG11;XP Log;101.4;39655
2026-03-19;2026-03-19;XPML11;XP Malls;108.17;147585
2026-03-20;2026-03-20;ALZR11;Alianza Trust Renda Imobiliária;10.55;183764
2026-03-20;2026-03-20;BCIA11;Brasil Capital Real Estate FoF;92.15;5377
2026-03-20;2026-03-20;BRCO11;Bresco Logística;118.99;57883
2026-03-20;2026-03-20;BTLG11;BTG Pactual Logística;103.17;238721
2026-03-20;2026-03-20;CPTS11;Capitânia Securities II;7.94;1354274
2026-03-20;2026-03-20;GGRC11;GGR Covepi Renda;10.14;1013291
2026-03-20;2026-03-20;HGBS11;CSHG Brasil Shopping;20.34;202567
2026-03-20;2026-03-20;HGCR11;CSHG Recebíveis Imobiliários;95.95;37996
2026-03-20;2026-03-20;HGLG11;CSHG Logística;155.6;381008
2026-03-20;2026-03-20;HGRE11;CSHG Real Estate;125.12;16540
2026-03-20;2026-03-20;HGRU11;CSHG Renda Urbana;129.5;44109
2026-03-20;2026-03-20;HSML11;HSI Malls;95.29;60585
2026-03-20;2026-03-20;KNCR11;Kinea Rendimentos Imobiliários;105.49;413784
2026-03-20;2026-03-20;KNIP11;Kinea Índices de Preços;91.99;152564
2026-03-20;2026-03-20;KNRI11;Kinea Renda Imobiliária;163.22;55396
2026-03-20;2026-03-20;KNSC11;Kinea Securities;8.84;666255
2026-03-20;2026-03-20;MCCI11;Mauá Capital Recebíveis Imobiliários;95.0;83419
2026-03-20;2026-03-20;MXRF11;Maxi Renda;9.77;2124442
2026-03-20;2026-03-20;PCIP11;Patria Crédito Imobiliário (ex-CVBI11);86.12;75446
2026-03-20;2026-03-20;PVBI11;VBI Prime Properties;79.45;78830
2026-03-20;2026-03-20;RBRR11;RBR Rendimento High Grade;85.85;54920
2026-03-20;2026-03-20;RBRY11;RBR Alpha Multiestratégia;96.23;50008
2026-03-20;2026-03-20;RECR11;REC Recebíveis Imobiliários;81.27;27982
2026-03-20;2026-03-20;TGAR11;TG Ativo Real;71.5;178164
2026-03-20;2026-03-20;TRXF11;TRX Real Estate;91.6;221896
2026-03-20;2026-03-20;VISC11;Vinci Shopping Centers;109.88;73469
2026-03-20;2026-03-20;VRTA11;Fator Verità;77.1;15781
2026-03-20;2026-03-20;XPLG11;XP Log;101.75;70350
2026-03-20;2026-03-20;XPML11;XP Malls;108.45;214976
2026-03-23;2026-03-23;ALZR11;Alianza Trust Renda Imobiliária;10.56;266696
2026-03-23;2026-03-23;BCIA11;Brasil Capital Real Estate FoF;92.26;12282
2026-03-23;2026-03-23;BRCO11;Bresco Logística;118.96;72412
2026-03-23;2026-03-23;BTLG11;BTG Pactual Logística;103.44;95562
2026-03-23;2026-03-23;CPTS11;Capitânia Securities II;7.94;1032685
2026-03-23;2026-03-23;GGRC11;GGR Covepi Renda;10.16;890948
2026-03-23;2026-03-23;HGBS11;CSHG Brasil Shopping;20.22;449539
2026-03-23;2026-03-23;HGCR11;CSHG Recebíveis Imobiliários;95.4;48314
2026-03-23;2026-03-23;HGLG11;CSHG Logística;156.32;136075
2026-03-23;2026-03-23;HGRE11;CSHG Real Estate;124.94;18188
2026-03-23;2026-03-23;HGRU11;CSHG Renda Urbana;128.57;33892
2026-03-23;2026-03-23;HSML11;HSI Malls;94.83;41369
2026-03-23;2026-03-23;KNCR11;Kinea Rendimentos Imobiliários;105.75;225275
2026-03-23;2026-03-23;KNIP11;Kinea Índices de Preços;91.96;376898
2026-03-23;2026-03-23;KNRI11;Kinea Renda Imobiliária;164.93;39186
2026-03-23;2026-03-23;KNSC11;Kinea Securities;8.9;640879
2026-03-23;2026-03-23;MCCI11;Mauá Capital Recebíveis Imobiliários;93.9;68059
2026-03-23;2026-03-23;MXRF11;Maxi Renda;9.74;1859238
2026-03-23;2026-03-23;PCIP11;Patria Crédito Imobiliário (ex-CVBI11);85.11;39060
2026-03-23;2026-03-23;PVBI11;VBI Prime Properties;79.25;63471
2026-03-23;2026-03-23;RBRR11;RBR Rendimento High Grade;85.75;37432
2026-03-23;2026-03-23;RBRY11;RBR Alpha Multiestratégia;96.88;49887
2026-03-23;2026-03-23;RECR11;REC Recebíveis Imobiliários;80.89;36758
2026-03-23;2026-03-23;TGAR11;TG Ativo Real;72.75;195430
2026-03-23;2026-03-23;TRXF11;TRX Real Estate;91.7;289090
2026-03-23;2026-03-23;VISC11;Vinci Shopping Centers;109.66;59884
2026-03-23;2026-03-23;VRTA11;Fator Verità;77.38;23497
2026-03-23;2026-03-23;XPLG11;XP Log;100.92;73515
2026-03-23;2026-03-23;XPML11;XP Malls;108.71;178880
2026-03-24;2026-03-24;ALZR11;Alianza Trust Renda Imobiliária;10.52;177991
2026-03-24;2026-03-24;BCIA11;Brasil Capital Real Estate FoF;92.5;6193
2026-03-24;2026-03-24;BRCO11;Bresco Logística;117.32;103489
2026-03-24;2026-03-24;BTLG11;BTG Pactual Logística;103.8;65901
2026-03-24;2026-03-24;CPTS11;Capitânia Securities II;7.92;721054
2026-03-24;2026-03-24;GGRC11;GGR Covepi Renda;10.12;848485
2026-03-24;2026-03-24;HGBS11;CSHG Brasil Shopping;20.19;331512
2026-03-24;2026-03-24;HGCR11;CSHG Recebíveis Imobiliários;95.53;17457
2026-03-24;2026-03-24;HGLG11;CSHG Logística;156.0;81834
2026-03-24;2026-03-24;HGRE11;CSHG Real Estate;124.69;11747
2026-03-24;2026-03-24;HGRU11;CSHG Renda Urbana;128.06;26749
2026-03-24;2026-03-24;HSML11;HSI Malls;94.71;23862
2026-03-24;2026-03-24;KNCR11;Kinea Rendimentos Imobiliários;105.62;99798
2026-03-24;2026-03-24;KNIP11;Kinea Índices de Preços;91.55;160910
2026-03-24;2026-03-24;KNRI11;Kinea Renda Imobiliária;164.13;22032
2026-03-24;2026-03-24;KNSC11;Kinea Securities;8.89;361461
2026-03-24;2026-03-24;MCCI11;Mauá Capital Recebíveis Imobiliários;93.22;51559
2026-03-24;2026-03-24;MXRF11;Maxi Renda;9.71;1404545
2026-03-24;2026-03-24;PCIP11;Patria Crédito Imobiliário (ex-CVBI11);85.04;28781
2026-03-24;2026-03-24;PVBI11;VBI Prime Properties;78.48;48490
2026-03-24;2026-03-24;RBRR11;RBR Rendimento High Grade;85.8;42366
2026-03-24;2026-03-24;RBRY11;RBR Alpha Multiestratégia;97.15;39654
2026-03-24;2026-03-24;RECR11;REC Recebíveis Imobiliários;81.0;29900
2026-03-24;2026-03-24;TGAR11;TG Ativo Real;73.0;92037
2026-03-24;2026-03-24;TRXF11;TRX Real Estate;91.67;229365
2026-03-24;2026-03-24;VISC11;Vinci Shopping Centers;109.83;32438
2026-03-24;2026-03-24;VRTA11;Fator Verità;77.48;15496
2026-03-24;2026-03-24;XPLG11;XP Log;101.14;36158
2026-03-24;2026-03-24;XPML11;XP Malls;107.6;199942
2026-03-25;2026-03-25;ALZR11;Alianza Trust Renda Imobiliária;10.55;223684
2026-03-25;2026-03-25;BCIA11;Brasil Capital Real Estate FoF;95.5;6635
2026-03-25;2026-03-25;BRCO11;Bresco Logística;116.95;69843
2026-03-25;2026-03-25;BTLG11;BTG Pactual Logística;103.7;92135
2026-03-25;2026-03-25;CPTS11;Capitânia Securities II;7.95;810518
2026-03-25;2026-03-25;GGRC11;GGR Covepi Renda;10.16;642669
2026-03-25;2026-03-25;HGBS11;CSHG Brasil Shopping;20.2;496113
2026-03-25;2026-03-25;HGCR11;CSHG Recebíveis Imobiliários;95.85;20622
2026-03-25;2026-03-25;HGLG11;CSHG Logística;155.94;80871
2026-03-25;2026-03-25;HGRE11;CSHG Real Estate;124.79;16496
2026-03-25;2026-03-25;HGRU11;CSHG Renda Urbana;128.89;26607
2026-03-25;2026-03-25;HSML11;HSI Malls;95.23;44371
2026-03-25;2026-03-25;KNCR11;Kinea Rendimentos Imobiliários;104.96;218117
2026-03-25;2026-03-25;KNIP11;Kinea Índices de Preços;90.81;130396
2026-03-25;2026-03-25;KNRI11;Kinea Renda Imobiliária;166.39;96289
2026-03-25;2026-03-25;KNSC11;Kinea Securities;8.98;258092
2026-03-25;2026-03-25;MCCI11;Mauá Capital Recebíveis Imobiliários;93.28;53650
2026-03-25;2026-03-25;MXRF11;Maxi Renda;9.8;1459430
2026-03-25;2026-03-25;PCIP11;Patria Crédito Imobiliário (ex-CVBI11);85.21;23454
2026-03-25;2026-03-25;PVBI11;VBI Prime Properties;76.4;152536
2026-03-25;2026-03-25;RBRR11;RBR Rendimento High Grade;85.36;40998
2026-03-25;2026-03-25;RBRY11;RBR Alpha Multiestratégia;97.83;26740
2026-03-25;2026-03-25;RECR11;REC Recebíveis Imobiliários;80.1;38435
2026-03-25;2026-03-25;TGAR11;TG Ativo Real;72.45;124317
2026-03-25;2026-03-25;TRXF11;TRX Real Estate;91.63;217811
2026-03-25;2026-03-25;VISC11;Vinci Shopping Centers;109.94;44951
2026-03-25;2026-03-25;VRTA11;Fator Verità;77.54;19378
2026-03-25;2026-03-25;XPLG11;XP Log;101.0;50971
2026-03-25;2026-03-25;XPML11;XP Malls;107.71;172939
2026-03-26;2026-03-26;ALZR11;Alianza Trust Renda Imobiliária;10.52;172854
2026-03-26;2026-03-26;BCIA11;Brasil Capital Real Estate FoF;94.81;5394
2026-03-26;2026-03-26;BRCO11;Bresco Logística;115.73;77660
2026-03-26;2026-03-26;BTLG11;BTG Pactual Logística;103.5;75058
2026-03-26;2026-03-26;CPTS11;Capitânia Securities II;7.95;498721
2026-03-26;2026-03-26;GGRC11;GGR Covepi Renda;10.12;1000239
2026-03-26;2026-03-26;HGBS11;CSHG Brasil Shopping;20.29;256668
2026-03-26;2026-03-26;HGCR11;CSHG Recebíveis Imobiliários;96.0;23446
2026-03-26;2026-03-26;HGLG11;CSHG Logística;156.34;90527
2026-03-26;2026-03-26;HGRE11;CSHG Real Estate;123.5;18727
2026-03-26;2026-03-26;HGRU11;CSHG Renda Urbana;129.2;28186
2026-03-26;2026-03-26;HSML11;HSI Malls;95.1;33831
2026-03-26;2026-03-26;KNCR11;Kinea Rendimentos Imobiliários;104.96;189713
2026-03-26;2026-03-26;KNIP11;Kinea Índices de Preços;91.43;95081
2026-03-26;2026-03-26;KNRI11;Kinea Renda Imobiliária;165.56;35917
2026-03-26;2026-03-26;KNSC11;Kinea Securities;8.97;507972
2026-03-26;2026-03-26;MCCI11;Mauá Capital Recebíveis Imobiliários;93.5;40345
2026-03-26;2026-03-26;MXRF11;Maxi Renda;9.81;1411245
2026-03-26;2026-03-26;PCIP11;Patria Crédito Imobiliário (ex-CVBI11);84.45;25289
2026-03-26;2026-03-26;PVBI11;VBI Prime Properties;75.81;103954
2026-03-26;2026-03-26;RBRR11;RBR Rendimento High Grade;85.6;25299
2026-03-26;2026-03-26;RBRY11;RBR Alpha Multiestratégia;97.39;34917
2026-03-26;2026-03-26;RECR11;REC Recebíveis Imobiliários;80.07;35095
2026-03-26;2026-03-26;TGAR11;TG Ativo Real;71.15;119080
2026-03-26;2026-03-26;TRXF11;TRX Real Estate;91.7;216577
2026-03-26;2026-03-26;VISC11;Vinci Shopping Centers;110.07;42398
2026-03-26;2026-03-26;VRTA11;Fator Verità;77.31;21137
2026-03-26;2026-03-26;XPLG11;XP Log;100.97;41907
2026-03-26;2026-03-26;XPML11;XP Malls;107.6;142193
2026-03-27;2026-03-27;ALZR11;Alianza Trust Renda Imobiliária;10.51;169974
2026-03-27;2026-03-27;BCIA11;Brasil Capital Real Estate FoF;94.01;6415
2026-03-27;2026-03-27;BRCO11;Bresco Logística;114.0;179957
2026-03-27;2026-03-27;BTLG11;BTG Pactual Logística;103.6;87036
2026-03-27;2026-03-27;CPTS11;Capitânia Securities II;7.97;756621
2026-03-27;2026-03-27;GGRC11;GGR Covepi Renda;10.14;745841
2026-03-27;2026-03-27;HGBS11;CSHG Brasil Shopping;20.3;378666
2026-03-27;2026-03-27;HGCR11;CSHG Recebíveis Imobiliários;95.72;61130
2026-03-27;2026-03-27;HGLG11;CSHG Logística;157.56;110153
2026-03-27;2026-03-27;HGRE11;CSHG Real Estate;122.8;19931
2026-03-27;2026-03-27;HGRU11;CSHG Renda Urbana;129.5;26056
2026-03-27;2026-03-27;HSML11;HSI Malls;95.19;49966
2026-03-27;2026-03-27;KNCR11;Kinea Rendimentos Imobiliários;105.61;202276
2026-03-27;2026-03-27;KNIP11;Kinea Índices de Preços;91.9;270521
2026-03-27;2026-03-27;KNRI11;Kinea Renda Imobiliária;167.37;19903
2026-03-27;2026-03-27;KNSC11;Kinea Securities;8.9;412040
2026-03-27;2026-03-27;MCCI11;Mauá Capital Recebíveis Imobiliários;94.85;84909
2026-03-27;2026-03-27;MXRF11;Maxi Renda;9.92;1227385
2026-03-27;2026-03-27;PCIP11;Patria Crédito Imobiliário (ex-CVBI11);85.69;60070
2026-03-27;2026-03-27;PVBI11;VBI Prime Properties;76.44;78569
2026-03-27;2026-03-27;RBRR11;RBR Rendimento High Grade;86.02;35899
2026-03-27;2026-03-27;RBRY11;RBR Alpha Multiestratégia;97.16;57100
2026-03-27;2026-03-27;RECR11;REC Recebíveis Imobiliários;81.07;28802
2026-03-27;2026-03-27;TGAR11;TG Ativo Real;71.95;122535
2026-03-27;2026-03-27;TRXF11;TRX Real Estate;91.74;257005
2026-03-27;2026-03-27;VISC11;Vinci Shopping Centers;110.46;69182
2026-03-27;2026-03-27;VRTA11;Fator Verità;77.4;13168
2026-03-27;2026-03-27;XPLG11;XP Log;101.0;53621
2026-03-27;2026-03-27;XPML11;XP Malls;108.0;148805
2026-03-30;2026-03-30;ALZR11;Alianza Trust Renda Imobiliária;10.5;178393
2026-03-30;2026-03-30;BCIA11;Brasil Capital Real Estate FoF;93.3;3455
2026-03-30;2026-03-30;BRCO11;Bresco Logística;114.7;126530
2026-03-30;2026-03-30;BTLG11;BTG Pactual Logística;103.12;88006
2026-03-30;2026-03-30;CPTS11;Capitânia Securities II;7.95;618815
2026-03-30;2026-03-30;GGRC11;GGR Covepi Renda;10.2;765020
2026-03-30;2026-03-30;HGBS11;CSHG Brasil Shopping;20.3;915882
2026-03-30;2026-03-30;HGCR11;CSHG Recebíveis Imobiliários;97.06;43476
2026-03-30;2026-03-30;HGLG11;CSHG Logística;155.9;102111
2026-03-30;2026-03-30;HGRE11;CSHG Real Estate;121.8;17401
2026-03-30;2026-03-30;HGRU11;CSHG Renda Urbana;129.53;21690
2026-03-30;2026-03-30;HSML11;HSI Malls;94.98;56629
2026-03-30;2026-03-30;KNCR11;Kinea Rendimentos Imobiliários;105.71;199821
2026-03-30;2026-03-30;KNIP11;Kinea Índices de Preços;91.7;102740
2026-03-30;2026-03-30;KNRI11;Kinea Renda Imobiliária;167.37;20193
2026-03-30;2026-03-30;KNSC11;Kinea Securities;8.97;520011
2026-03-30;2026-03-30;MCCI11;Mauá Capital Recebíveis Imobiliários;93.6;83060
2026-03-30;2026-03-30;MXRF11;Maxi Renda;9.87;1519888
2026-03-30;2026-03-30;PCIP11;Patria Crédito Imobiliário (ex-CVBI11);84.35;22576
2026-03-30;2026-03-30;PVBI11;VBI Prime Properties;76.94;93937
2026-03-30;2026-03-30;RBRR11;RBR Rendimento High Grade;85.47;46621
2026-03-30;2026-03-30;RBRY11;RBR Alpha Multiestratégia;96.72;47965
2026-03-30;2026-03-30;RECR11;REC Recebíveis Imobiliários;80.66;20864
2026-03-30;2026-03-30;TGAR11;TG Ativo Real;71.15;84015
2026-03-30;2026-03-30;TRXF11;TRX Real Estate;91.7;196900
2026-03-30;2026-03-30;VISC11;Vinci Shopping Centers;109.2;71933
2026-03-30;2026-03-30;VRTA11;Fator Verità;77.48;15899
2026-03-30;2026-03-30;XPLG11;XP Log;101.14;42026
2026-03-30;2026-03-30;XPML11;XP Malls;107.5;161559
2026-03-31;2026-03-31;ALZR11;Alianza Trust Renda Imobiliária;10.53;218391
2026-03-31;2026-03-31;BCIA11;Brasil Capital Real Estate FoF;93.4;1516
2026-03-31;2026-03-31;BRCO11;Bresco Logística;115.53;99703
2026-03-31;2026-03-31;BTLG11;BTG Pactual Logística;103.35;88188
2026-03-31;2026-03-31;CPTS11;Capitânia Securities II;7.98;765992
2026-03-31;2026-03-31;GGRC11;GGR Covepi Renda;10.3;727680
2026-03-31;2026-03-31;HGBS11;CSHG Brasil Shopping;20.44;637178
2026-03-31;2026-03-31;HGCR11;CSHG Recebíveis Imobiliários;97.96;37537
2026-03-31;2026-03-31;HGLG11;CSHG Logística;156.14;81501
2026-03-31;2026-03-31;HGRE11;CSHG Real Estate;120.5;30406
2026-03-31;2026-03-31;HGRU11;CSHG Renda Urbana;129.99;28929
2026-03-31;2026-03-31;HSML11;HSI Malls;95.07;65080
2026-03-31;2026-03-31;KNCR11;Kinea Rendimentos Imobiliários;106.01;160811
2026-03-31;2026-03-31;KNIP11;Kinea Índices de Preços;91.65;106582
2026-03-31;2026-03-31;KNRI11;Kinea Renda Imobiliária;167.98;29375
2026-03-31;2026-03-31;KNSC11;Kinea Securities;9.04;538372
2026-03-31;2026-03-31;MCCI11;Mauá Capital Recebíveis Imobiliários;93.83;62421
2026-03-31;2026-03-31;MXRF11;Maxi Renda;9.92;1238744
2026-03-31;2026-03-31;PCIP11;Patria Crédito Imobiliário (ex-CVBI11);85.12;22797
2026-03-31;2026-03-31;PVBI11;VBI Prime Properties;76.0;84723
2026-03-31;2026-03-31;RBRR11;RBR Rendimento High Grade;85.48;39292
2026-03-31;2026-03-31;RBRY11;RBR Alpha Multiestratégia;97.67;79494
2026-03-31;2026-03-31;RECR11;REC Recebíveis Imobiliários;80.76;25540
2026-03-31;2026-03-31;TGAR11;TG Ativo Real;71.2;76828
2026-03-31;2026-03-31;TRXF11;TRX Real Estate;91.83;301636
2026-03-31;2026-03-31;VISC11;Vinci Shopping Centers;109.4;60962
2026-03-31;2026-03-31;VRTA11;Fator Verità;77.62;22193
2026-03-31;2026-03-31;XPLG11;XP Log;100.59;101774
2026-03-31;2026-03-31;XPML11;XP Malls;108.09;103451
2026-04-01;2026-04-01;ALZR11;Alianza Trust Renda Imobiliária;10.53;197972
2026-04-01;2026-04-01;BCIA11;Brasil Capital Real Estate FoF;93.2;4044
2026-04-01;2026-04-01;BRCO11;Bresco Logística;114.7;77440
2026-04-01;2026-04-01;BTLG11;BTG Pactual Logística;103.89;101484
2026-04-01;2026-04-01;CPTS11;Capitânia Securities II;7.99;1458691
2026-04-01;2026-04-01;GGRC11;GGR Covepi Renda;10.28;787850
2026-04-01;2026-04-01;HGBS11;CSHG Brasil Shopping;20.45;246034
2026-04-01;2026-04-01;HGCR11;CSHG Recebíveis Imobiliários;97.2;29098
2026-04-01;2026-04-01;HGLG11;CSHG Logística;156.0;80275
2026-04-01;2026-04-01;HGRE11;CSHG Real Estate;119.58;19390
2026-04-01;2026-04-01;HGRU11;CSHG Renda Urbana;128.53;27392
2026-04-01;2026-04-01;HSML11;HSI Malls;94.5;62211
2026-04-01;2026-04-01;KNCR11;Kinea Rendimentos Imobiliários;105.12;214258
2026-04-01;2026-04-01;KNIP11;Kinea Índices de Preços;90.8;95161
2026-04-01;2026-04-01;KNRI11;Kinea Renda Imobiliária;165.69;66410
2026-04-01;2026-04-01;KNSC11;Kinea Securities;8.95;430083
2026-04-01;2026-04-01;MCCI11;Mauá Capital Recebíveis Imobiliários;94.85;49960
2026-04-01;2026-04-01;MXRF11;Maxi Renda;9.73;1470996
2026-04-01;2026-04-01;PCIP11;Patria Crédito Imobiliário (ex-CVBI11);83.11;85664
2026-04-01;2026-04-01;PVBI11;VBI Prime Properties;77.14;136977
2026-04-01;2026-04-01;RBRR11;RBR Rendimento High Grade;84.22;79908
2026-04-01;2026-04-01;RBRY11;RBR Alpha Multiestratégia;98.0;68576
2026-04-01;2026-04-01;RECR11;REC Recebíveis Imobiliários;80.74;28026
2026-04-01;2026-04-01;TGAR11;TG Ativo Real;69.88;96676
2026-04-01;2026-04-01;TRXF11;TRX Real Estate;91.09;219453
2026-04-01;2026-04-01;VISC11;Vinci Shopping Centers;108.37;58290
2026-04-01;2026-04-01;VRTA11;Fator Verità;76.81;24664
2026-04-01;2026-04-01;XPLG11;XP Log;100.12;46824
2026-04-01;2026-04-01;XPML11;XP Malls;109.1;173831
2026-04-02;2026-04-02;ALZR11;Alianza Trust Renda Imobiliária;10.55;176685
2026-04-02;2026-04-02;BCIA11;Brasil Capital Real Estate FoF;93.53;1409
2026-04-02;2026-04-02;BRCO11;Bresco Logística;114.63;90870
2026-04-02;2026-04-02;BTLG11;BTG Pactual Logística;104.01;99063
2026-04-02;2026-04-02;CPTS11;Capitânia Securities II;8.02;819808
2026-04-02;2026-04-02;GGRC11;GGR Covepi Renda;10.17;700398
2026-04-02;2026-04-02;HGBS11;CSHG Brasil Shopping;20.51;145887
2026-04-02;2026-04-02;HGCR11;CSHG Recebíveis Imobiliários;97.28;27630
2026-04-02;2026-04-02;HGLG11;CSHG Logística;156.16;72844
2026-04-02;2026-04-02;HGRE11;CSHG Real Estate;121.69;16383
2026-04-02;2026-04-02;HGRU11;CSHG Renda Urbana;129.0;31342
2026-04-02;2026-04-02;HSML11;HSI Malls;94.53;42861
2026-04-02;2026-04-02;KNCR11;Kinea Rendimentos Imobiliários;105.08;174239
2026-04-02;2026-04-02;KNIP11;Kinea Índices de Preços;91.2;87831
2026-04-02;2026-04-02;KNRI11;Kinea Renda Imobiliária;166.79;35097
2026-04-02;2026-04-02;KNSC11;Kinea Securities;9.02;727495
2026-04-02;2026-04-02;MCCI11;Mauá Capital Recebíveis Imobiliários;95.3;47310
2026-04-02;2026-04-02;MXRF11;Maxi Renda;9.76;1613020
2026-04-02;2026-04-02;PCIP11;Patria Crédito Imobiliário (ex-CVBI11);83.5;36758
2026-04-02;2026-04-02;PVBI11;VBI Prime Properties;76.82;71336
2026-04-02;2026-04-02;RBRR11;RBR Rendimento High Grade;84.8;37905
2026-04-02;2026-04-02;RBRY11;RBR Alpha Multiestratégia;97.29;81860
2026-04-02;2026-04-02;RECR11;REC Recebíveis Imobiliários;80.8;24359
2026-04-02;2026-04-02;TGAR11;TG Ativo Real;70.4;61959
2026-04-02;2026-04-02;TRXF11;TRX Real Estate;91.46;210704
2026-04-02;2026-04-02;VISC11;Vinci Shopping Centers;108.64;56188
2026-04-02;2026-04-02;VRTA11;Fator Verità;77.4;11339
2026-04-02;2026-04-02;XPLG11;XP Log;100.59;45578
2026-04-02;2026-04-02;XPML11;XP Malls;109.31;124195
2026-04-06;2026-04-06;ALZR11;Alianza Trust Renda Imobiliária;10.55;222988
2026-04-06;2026-04-06;BCIA11;Brasil Capital Real Estate FoF;93.7;2246
2026-04-06;2026-04-06;BRCO11;Bresco Logística;114.79;83695
2026-04-06;2026-04-06;BTLG11;BTG Pactual Logística;103.85;118221
2026-04-06;2026-04-06;CPTS11;Capitânia Securities II;8.02;894549
2026-04-06;2026-04-06;GGRC11;GGR Covepi Renda;10.16;951870
2026-04-06;2026-04-06;HGBS11;CSHG Brasil Shopping;20.62;172823
2026-04-06;2026-04-06;HGCR11;CSHG Recebíveis Imobiliários;97.68;43995
2026-04-06;2026-04-06;HGLG11;CSHG Logística;156.9;99981
2026-04-06;2026-04-06;HGRE11;CSHG Real Estate;123.12;16439
2026-04-06;2026-04-06;HGRU11;CSHG Renda Urbana;128.29;33146
2026-04-06;2026-04-06;HSML11;HSI Malls;94.48;51341
2026-04-06;2026-04-06;KNCR11;Kinea Rendimentos Imobiliários;105.48;140389
2026-04-06;2026-04-06;KNIP11;Kinea Índices de Preços;91.25;85993
2026-04-06;2026-04-06;KNRI11;Kinea Renda Imobiliária;167.0;42429
2026-04-06;2026-04-06;KNSC11;Kinea Securities;9.05;581361
2026-04-06;2026-04-06;MCCI11;Mauá Capital Recebíveis Imobiliários;95.63;77439
2026-04-06;2026-04-06;MXRF11;Maxi Renda;9.77;1646488
2026-04-06;2026-04-06;PCIP11;Patria Crédito Imobiliário (ex-CVBI11);84.29;37139
2026-04-06;2026-04-06;PVBI11;VBI Prime Properties;76.97;68253
2026-04-06;2026-04-06;RBRR11;RBR Rendimento High Grade;84.16;52624
2026-04-06;2026-04-06;RBRY11;RBR Alpha Multiestratégia;96.85;56691
2026-04-06;2026-04-06;RECR11;REC Recebíveis Imobiliários;80.67;31898
2026-04-06;2026-04-06;TGAR11;TG Ativo Real;71.39;103977
2026-04-06;2026-04-06;TRXF11;TRX Real Estate;91.5;239324
2026-04-06;2026-04-06;VISC11;Vinci Shopping Centers;108.46;64708
2026-04-06;2026-04-06;VRTA11;Fator Verità;77.09;14166
2026-04-06;2026-04-06;XPLG11;XP Log;100.09;55178
2026-04-06;2026-04-06;XPML11;XP Malls;109.51;154774
2026-04-07;2026-04-07;ALZR11;Alianza Trust Renda Imobiliária;10.53;183614
2026-04-07;2026-04-07;BCIA11;Brasil Capital Real Estate FoF;93.35;6369
2026-04-07;2026-04-07;BRCO11;Bresco Logística;115.0;51906
2026-04-07;2026-04-07;BTLG11;BTG Pactual Logística;103.7;94556
2026-04-07;2026-04-07;CPTS11;Capitânia Securities II;8.01;574502
2026-04-07;2026-04-07;GGRC11;GGR Covepi Renda;10.13;803630
2026-04-07;2026-04-07;HGBS11;CSHG Brasil Shopping;20.6;115290
2026-04-07;2026-04-07;HGCR11;CSHG Recebíveis Imobiliários;97.02;17363
2026-04-07;2026-04-07;HGLG11;CSHG Logística;156.39;65248
2026-04-07;2026-04-07;HGRE11;CSHG Real Estate;124.11;14862
2026-04-07;2026-04-07;HGRU11;CSHG Renda Urbana;128.3;27490
2026-04-07;2026-04-07;HSML11;HSI Malls;94.51;78681
2026-04-07;2026-04-07;KNCR11;Kinea Rendimentos Imobiliários;105.67;129622
2026-04-07;2026-04-07;KNIP11;Kinea Índices de Preços;90.61;56605
2026-04-07;2026-04-07;KNRI11;Kinea Renda Imobiliária;166.74;19173
2026-04-07;2026-04-07;KNSC11;Kinea Securities;9.02;423365
2026-04-07;2026-04-07;MCCI11;Mauá Capital Recebíveis Imobiliários;95.62;43322
2026-04-07;2026-04-07;MXRF11;Maxi Renda;9.75;1302341
2026-04-07;2026-04-07;PCIP11;Patria Crédito Imobiliário (ex-CVBI11);83.8;19806
2026-04-07;2026-04-07;PVBI11;VBI Prime Properties;76.32;56627
2026-04-07;2026-04-07;RBRR11;RBR Rendimento High Grade;84.19;21953
2026-04-07;2026-04-07;RBRY11;RBR Alpha Multiestratégia;96.92;25520
2026-04-07;2026-04-07;RECR11;REC Recebíveis Imobiliários;80.97;34841
2026-04-07;2026-04-07;TGAR11;TG Ativo Real;70.35;87335
2026-04-07;2026-04-07;TRXF11;TRX Real Estate;91.49;178575
2026-04-07;2026-04-07;VISC11;Vinci Shopping Centers;108.29;41053
2026-04-07;2026-04-07;VRTA11;Fator Verità;77.25;12499
2026-04-07;2026-04-07;XPLG11;XP Log;99.92;53663
2026-04-07;2026-04-07;XPML11;XP Malls;108.97;169902
2026-04-08;2026-04-08;ALZR11;Alianza Trust Renda Imobiliária;10.55;224590
2026-04-08;2026-04-08;BCIA11;Brasil Capital Real Estate FoF;92.99;13811
2026-04-08;2026-04-08;BRCO11;Bresco Logística;115.23;43297
2026-04-08;2026-04-08;BTLG11;BTG Pactual Logística;103.98;109520
2026-04-08;2026-04-08;CPTS11;Capitânia Securities II;8.03;652138
2026-04-08;2026-04-08;GGRC11;GGR Covepi Renda;10.15;1036363
2026-04-08;2026-04-08;HGBS11;CSHG Brasil Shopping;20.69;149353
2026-04-08;2026-04-08;HGCR11;CSHG Recebíveis Imobiliários;97.35;22666
2026-04-08;2026-04-08;HGLG11;CSHG Logística;156.5;84589
2026-04-08;2026-04-08;HGRE11;CSHG Real Estate;124.18;14946
2026-04-08;2026-04-08;HGRU11;CSHG Renda Urbana;128.0;28486
2026-04-08;2026-04-08;HSML11;HSI Malls;94.75;33316
2026-04-08;2026-04-08;KNCR11;Kinea Rendimentos Imobiliários;105.48;124772
2026-04-08;2026-04-08;KNIP11;Kinea Índices de Preços;91.66;94847
2026-04-08;2026-04-08;KNRI11;Kinea Renda Imobiliária;168.0;35351
2026-04-08;2026-04-08;KNSC11;Kinea Securities;9.06;415858
2026-04-08;2026-04-08;MCCI11;Mauá Capital Recebíveis Imobiliários;95.72;35594
2026-04-08;2026-04-08;MXRF11;Maxi Renda;9.72;1539569
2026-04-08;2026-04-08;PCIP11;Patria Crédito Imobiliário (ex-CVBI11);83.91;20312
2026-04-08;2026-04-08;PVBI11;VBI Prime Properties;76.38;63383
2026-04-08;2026-04-08;RBRR11;RBR Rendimento High Grade;84.15;40760
2026-04-08;2026-04-08;RBRY11;RBR Alpha Multiestratégia;96.97;29839
2026-04-08;2026-04-08;RECR11;REC Recebíveis Imobiliários;81.84;53184
2026-04-08;2026-04-08;TGAR11;TG Ativo Real;71.4;82873
2026-04-08;2026-04-08;TRXF11;TRX Real Estate;91.8;224127
2026-04-08;2026-04-08;VISC11;Vinci Shopping Centers;108.76;56589
2026-04-08;2026-04-08;VRTA11;Fator Verità;77.39;22845
2026-04-08;2026-04-08;XPLG11;XP Log;100.05;59252
2026-04-08;2026-04-08;XPML11;XP Malls;109.75;122688
2026-04-09;2026-04-09;ALZR11;Alianza Trust Renda Imobiliária;10.55;189351
2026-04-09;2026-04-09;BCIA11;Brasil Capital Real Estate FoF;91.92;19386
2026-04-09;2026-04-09;BRCO11;Bresco Logística;115.0;62451
2026-04-09;2026-04-09;BTLG11;BTG Pactual Logística;103.99;98298
2026-04-09;2026-04-09;CPTS11;Capitânia Securities II;8.05;998917
2026-04-09;2026-04-09;GGRC11;GGR Covepi Renda;10.16;822436
2026-04-09;2026-04-09;HGBS11;CSHG Brasil Shopping;20.76;146268
2026-04-09;2026-04-09;HGCR11;CSHG Recebíveis Imobiliários;97.16;24816
2026-04-09;2026-04-09;HGLG11;CSHG Logística;156.69;75184
2026-04-09;2026-04-09;HGRE11;CSHG Real Estate;124.64;8842
2026-04-09;2026-04-09;HGRU11;CSHG Renda Urbana;128.5;23079
2026-04-09;2026-04-09;HSML11;HSI Malls;94.93;37650
2026-04-09;2026-04-09;KNCR11;Kinea Rendimentos Imobiliários;105.7;126659
2026-04-09;2026-04-09;KNIP11;Kinea Índices de Preços;91.2;76631
2026-04-09;2026-04-09;KNRI11;Kinea Renda Imobiliária;168.0;42583
2026-04-09;2026-04-09;KNSC11;Kinea Securities;9.14;697629
2026-04-09;2026-04-09;MCCI11;Mauá Capital Recebíveis Imobiliários;95.72;27836
2026-04-09;2026-04-09;MXRF11;Maxi Renda;9.73;1433994
2026-04-09;2026-04-09;PCIP11;Patria Crédito Imobiliário (ex-CVBI11);83.93;16294
2026-04-09;2026-04-09;PVBI11;VBI Prime Properties;76.31;54189
2026-04-09;2026-04-09;RBRR11;RBR Rendimento High Grade;83.9;30321
2026-04-09;2026-04-09;RBRY11;RBR Alpha Multiestratégia;96.73;71393
2026-04-09;2026-04-09;RECR11;REC Recebíveis Imobiliários;80.79;45902
2026-04-09;2026-04-09;TGAR11;TG Ativo Real;70.47;57044
2026-04-09;2026-04-09;TRXF11;TRX Real Estate;91.7;205400
2026-04-09;2026-04-09;VISC11;Vinci Shopping Centers;108.89;58810
2026-04-09;2026-04-09;VRTA11;Fator Verità;77.18;13432
2026-04-09;2026-04-09;XPLG11;XP Log;100.01;42165
2026-04-09;2026-04-09;XPML11;XP Malls;110.47;97544
2026-04-10;2026-04-10;ALZR11;Alianza Trust Renda Imobiliária;10.57;262121
2026-04-10;2026-04-10;BCIA11;Brasil Capital Real Estate FoF;92.35;15557
2026-04-10;2026-04-10;BRCO11;Bresco Logística;114.99;109697
2026-04-10;2026-04-10;BTLG11;BTG Pactual Logística;104.35;134801
2026-04-10;2026-04-10;CPTS11;Capitânia Securities II;8.12;912306
2026-04-10;2026-04-10;GGRC11;GGR Covepi Renda;10.18;687173
2026-04-10;2026-04-10;HGBS11;CSHG Brasil Shopping;20.87;254422
2026-04-10;2026-04-10;HGCR11;CSHG Recebíveis Imobiliários;97.35;29702
2026-04-10;2026-04-10;HGLG11;CSHG Logística;157.5;69456
2026-04-10;2026-04-10;HGRE11;CSHG Real Estate;124.57;18793
2026-04-10;2026-04-10;HGRU11;CSHG Renda Urbana;129.03;26595
2026-04-10;2026-04-10;HSML11;HSI Malls;95.48;50475
2026-04-10;2026-04-10;KNCR11;Kinea Rendimentos Imobiliários;105.99;151016
2026-04-10;2026-04-10;KNIP11;Kinea Índices de Preços;91.64;97321
2026-04-10;2026-04-10;KNRI11;Kinea Renda Imobiliária;169.69;35019
2026-04-10;2026-04-10;KNSC11;Kinea Securities;9.19;480758
2026-04-10;2026-04-10;MCCI11;Mauá Capital Recebíveis Imobiliários;95.8;73420
2026-04-10;2026-04-10;MXRF11;Maxi Renda;9.79;1197991
2026-04-10;2026-04-10;PCIP11;Patria Crédito Imobiliário (ex-CVBI11);83.35;28464
2026-04-10;2026-04-10;PVBI11;VBI Prime Properties;78.12;74753
2026-04-10;2026-04-10;RBRR11;RBR Rendimento High Grade;84.97;44502
2026-04-10;2026-04-10;RBRY11;RBR Alpha Multiestratégia;96.71;74467
2026-04-10;2026-04-10;RECR11;REC Recebíveis Imobiliários;81.14;21173
2026-04-10;2026-04-10;TGAR11;TG Ativo Real;72.33;102639
2026-04-10;2026-04-10;TRXF11;TRX Real Estate;91.73;258059
2026-04-10;2026-04-10;VISC11;Vinci Shopping Centers;109.85;43398
2026-04-10;2026-04-10;VRTA11;Fator Verità;77.18;14336
2026-04-10;2026-04-10;XPLG11;XP Log;100.04;67238
2026-04-10;2026-04-10;XPML11;XP Malls;111.53;129770
2026-04-13;2026-04-13;ALZR11;Alianza Trust Renda Imobiliária;10.56;299208
2026-04-13;2026-04-13;BCIA11;Brasil Capital Real Estate FoF;92.22;5319
2026-04-13;2026-04-13;BRCO11;Bresco Logística;114.7;294388
2026-04-13;2026-04-13;BTLG11;BTG Pactual Logística;103.99;131277
2026-04-13;2026-04-13;CPTS11;Capitânia Securities II;8.11;1124412
2026-04-13;2026-04-13;GGRC11;GGR Covepi Renda;10.17;695135
2026-04-13;2026-04-13;HGBS11;CSHG Brasil Shopping;20.89;133003
2026-04-13;2026-04-13;HGCR11;CSHG Recebíveis Imobiliários;97.15;50101
2026-04-13;2026-04-13;HGLG11;CSHG Logística;157.08;88566
2026-04-13;2026-04-13;HGRE11;CSHG Real Estate;124.99;17504
2026-04-13;2026-04-13;HGRU11;CSHG Renda Urbana;129.16;37200
2026-04-13;2026-04-13;HSML11;HSI Malls;95.01;43977
2026-04-13;2026-04-13;KNCR11;Kinea Rendimentos Imobiliários;106.25;166023
2026-04-13;2026-04-13;KNIP11;Kinea Índices de Preços;91.27;89091
2026-04-13;2026-04-13;KNRI11;Kinea Renda Imobiliária;169.39;43243
2026-04-13;2026-04-13;KNSC11;Kinea Securities;9.13;778114
2026-04-13;2026-04-13;MCCI11;Mauá Capital Recebíveis Imobiliários;95.67;43006
2026-04-13;2026-04-13;MXRF11;Maxi Renda;9.79;1412354
2026-04-13;2026-04-13;PCIP11;Patria Crédito Imobiliário (ex-CVBI11);84.05;46273
2026-04-13;2026-04-13;PVBI11;VBI Prime Properties;76.83;60701
2026-04-13;2026-04-13;RBRR11;RBR Rendimento High Grade;83.3;37179
2026-04-13;2026-04-13;RBRY11;RBR Alpha Multiestratégia;95.09;58067
2026-04-13;2026-04-13;RECR11;REC Recebíveis Imobiliários;81.0;28956
2026-04-13;2026-04-13;TGAR11;TG Ativo Real;71.88;59511
2026-04-13;2026-04-13;TRXF11;TRX Real Estate;91.78;256547
2026-04-13;2026-04-13;VISC11;Vinci Shopping Centers;108.54;200486
2026-04-13;2026-04-13;VRTA11;Fator Verità;77.01;22034
2026-04-13;2026-04-13;XPLG11;XP Log;99.8;63751
2026-04-13;2026-04-13;XPML11;XP Malls;111.72;129406
2026-04-14;2026-04-14;ALZR11;Alianza Trust Renda Imobiliária;10.63;295860
2026-04-14;2026-04-14;BCIA11;Brasil Capital Real Estate FoF;92.72;8655
2026-04-14;2026-04-14;BRCO11;Bresco Logística;115.0;55377
2026-04-14;2026-04-14;BTLG11;BTG Pactual Logística;103.9;115018
2026-04-14;2026-04-14;CPTS11;Capitânia Securities II;8.0;1257396
2026-04-14;2026-04-14;GGRC11;GGR Covepi Renda;10.14;999433
2026-04-14;2026-04-14;HGBS11;CSHG Brasil Shopping;20.95;175457
2026-04-14;2026-04-14;HGCR11;CSHG Recebíveis Imobiliários;96.86;12404
2026-04-14;2026-04-14;HGLG11;CSHG Logística;157.28;82355
2026-04-14;2026-04-14;HGRE11;CSHG Real Estate;123.93;14389
2026-04-14;2026-04-14;HGRU11;CSHG Renda Urbana;129.4;21011
2026-04-14;2026-04-14;HSML11;HSI Malls;95.1;31936
2026-04-14;2026-04-14;KNCR11;Kinea Rendimentos Imobiliários;106.25;161891
2026-04-14;2026-04-14;KNIP11;Kinea Índices de Preços;91.5;66439
2026-04-14;2026-04-14;KNRI11;Kinea Renda Imobiliária;168.73;29221
2026-04-14;2026-04-14;KNSC11;Kinea Securities;9.22;703233
2026-04-14;2026-04-14;MCCI11;Mauá Capital Recebíveis Imobiliários;94.82;30386
2026-04-14;2026-04-14;MXRF11;Maxi Renda;9.85;1015010
2026-04-14;2026-04-14;PCIP11;Patria Crédito Imobiliário (ex-CVBI11);84.57;17880
2026-04-14;2026-04-14;PVBI11;VBI Prime Properties;76.72;48518
2026-04-14;2026-04-14;RBRR11;RBR Rendimento High Grade;83.1;35768
2026-04-14;2026-04-14;RBRY11;RBR Alpha Multiestratégia;95.0;49676
2026-04-14;2026-04-14;RECR11;REC Recebíveis Imobiliários;80.69;42143
2026-04-14;2026-04-14;TGAR11;TG Ativo Real;71.5;63738
2026-04-14;2026-04-14;TRXF11;TRX Real Estate;91.78;169386
2026-04-14;2026-04-14;VISC11;Vinci Shopping Centers;109.09;47153
2026-04-14;2026-04-14;VRTA11;Fator Verità;76.96;12531
2026-04-14;2026-04-14;XPLG11;XP Log;100.0;42689
2026-04-14;2026-04-14;XPML11;XP Malls;111.09;165122
2026-04-15;2026-04-15;ALZR11;Alianza Trust Renda Imobiliária;10.64;299151
2026-04-15;2026-04-15;BCIA11;Brasil Capital Real Estate FoF;93.0;4157
2026-04-15;2026-04-15;BRCO11;Bresco Logística;114.5;98365
2026-04-15;2026-04-15;BTLG11;BTG Pactual Logística;104.0;128051
2026-04-15;2026-04-15;CPTS11;Capitânia Securities II;7.98;1114689
2026-04-15;2026-04-15;GGRC11;GGR Covepi Renda;10.14;1134821
2026-04-15;2026-04-15;HGBS11;CSHG Brasil Shopping;20.99;193771
2026-04-15;2026-04-15;HGCR11;CSHG Recebíveis Imobiliários;96.18;31297
2026-04-15;2026-04-15;HGLG11;CSHG Logística;157.26;91889
2026-04-15;2026-04-15;HGRE11;CSHG Real Estate;124.2;19831
2026-04-15;2026-04-15;HGRU11;CSHG Renda Urbana;129.2;31901
2026-04-15;2026-04-15;HSML11;HSI Malls;95.46;38937
2026-04-15;2026-04-15;KNCR11;Kinea Rendimentos Imobiliários;106.4;155249
2026-04-15;2026-04-15;KNIP11;Kinea Índices de Preços;92.25;174604
2026-04-15;2026-04-15;KNRI11;Kinea Renda Imobiliária;168.85;30744
2026-04-15;2026-04-15;KNSC11;Kinea Securities;9.19;576358
2026-04-15;2026-04-15;MCCI11;Mauá Capital Recebíveis Imobiliários;94.92;44993
2026-04-15;2026-04-15;MXRF11;Maxi Renda;9.86;1509503
2026-04-15;2026-04-15;PCIP11;Patria Crédito Imobiliário (ex-CVBI11);84.31;54544
2026-04-15;2026-04-15;PVBI11;VBI Prime Properties;76.69;58714
2026-04-15;2026-04-15;RBRR11;RBR Rendimento High Grade;82.65;30397
2026-04-15;2026-04-15;RBRY11;RBR Alpha Multiestratégia;94.5;81828
2026-04-15;2026-04-15;RECR11;REC Recebíveis Imobiliários;81.21;43713
2026-04-15;2026-04-15;TGAR11;TG Ativo Real;71.37;58387
2026-04-15;2026-04-15;TRXF11;TRX Real Estate;91.8;229116
2026-04-15;2026-04-15;VISC11;Vinci Shopping Centers;109.68;66105
2026-04-15;2026-04-15;VRTA11;Fator Verità;77.99;18880
2026-04-15;2026-04-15;XPLG11;XP Log;100.44;57737
2026-04-15;2026-04-15;XPML11;XP Malls;110.52;148725
2026-04-16;2026-04-16;ALZR11;Alianza Trust Renda Imobiliária;10.64;178743
2026-04-16;2026-04-16;BCIA11;Brasil Capital Real Estate FoF;93.34;10516
2026-04-16;2026-04-16;BRCO11;Bresco Logística;114.8;50581
2026-04-16;2026-04-16;BTLG11;BTG Pactual Logística;104.02;91116
2026-04-16;2026-04-16;CPTS11;Capitânia Securities II;7.97;1109685
2026-04-16;2026-04-16;GGRC11;GGR Covepi Renda;10.18;1770325
2026-04-16;2026-04-16;HGBS11;CSHG Brasil Shopping;20.98;205077
2026-04-16;2026-04-16;HGCR11;CSHG Recebíveis Imobiliários;96.2;29404
2026-04-16;2026-04-16;HGLG11;CSHG Logística;157.0;67400
2026-04-16;2026-04-16;HGRE11;CSHG Real Estate;125.84;17583
2026-04-16;2026-04-16;HGRU11;CSHG Renda Urbana;129.82;24893
2026-04-16;2026-04-16;HSML11;HSI Malls;95.22;29000
2026-04-16;2026-04-16;KNCR11;Kinea Rendimentos Imobiliários;106.35;142534
2026-04-16;2026-04-16;KNIP11;Kinea Índices de Preços;92.78;105625
2026-04-16;2026-04-16;KNRI11;Kinea Renda Imobiliária;169.34;18990
2026-04-16;2026-04-16;KNSC11;Kinea Securities;9.16;395010
2026-04-16;2026-04-16;MCCI11;Mauá Capital Recebíveis Imobiliários;94.86;33911
2026-04-16;2026-04-16;MXRF11;Maxi Renda;9.88;1143906
2026-04-16;2026-04-16;PCIP11;Patria Crédito Imobiliário (ex-CVBI11);84.52;49016
2026-04-16;2026-04-16;PVBI11;VBI Prime Properties;77.49;53554
2026-04-16;2026-04-16;RBRR11;RBR Rendimento High Grade;82.8;27501
2026-04-16;2026-04-16;RBRY11;RBR Alpha Multiestratégia;93.95;54698
2026-04-16;2026-04-16;RECR11;REC Recebíveis Imobiliários;81.72;44739
2026-04-16;2026-04-16;TGAR11;TG Ativo Real;70.94;38077
2026-04-16;2026-04-16;TRXF11;TRX Real Estate;91.79;193437
2026-04-16;2026-04-16;VISC11;Vinci Shopping Centers;110.0;53527
2026-04-16;2026-04-16;VRTA11;Fator Verità;78.4;13509
2026-04-16;2026-04-16;XPLG11;XP Log;100.5;55859
2026-04-16;2026-04-16;XPML11;XP Malls;111.6;88416
2026-04-17;2026-04-17;ALZR11;Alianza Trust Renda Imobiliária;10.61;177302
2026-04-17;2026-04-17;BCIA11;Brasil Capital Real Estate FoF;95.0;3978
2026-04-17;2026-04-17;BRCO11;Bresco Logística;116.68;69695
2026-04-17;2026-04-17;BTLG11;BTG Pactual Logística;104.08;97766
2026-04-17;2026-04-17;CPTS11;Capitânia Securities II;8.0;2728665
2026-04-17;2026-04-17;GGRC11;GGR Covepi Renda;10.18;966161
2026-04-17;2026-04-17;HGBS11;CSHG Brasil Shopping;20.99;207438
2026-04-17;2026-04-17;HGCR11;CSHG Recebíveis Imobiliários;96.74;32953
2026-04-17;2026-04-17;HGLG11;CSHG Logística;157.54;76135
2026-04-17;2026-04-17;HGRE11;CSHG Real Estate;126.59;14140
2026-04-17;2026-04-17;HGRU11;CSHG Renda Urbana;130.89;37578
2026-04-17;2026-04-17;HSML11;HSI Malls;95.59;44863
2026-04-17;2026-04-17;KNCR11;Kinea Rendimentos Imobiliários;106.48;150187
2026-04-17;2026-04-17;KNIP11;Kinea Índices de Preços;92.85;113192
2026-04-17;2026-04-17;KNRI11;Kinea Renda Imobiliária;171.1;37555
2026-04-17;2026-04-17;KNSC11;Kinea Securities;9.21;629039
2026-04-17;2026-04-17;MCCI11;Mauá Capital Recebíveis Imobiliários;95.46;52611
2026-04-17;2026-04-17;MXRF11;Maxi Renda;9.87;1006545
2026-04-17;2026-04-17;PCIP11;Patria Crédito Imobiliário (ex-CVBI11);85.06;59572
2026-04-17;2026-04-17;PVBI11;VBI Prime Properties;78.0;59813
2026-04-17;2026-04-17;RBRR11;RBR Rendimento High Grade;83.15;52088
2026-04-17;2026-04-17;RBRY11;RBR Alpha Multiestratégia;93.65;84923
2026-04-17;2026-04-17;RECR11;REC Recebíveis Imobiliários;82.72;37380
2026-04-17;2026-04-17;TGAR11;TG Ativo Real;70.53;57645
2026-04-17;2026-04-17;TRXF11;TRX Real Estate;91.77;281633
2026-04-17;2026-04-17;VISC11;Vinci Shopping Centers;110.35;102395
2026-04-17;2026-04-17;VRTA11;Fator Verità;79.12;24440
2026-04-17;2026-04-17;XPLG11;XP Log;101.68;92448
2026-04-17;2026-04-17;XPML11;XP Malls;111.1;120459
2026-04-20;2026-04-20;ALZR11;Alianza Trust Renda Imobiliária;10.62;206995
2026-04-20;2026-04-20;BCIA11;Brasil Capital Real Estate FoF;94.35;4739
2026-04-20;2026-04-20;BRCO11;Bresco Logística;117.0;51172
2026-04-20;2026-04-20;BTLG11;BTG Pactual Logística;104.0;137722
2026-04-20;2026-04-20;CPTS11;Capitânia Securities II;8.02;814135
2026-04-20;2026-04-20;GGRC11;GGR Covepi Renda;10.26;1320311
2026-04-20;2026-04-20;HGBS11;CSHG Brasil Shopping;21.02;236908
2026-04-20;2026-04-20;HGCR11;CSHG Recebíveis Imobiliários;97.73;32295
2026-04-20;2026-04-20;HGLG11;CSHG Logística;157.9;86944
2026-04-20;2026-04-20;HGRE11;CSHG Real Estate;126.68;19596
2026-04-20;2026-04-20;HGRU11;CSHG Renda Urbana;132.9;41591
2026-04-20;2026-04-20;HSML11;HSI Malls;95.9;32018
2026-04-20;2026-04-20;KNCR11;Kinea Rendimentos Imobiliários;107.13;200137
2026-04-20;2026-04-20;KNIP11;Kinea Índices de Preços;93.68;131700
2026-04-20;2026-04-20;KNRI11;Kinea Renda Imobiliária;170.72;28541
2026-04-20;2026-04-20;KNSC11;Kinea Securities;9.18;530264
2026-04-20;2026-04-20;MCCI11;Mauá Capital Recebíveis Imobiliários;96.05;39444
2026-04-20;2026-04-20;MXRF11;Maxi Renda;9.95;1393128
2026-04-20;2026-04-20;PCIP11;Patria Crédito Imobiliário (ex-CVBI11);85.89;21951
2026-04-20;2026-04-20;PVBI11;VBI Prime Properties;77.78;68776
2026-04-20;2026-04-20;RBRR11;RBR Rendimento High Grade;83.88;56787
2026-04-20;2026-04-20;RBRY11;RBR Alpha Multiestratégia;93.15;58108
2026-04-20;2026-04-20;RECR11;REC Recebíveis Imobiliários;83.04;32001
2026-04-20;2026-04-20;TGAR11;TG Ativo Real;70.95;72336
2026-04-20;2026-04-20;TRXF11;TRX Real Estate;91.8;444724
2026-04-20;2026-04-20;VISC11;Vinci Shopping Centers;111.34;101300
2026-04-20;2026-04-20;VRTA11;Fator Verità;79.15;24676
2026-04-20;2026-04-20;XPLG11;XP Log;101.71;97297
2026-04-20;2026-04-20;XPML11;XP Malls;110.8;117980
2026-04-22;2026-04-22;ALZR11;Alianza Trust Renda Imobiliária;10.61;155570
2026-04-22;2026-04-22;BCIA11;Brasil Capital Real Estate FoF;95.17;5416
2026-04-22;2026-04-22;BRCO11;Bresco Logística;116.82;93995
2026-04-22;2026-04-22;BTLG11;BTG Pactual Logística;104.0;158220
2026-04-22;2026-04-22;CPTS11;Capitânia Securities II;8.0;695707
2026-04-22;2026-04-22;GGRC11;GGR Covepi Renda;10.23;920020
2026-04-22;2026-04-22;HGBS11;CSHG Brasil Shopping;21.04;151807
2026-04-22;2026-04-22;HGCR11;CSHG Recebíveis Imobiliários;97.84;61194
2026-04-22;2026-04-22;HGLG11;CSHG Logística;157.0;104354
2026-04-22;2026-04-22;HGRE11;CSHG Real Estate;127.48;20245
2026-04-22;2026-04-22;HGRU11;CSHG Renda Urbana;133.5;33572
2026-04-22;2026-04-22;HSML11;HSI Malls;95.7;31024
2026-04-22;2026-04-22;KNCR11;Kinea Rendimentos Imobiliários;106.98;155795
2026-04-22;2026-04-22;KNIP11;Kinea Índices de Preços;93.84;95738
2026-04-22;2026-04-22;KNRI11;Kinea Renda Imobiliária;169.63;49868
2026-04-22;2026-04-22;KNSC11;Kinea Securities;9.3;978046
2026-04-22;2026-04-22;MCCI11;Mauá Capital Recebíveis Imobiliários;96.18;71930
2026-04-22;2026-04-22;MXRF11;Maxi Renda;9.92;1186655
2026-04-22;2026-04-22;PCIP11;Patria Crédito Imobiliário (ex-CVBI11);85.61;20012
2026-04-22;2026-04-22;PVBI11;VBI Prime Properties;79.14;53809
2026-04-22;2026-04-22;RBRR11;RBR Rendimento High Grade;84.52;73608
2026-04-22;2026-04-22;RBRY11;RBR Alpha Multiestratégia;92.9;73549
2026-04-22;2026-04-22;RECR11;REC Recebíveis Imobiliários;82.41;28946
2026-04-22;2026-04-22;TGAR11;TG Ativo Real;70.5;59603
2026-04-22;2026-04-22;TRXF11;TRX Real Estate;91.8;266622
2026-04-22;2026-04-22;VISC11;Vinci Shopping Centers;110.23;93750
2026-04-22;2026-04-22;VRTA11;Fator Verità;79.39;19462
2026-04-22;2026-04-22;XPLG11;XP Log;101.44;79149
2026-04-22;2026-04-22;XPML11;XP Malls;110.26;120374
2026-04-23;2026-04-23;ALZR11;Alianza Trust Renda Imobiliária;10.62;166850
2026-04-23;2026-04-23;BCIA11;Brasil Capital Real Estate FoF;95.37;3961
2026-04-23;2026-04-23;BRCO11;Bresco Logística;116.87;46264
2026-04-23;2026-04-23;BTLG11;BTG Pactual Logística;103.45;142220
2026-04-23;2026-04-23;CPTS11;Capitânia Securities II;7.95;1217676
2026-04-23;2026-04-23;GGRC11;GGR Covepi Renda;10.18;843376
2026-04-23;2026-04-23;HGBS11;CSHG Brasil Shopping;20.94;121558
2026-04-23;2026-04-23;HGCR11;CSHG Recebíveis Imobiliários;97.63;66555
2026-04-23;2026-04-23;HGLG11;CSHG Logística;156.89;89766
2026-04-23;2026-04-23;HGRE11;CSHG Real Estate;125.45;20764
2026-04-23;2026-04-23;HGRU11;CSHG Renda Urbana;132.7;26913
2026-04-23;2026-04-23;HSML11;HSI Malls;95.45;36646
2026-04-23;2026-04-23;KNCR11;Kinea Rendimentos Imobiliários;106.68;119407
2026-04-23;2026-04-23;KNIP11;Kinea Índices de Preços;93.35;77839
2026-04-23;2026-04-23;KNRI11;Kinea Renda Imobiliária;167.57;59546
2026-04-23;2026-04-23;KNSC11;Kinea Securities;9.28;541965
2026-04-23;2026-04-23;MCCI11;Mauá Capital Recebíveis Imobiliários;96.21;36320
2026-04-23;2026-04-23;MXRF11;Maxi Renda;9.95;978047
2026-04-23;2026-04-23;PCIP11;Patria Crédito Imobiliário (ex-CVBI11);86.13;30389
2026-04-23;2026-04-23;PVBI11;VBI Prime Properties;78.15;53009
2026-04-23;2026-04-23;RBRR11;RBR Rendimento High Grade;83.8;72846
2026-04-23;2026-04-23;RBRY11;RBR Alpha Multiestratégia;92.49;98356
2026-04-23;2026-04-23;RECR11;REC Recebíveis Imobiliários;82.95;29390
2026-04-23;2026-04-23;TGAR11;TG Ativo Real;70.1;59788
2026-04-23;2026-04-23;TRXF11;TRX Real Estate;91.73;289932
2026-04-23;2026-04-23;VISC11;Vinci Shopping Centers;110.0;63850
2026-04-23;2026-04-23;VRTA11;Fator Verità;79.0;18909
2026-04-23;2026-04-23;XPLG11;XP Log;101.0;48038
2026-04-23;2026-04-23;XPML11;XP Malls;110.26;105063
2026-04-24;2026-04-24;ALZR11;Alianza Trust Renda Imobiliária;10.59;207974
2026-04-24;2026-04-24;BCIA11;Brasil Capital Real Estate FoF;95.5;2712
2026-04-24;2026-04-24;BRCO11;Bresco Logística;117.0;67591
2026-04-24;2026-04-24;BTLG11;BTG Pactual Logística;103.18;125043
2026-04-24;2026-04-24;CPTS11;Capitânia Securities II;7.96;1152267
2026-04-24;2026-04-24;GGRC11;GGR Covepi Renda;10.2;856329
2026-04-24;2026-04-24;HGBS11;CSHG Brasil Shopping;20.87;135956
2026-04-24;2026-04-24;HGCR11;CSHG Recebíveis Imobiliários;97.53;61406
2026-04-24;2026-04-24;HGLG11;CSHG Logística;158.01;80845
2026-04-24;2026-04-24;HGRE11;CSHG Real Estate;125.55;18065
2026-04-24;2026-04-24;HGRU11;CSHG Renda Urbana;132.16;32207
2026-04-24;2026-04-24;HSML11;HSI Malls;95.79;28813
2026-04-24;2026-04-24;KNCR11;Kinea Rendimentos Imobiliários;107.15;173252
2026-04-24;2026-04-24;KNIP11;Kinea Índices de Preços;93.92;71446
2026-04-24;2026-04-24;KNRI11;Kinea Renda Imobiliária;167.11;26190
2026-04-24;2026-04-24;KNSC11;Kinea Securities;9.28;1007849
2026-04-24;2026-04-24;MCCI11;Mauá Capital Recebíveis Imobiliários;96.35;55489
2026-04-24;2026-04-24;MXRF11;Maxi Renda;9.93;1001951
2026-04-24;2026-04-24;PCIP11;Patria Crédito Imobiliário (ex-CVBI11);85.74;54862
2026-04-24;2026-04-24;PVBI11;VBI Prime Properties;79.0;37970
2026-04-24;2026-04-24;RBRR11;RBR Rendimento High Grade;84.5;82448
2026-04-24;2026-04-24;RBRY11;RBR Alpha Multiestratégia;93.48;60900
2026-04-24;2026-04-24;RECR11;REC Recebíveis Imobiliários;82.76;45585
2026-04-24;2026-04-24;TGAR11;TG Ativo Real;70.0;101117
2026-04-24;2026-04-24;TRXF11;TRX Real Estate;91.77;246028
2026-04-24;2026-04-24;VISC11;Vinci Shopping Centers;110.37;73711
2026-04-24;2026-04-24;VRTA11;Fator Verità;79.0;25784
2026-04-24;2026-04-24;XPLG11;XP Log;101.1;253339
2026-04-24;2026-04-24;XPML11;XP Malls;111.0;110577
2026-04-27;2026-04-27;ALZR11;Alianza Trust Renda Imobiliária;10.57;288050
2026-04-27;2026-04-27;BCIA11;Brasil Capital Real Estate FoF;96.25;4609
2026-04-27;2026-04-27;BRCO11;Bresco Logística;116.81;55454
2026-04-27;2026-04-27;BTLG11;BTG Pactual Logística;103.29;124904
2026-04-27;2026-04-27;CPTS11;Capitânia Securities II;7.96;982114
2026-04-27;2026-04-27;GGRC11;GGR Covepi Renda;10.23;823803
2026-04-27;2026-04-27;HGBS11;CSHG Brasil Shopping;20.86;174508
2026-04-27;2026-04-27;HGCR11;CSHG Recebíveis Imobiliários;97.44;28435
2026-04-27;2026-04-27;HGLG11;CSHG Logística;156.98;93609
2026-04-27;2026-04-27;HGRE11;CSHG Real Estate;126.72;21412
2026-04-27;2026-04-27;HGRU11;CSHG Renda Urbana;131.63;26297
2026-04-27;2026-04-27;HSML11;HSI Malls;95.26;30779
2026-04-27;2026-04-27;KNCR11;Kinea Rendimentos Imobiliários;106.64;208662
2026-04-27;2026-04-27;KNIP11;Kinea Índices de Preços;94.25;101852
2026-04-27;2026-04-27;KNRI11;Kinea Renda Imobiliária;164.5;51538
2026-04-27;2026-04-27;KNSC11;Kinea Securities;9.3;993997
2026-04-27;2026-04-27;MCCI11;Mauá Capital Recebíveis Imobiliários;96.08;45643
2026-04-27;2026-04-27;MXRF11;Maxi Renda;9.87;1390683
2026-04-27;2026-04-27;PCIP11;Patria Crédito Imobiliário (ex-CVBI11);85.46;22710
2026-04-27;2026-04-27;PVBI11;VBI Prime Properties;77.4;45036
2026-04-27;2026-04-27;RBRR11;RBR Rendimento High Grade;84.39;76302
2026-04-27;2026-04-27;RBRY11;RBR Alpha Multiestratégia;93.45;65709
2026-04-27;2026-04-27;RECR11;REC Recebíveis Imobiliários;82.26;28693
2026-04-27;2026-04-27;TGAR11;TG Ativo Real;69.11;121536
2026-04-27;2026-04-27;TRXF11;TRX Real Estate;91.78;236287
2026-04-27;2026-04-27;VISC11;Vinci Shopping Centers;109.64;56172
2026-04-27;2026-04-27;VRTA11;Fator Verità;78.82;27528
2026-04-27;2026-04-27;XPLG11;XP Log;100.89;81703
2026-04-27;2026-04-27;XPML11;XP Malls;110.33;122411
2026-04-28;2026-04-28;ALZR11;Alianza Trust Renda Imobiliária;10.6;172682
2026-04-28;2026-04-28;BCIA11;Brasil Capital Real Estate FoF;96.36;12157
2026-04-28;2026-04-28;BRCO11;Bresco Logística;117.99;44671
2026-04-28;2026-04-28;BTLG11;BTG Pactual Logística;103.35;66241
2026-04-28;2026-04-28;CPTS11;Capitânia Securities II;7.94;894571
2026-04-28;2026-04-28;GGRC11;GGR Covepi Renda;10.19;704583
2026-04-28;2026-04-28;HGBS11;CSHG Brasil Shopping;20.8;100123
2026-04-28;2026-04-28;HGCR11;CSHG Recebíveis Imobiliários;97.91;26207
2026-04-28;2026-04-28;HGLG11;CSHG Logística;156.99;114528
2026-04-28;2026-04-28;HGRE11;CSHG Real Estate;128.58;50810
2026-04-28;2026-04-28;HGRU11;CSHG Renda Urbana;131.1;24917
2026-04-28;2026-04-28;HSML11;HSI Malls;95.55;24685
2026-04-28;2026-04-28;KNCR11;Kinea Rendimentos Imobiliários;107.0;158966
2026-04-28;2026-04-28;KNIP11;Kinea Índices de Preços;94.08;181489
2026-04-28;2026-04-28;KNRI11;Kinea Renda Imobiliária;167.94;85542
2026-04-28;2026-04-28;KNSC11;Kinea Securities;9.19;853085
2026-04-28;2026-04-28;MCCI11;Mauá Capital Recebíveis Imobiliários;96.0;55271
2026-04-28;2026-04-28;MXRF11;Maxi Renda;9.9;1557205
2026-04-28;2026-04-28;PCIP11;Patria Crédito Imobiliário (ex-CVBI11);85.05;25375
2026-04-28;2026-04-28;PVBI11;VBI Prime Properties;77.21;35260
2026-04-28;2026-04-28;RBRR11;RBR Rendimento High Grade;83.6;56056
2026-04-28;2026-04-28;RBRY11;RBR Alpha Multiestratégia;92.4;72090
2026-04-28;2026-04-28;RECR11;REC Recebíveis Imobiliários;82.5;24016
2026-04-28;2026-04-28;TGAR11;TG Ativo Real;68.09;105472
2026-04-28;2026-04-28;TRXF11;TRX Real Estate;91.8;189961
2026-04-28;2026-04-28;VISC11;Vinci Shopping Centers;109.82;52956
2026-04-28;2026-04-28;VRTA11;Fator Verità;78.68;27008
2026-04-28;2026-04-28;XPLG11;XP Log;100.94;55947
2026-04-28;2026-04-28;XPML11;XP Malls;110.75;98947
2026-04-29;2026-04-29;ALZR11;Alianza Trust Renda Imobiliária;10.57;176836
2026-04-29;2026-04-29;BCIA11;Brasil Capital Real Estate FoF;96.3;3383
2026-04-29;2026-04-29;BRCO11;Bresco Logística;118.0;37311
2026-04-29;2026-04-29;BTLG11;BTG Pactual Logística;103.38;66822
2026-04-29;2026-04-29;CPTS11;Capitânia Securities II;7.9;916199
2026-04-29;2026-04-29;GGRC11;GGR Covepi Renda;10.18;994064
2026-04-29;2026-04-29;HGBS11;CSHG Brasil Shopping;20.77;115818
2026-04-29;2026-04-29;HGCR11;CSHG Recebíveis Imobiliários;98.61;36298
2026-04-29;2026-04-29;HGLG11;CSHG Logística;156.1;90850
2026-04-29;2026-04-29;HGRE11;CSHG Real Estate;130.11;23124
2026-04-29;2026-04-29;HGRU11;CSHG Renda Urbana;132.66;30181
2026-04-29;2026-04-29;HSML11;HSI Malls;95.67;22307
2026-04-29;2026-04-29;KNCR11;Kinea Rendimentos Imobiliários;106.98;154618
2026-04-29;2026-04-29;KNIP11;Kinea Índices de Preços;94.52;115901
2026-04-29;2026-04-29;KNRI11;Kinea Renda Imobiliária;168.15;47754
2026-04-29;2026-04-29;KNSC11;Kinea Securities;9.19;611262
2026-04-29;2026-04-29;MCCI11;Mauá Capital Recebíveis Imobiliários;96.54;49526
2026-04-29;2026-04-29;MXRF11;Maxi Renda;9.85;1430543
2026-04-29;2026-04-29;PCIP11;Patria Crédito Imobiliário (ex-CVBI11);85.99;19397
2026-04-29;2026-04-29;PVBI11;VBI Prime Properties;77.27;36156
2026-04-29;2026-04-29;RBRR11;RBR Rendimento High Grade;83.55;38491
2026-04-29;2026-04-29;RBRY11;RBR Alpha Multiestratégia;92.35;74297
2026-04-29;2026-04-29;RECR11;REC Recebíveis Imobiliários;83.59;49760
2026-04-29;2026-04-29;TGAR11;TG Ativo Real;68.11;101711
2026-04-29;2026-04-29;TRXF11;TRX Real Estate;91.8;205456
2026-04-29;2026-04-29;VISC11;Vinci Shopping Centers;109.81;63064
2026-04-29;2026-04-29;VRTA11;Fator Verità;78.5;22934
2026-04-29;2026-04-29;XPLG11;XP Log;100.64;47496
2026-04-29;2026-04-29;XPML11;XP Malls;110.42;105341
2026-04-30;2026-04-30;ALZR11;Alianza Trust Renda Imobiliária;10.57;176743
2026-04-30;2026-04-30;BCIA11;Brasil Capital Real Estate FoF;96.68;3622
2026-04-30;2026-04-30;BRCO11;Bresco Logística;118.1;57105
2026-04-30;2026-04-30;BTLG11;BTG Pactual Logística;103.6;89444
2026-04-30;2026-04-30;CPTS11;Capitânia Securities II;7.93;896144
2026-04-30;2026-04-30;GGRC11;GGR Covepi Renda;10.27;1133614
2026-04-30;2026-04-30;HGBS11;CSHG Brasil Shopping;20.78;131222
2026-04-30;2026-04-30;HGCR11;CSHG Recebíveis Imobiliários;99.68;46026
2026-04-30;2026-04-30;HGLG11;CSHG Logística;156.4;113290
2026-04-30;2026-04-30;HGRE11;CSHG Real Estate;130.52;22044
2026-04-30;2026-04-30;HGRU11;CSHG Renda Urbana;132.53;27412
2026-04-30;2026-04-30;HSML11;HSI Malls;95.77;32771
2026-04-30;2026-04-30;KNCR11;Kinea Rendimentos Imobiliários;106.59;186217
2026-04-30;2026-04-30;KNIP11;Kinea Índices de Preços;94.8;95560
2026-04-30;2026-04-30;KNRI11;Kinea Renda Imobiliária;167.88;30986
2026-04-30;2026-04-30;KNSC11;Kinea Securities;9.24;699197
2026-04-30;2026-04-30;MCCI11;Mauá Capital Recebíveis Imobiliários;96.69;47661
2026-04-30;2026-04-30;MXRF11;Maxi Renda;9.92;1321746
2026-04-30;2026-04-30;PCIP11;Patria Crédito Imobiliário (ex-CVBI11);85.71;25810
2026-04-30;2026-04-30;PVBI11;VBI Prime Properties;76.0;89636
2026-04-30;2026-04-30;RBRR11;RBR Rendimento High Grade;83.63;43009
2026-04-30;2026-04-30;RBRY11;RBR Alpha Multiestratégia;92.5;60737
2026-04-30;2026-04-30;RECR11;REC Recebíveis Imobiliários;83.41;39424
2026-04-30;2026-04-30;TGAR11;TG Ativo Real;68.04;85442
2026-04-30;2026-04-30;TRXF11;TRX Real Estate;91.69;581081
2026-04-30;2026-04-30;VISC11;Vinci Shopping Centers;110.21;126737
2026-04-30;2026-04-30;VRTA11;Fator Verità;78.51;29744
2026-04-30;2026-04-30;XPLG11;XP Log;100.75;67869
2026-04-30;2026-04-30;XPML11;XP Malls;111.26;160817
2026-05-04;2026-05-04;ALZR11;Alianza Trust Renda Imobiliária;10.58;234753
2026-05-04;2026-05-04;BCIA11;Brasil Capital Real Estate FoF;94.8;8393
2026-05-04;2026-05-04;BRCO11;Bresco Logística;116.9;69374
2026-05-04;2026-05-04;BTLG11;BTG Pactual Logística;103.35;128742
2026-05-04;2026-05-04;CPTS11;Capitânia Securities II;7.86;2410394
2026-05-04;2026-05-04;GGRC11;GGR Covepi Renda;10.2;1328021
2026-05-04;2026-05-04;HGBS11;CSHG Brasil Shopping;20.56;371677
2026-05-04;2026-05-04;HGCR11;CSHG Recebíveis Imobiliários;97.73;51383
2026-05-04;2026-05-04;HGLG11;CSHG Logística;155.99;99540
2026-05-04;2026-05-04;HGRE11;CSHG Real Estate;128.2;28677
2026-05-04;2026-05-04;HGRU11;CSHG Renda Urbana;130.36;47328
2026-05-04;2026-05-04;HSML11;HSI Malls;94.85;121822
2026-05-04;2026-05-04;KNCR11;Kinea Rendimentos Imobiliários;105.94;283097
2026-05-04;2026-05-04;KNIP11;Kinea Índices de Preços;92.94;93604
2026-05-04;2026-05-04;KNRI11;Kinea Renda Imobiliária;166.08;88933
2026-05-04;2026-05-04;KNSC11;Kinea Securities;9.06;856471
2026-05-04;2026-05-04;MCCI11;Mauá Capital Recebíveis Imobiliários;94.49;188865
2026-05-04;2026-05-04;MXRF11;Maxi Renda;9.72;2970312
2026-05-04;2026-05-04;PCIP11;Patria Crédito Imobiliário (ex-CVBI11);84.26;71599
2026-05-04;2026-05-04;PVBI11;VBI Prime Properties;76.36;86129
2026-05-04;2026-05-04;RBRR11;RBR Rendimento High Grade;82.99;119302
2026-05-04;2026-05-04;RBRY11;RBR Alpha Multiestratégia;91.01;109240
2026-05-04;2026-05-04;RECR11;REC Recebíveis Imobiliários;83.0;64369
2026-05-04;2026-05-04;TGAR11;TG Ativo Real;63.48;237456
2026-05-04;2026-05-04;TRXF11;TRX Real Estate;90.73;348802
2026-05-04;2026-05-04;VISC11;Vinci Shopping Centers;110.03;136268
2026-05-04;2026-05-04;VRTA11;Fator Verità;77.13;37440
2026-05-04;2026-05-04;XPLG11;XP Log;100.09;73876
2026-05-04;2026-05-04;XPML11;XP Malls;111.2;162390
2026-05-05;2026-05-05;ALZR11;Alianza Trust Renda Imobiliária;10.55;173505
2026-05-05;2026-05-05;BCIA11;Brasil Capital Real Estate FoF;94.09;4082
2026-05-05;2026-05-05;BRCO11;Bresco Logística;117.4;57637
2026-05-05;2026-05-05;BTLG11;BTG Pactual Logística;103.11;112071
2026-05-05;2026-05-05;CPTS11;Capitânia Securities II;7.87;913784
2026-05-05;2026-05-05;GGRC11;GGR Covepi Renda;10.1;1042149
2026-05-05;2026-05-05;HGBS11;CSHG Brasil Shopping;20.45;157505
2026-05-05;2026-05-05;HGCR11;CSHG Recebíveis Imobiliários;98.05;22252
2026-05-05;2026-05-05;HGLG11;CSHG Logística;155.41;94818
2026-05-05;2026-05-05;HGRE11;CSHG Real Estate;128.64;13568
2026-05-05;2026-05-05;HGRU11;CSHG Renda Urbana;129.96;42385
2026-05-05;2026-05-05;HSML11;HSI Malls;93.2;98826
2026-05-05;2026-05-05;KNCR11;Kinea Rendimentos Imobiliários;104.98;244149
2026-05-05;2026-05-05;KNIP11;Kinea Índices de Preços;92.78;95389
2026-05-05;2026-05-05;KNRI11;Kinea Renda Imobiliária;164.11;43051
2026-05-05;2026-05-05;KNSC11;Kinea Securities;9.06;466205
2026-05-05;2026-05-05;MCCI11;Mauá Capital Recebíveis Imobiliários;94.04;100298
2026-05-05;2026-05-05;MXRF11;Maxi Renda;9.8;2236046
2026-05-05;2026-05-05;PCIP11;Patria Crédito Imobiliário (ex-CVBI11);84.95;23300
2026-05-05;2026-05-05;PVBI11;VBI Prime Properties;75.6;48250
2026-05-05;2026-05-05;RBRR11;RBR Rendimento High Grade;81.7;104406
2026-05-05;2026-05-05;RBRY11;RBR Alpha Multiestratégia;90.3;173409
2026-05-05;2026-05-05;RECR11;REC Recebíveis Imobiliários;82.11;44002
2026-05-05;2026-05-05;TGAR11;TG Ativo Real;62.21;252759
2026-05-05;2026-05-05;TRXF11;TRX Real Estate;90.55;239508
2026-05-05;2026-05-05;VISC11;Vinci Shopping Centers;110.16;143913
2026-05-05;2026-05-05;VRTA11;Fator Verità;76.0;33033
2026-05-05;2026-05-05;XPLG11;XP Log;99.81;62714
2026-05-05;2026-05-05;XPML11;XP Malls;111.4;124117
2026-05-06;2026-05-06;ALZR11;Alianza Trust Renda Imobiliária;10.6;181200
2026-05-06;2026-05-06;BCIA11;Brasil Capital Real Estate FoF;92.67;4527
2026-05-06;2026-05-06;BRCO11;Bresco Logística;119.1;54347
2026-05-06;2026-05-06;BTLG11;BTG Pactual Logística;103.6;141283
2026-05-06;2026-05-06;CPTS11;Capitânia Securities II;7.88;1296671
2026-05-06;2026-05-06;GGRC11;GGR Covepi Renda;10.15;1179570
2026-05-06;2026-05-06;HGBS11;CSHG Brasil Shopping;20.45;159108
2026-05-06;2026-05-06;HGCR11;CSHG Recebíveis Imobiliários;98.62;26948
2026-05-06;2026-05-06;HGLG11;CSHG Logística;156.22;121040
2026-05-06;2026-05-06;HGRE11;CSHG Real Estate;130.38;17834
2026-05-06;2026-05-06;HGRU11;CSHG Renda Urbana;131.54;41946
2026-05-06;2026-05-06;HSML11;HSI Malls;94.86;67929
2026-05-06;2026-05-06;KNCR11;Kinea Rendimentos Imobiliários;106.04;250236
2026-05-06;2026-05-06;KNIP11;Kinea Índices de Preços;92.88;95778
2026-05-06;2026-05-06;KNRI11;Kinea Renda Imobiliária;168.8;88518
2026-05-06;2026-05-06;KNSC11;Kinea Securities;9.1;749066
2026-05-06;2026-05-06;MCCI11;Mauá Capital Recebíveis Imobiliários;95.79;103185
2026-05-06;2026-05-06;MXRF11;Maxi Renda;9.95;1917827
2026-05-06;2026-05-06;PCIP11;Patria Crédito Imobiliário (ex-CVBI11);85.63;25325
2026-05-06;2026-05-06;PVBI11;VBI Prime Properties;76.12;53446
2026-05-06;2026-05-06;RBRR11;RBR Rendimento High Grade;83.98;80473
2026-05-06;2026-05-06;RBRY11;RBR Alpha Multiestratégia;91.79;54283
2026-05-06;2026-05-06;RECR11;REC Recebíveis Imobiliários;82.32;34504
2026-05-06;2026-05-06;TGAR11;TG Ativo Real;64.64;170453
2026-05-06;2026-05-06;TRXF11;TRX Real Estate;91.13;231826
2026-05-06;2026-05-06;VISC11;Vinci Shopping Centers;110.78;157470
2026-05-06;2026-05-06;VRTA11;Fator Verità;76.99;35143
2026-05-06;2026-05-06;XPLG11;XP Log;100.09;60463
2026-05-06;2026-05-06;XPML11;XP Malls;111.05;145247
2026-05-07;2026-05-07;ALZR11;Alianza Trust Renda Imobiliária;10.59;210946
2026-05-07;2026-05-07;BCIA11;Brasil Capital Real Estate FoF;92.42;3257
2026-05-07;2026-05-07;BRCO11;Bresco Logística;118.88;43175
2026-05-07;2026-05-07;BTLG11;BTG Pactual Logística;103.05;115633
2026-05-07;2026-05-07;CPTS11;Capitânia Securities II;7.86;915156
2026-05-07;2026-05-07;GGRC11;GGR Covepi Renda;10.2;918451
2026-05-07;2026-05-07;HGBS11;CSHG Brasil Shopping;20.35;152912
2026-05-07;2026-05-07;HGCR11;CSHG Recebíveis Imobiliários;98.0;20007
2026-05-07;2026-05-07;HGLG11;CSHG Logística;155.98;89012
2026-05-07;2026-05-07;HGRE11;CSHG Real Estate;130.43;17663
2026-05-07;2026-05-07;HGRU11;CSHG Renda Urbana;130.94;32663
2026-05-07;2026-05-07;HSML11;HSI Malls;93.63;59678
2026-05-07;2026-05-07;KNCR11;Kinea Rendimentos Imobiliários;106.24;182740
2026-05-07;2026-05-07;KNIP11;Kinea Índices de Preços;93.6;40545
2026-05-07;2026-05-07;KNRI11;Kinea Renda Imobiliária;168.17;50024
2026-05-07;2026-05-07;KNSC11;Kinea Securities;9.1;481305
2026-05-07;2026-05-07;MCCI11;Mauá Capital Recebíveis Imobiliários;96.24;59819
2026-05-07;2026-05-07;MXRF11;Maxi Renda;9.94;1164259
2026-05-07;2026-05-07;PCIP11;Patria Crédito Imobiliário (ex-CVBI11);86.14;41320
2026-05-07;2026-05-07;PVBI11;VBI Prime Properties;75.5;50768
2026-05-07;2026-05-07;RBRR11;RBR Rendimento High Grade;84.4;45417
2026-05-07;2026-05-07;RBRY11;RBR Alpha Multiestratégia;91.92;59814
2026-05-07;2026-05-07;RECR11;REC Recebíveis Imobiliários;82.04;44615
2026-05-07;2026-05-07;TGAR11;TG Ativo Real;64.25;93622
2026-05-07;2026-05-07;TRXF11;TRX Real Estate;91.5;171946
2026-05-07;2026-05-07;VISC11;Vinci Shopping Centers;111.14;110184
2026-05-07;2026-05-07;VRTA11;Fator Verità;76.9;24314
2026-05-07;2026-05-07;XPLG11;XP Log;99.92;133660
2026-05-07;2026-05-07;XPML11;XP Malls;110.58;122611
2026-05-08;2026-05-08;ALZR11;Alianza Trust Renda Imobiliária;10.7;204906
2026-05-08;2026-05-08;BCIA11;Brasil Capital Real Estate FoF;93.97;9161
2026-05-08;2026-05-08;BRCO11;Bresco Logística;118.91;59723
2026-05-08;2026-05-08;BTLG11;BTG Pactual Logística;103.75;161906
2026-05-08;2026-05-08;CPTS11;Capitânia Securities II;7.78;2465501
2026-05-08;2026-05-08;GGRC11;GGR Covepi Renda;10.31;1095841
2026-05-08;2026-05-08;HGBS11;CSHG Brasil Shopping;20.43;1052649
2026-05-08;2026-05-08;HGCR11;CSHG Recebíveis Imobiliários;98.3;20447
2026-05-08;2026-05-08;HGLG11;CSHG Logística;156.05;84685
2026-05-08;2026-05-08;HGRE11;CSHG Real Estate;131.55;17981
2026-05-08;2026-05-08;HGRU11;CSHG Renda Urbana;131.3;29723
2026-05-08;2026-05-08;HSML11;HSI Malls;92.91;339580
2026-05-08;2026-05-08;KNCR11;Kinea Rendimentos Imobiliários;106.75;209780
2026-05-08;2026-05-08;KNIP11;Kinea Índices de Preços;94.0;90782
2026-05-08;2026-05-08;KNRI11;Kinea Renda Imobiliária;167.88;47276
2026-05-08;2026-05-08;KNSC11;Kinea Securities;9.16;547371
2026-05-08;2026-05-08;MCCI11;Mauá Capital Recebíveis Imobiliários;97.39;51918
2026-05-08;2026-05-08;MXRF11;Maxi Renda;9.93;1378432
2026-05-08;2026-05-08;PCIP11;Patria Crédito Imobiliário (ex-CVBI11);86.02;26661
2026-05-08;2026-05-08;PVBI11;VBI Prime Properties;77.45;68522
2026-05-08;2026-05-08;RBRR11;RBR Rendimento High Grade;85.05;64269
2026-05-08;2026-05-08;RBRY11;RBR Alpha Multiestratégia;93.12;94165
2026-05-08;2026-05-08;RECR11;REC Recebíveis Imobiliários;83.31;42314
2026-05-08;2026-05-08;TGAR11;TG Ativo Real;64.9;111698
2026-05-08;2026-05-08;TRXF11;TRX Real Estate;91.79;198191
2026-05-08;2026-05-08;VISC11;Vinci Shopping Centers;111.5;113104
2026-05-08;2026-05-08;VRTA11;Fator Verità;77.11;16745
2026-05-08;2026-05-08;XPLG11;XP Log;99.97;76911
2026-05-08;2026-05-08;XPML11;XP Malls;109.73;270644
2026-05-11;2026-05-11;ALZR11;Alianza Trust Renda Imobiliária;10.65;284634
2026-05-11;2026-05-11;BCIA11;Brasil Capital Real Estate FoF;92.02;4621
2026-05-11;2026-05-11;BRCO11;Bresco Logística;114.84;132673
2026-05-11;2026-05-11;BTLG11;BTG Pactual Logística;103.1;142530
2026-05-11;2026-05-11;CPTS11;Capitânia Securities II;7.58;9547195
2026-05-11;2026-05-11;GGRC11;GGR Covepi Renda;10.17;1186187
2026-05-11;2026-05-11;HGBS11;CSHG Brasil Shopping;19.82;855795
2026-05-11;2026-05-11;HGCR11;CSHG Recebíveis Imobiliários;95.68;64461
2026-05-11;2026-05-11;HGLG11;CSHG Logística;155.5;138684
2026-05-11;2026-05-11;HGRE11;CSHG Real Estate;129.68;19351
2026-05-11;2026-05-11;HGRU11;CSHG Renda Urbana;129.6;32881
2026-05-11;2026-05-11;HSML11;HSI Malls;90.4;296966
2026-05-11;2026-05-11;KNCR11;Kinea Rendimentos Imobiliários;105.25;294729
2026-05-11;2026-05-11;KNIP11;Kinea Índices de Preços;93.1;111888
2026-05-11;2026-05-11;KNRI11;Kinea Renda Imobiliária;162.4;111301
2026-05-11;2026-05-11;KNSC11;Kinea Securities;9.06;779353
2026-05-11;2026-05-11;MCCI11;Mauá Capital Recebíveis Imobiliários;96.65;53407
2026-05-11;2026-05-11;MXRF11;Maxi Renda;9.88;1357230
2026-05-11;2026-05-11;PCIP11;Patria Crédito Imobiliário (ex-CVBI11);83.97;56923
2026-05-11;2026-05-11;PVBI11;VBI Prime Properties;75.06;74831
2026-05-11;2026-05-11;RBRR11;RBR Rendimento High Grade;84.48;73648
2026-05-11;2026-05-11;RBRY11;RBR Alpha Multiestratégia;93.5;148666
2026-05-11;2026-05-11;RECR11;REC Recebíveis Imobiliários;80.85;48058
2026-05-11;2026-05-11;TGAR11;TG Ativo Real;62.9;157337
2026-05-11;2026-05-11;TRXF11;TRX Real Estate;91.3;373239
2026-05-11;2026-05-11;VISC11;Vinci Shopping Centers;109.53;138285
2026-05-11;2026-05-11;VRTA11;Fator Verità;76.04;27180
2026-05-11;2026-05-11;XPLG11;XP Log;99.27;62395
2026-05-11;2026-05-11;XPML11;XP Malls;106.26;572670
2026-05-12;2026-05-12;ALZR11;Alianza Trust Renda Imobiliária;10.68;488035
2026-05-12;2026-05-12;BCIA11;Brasil Capital Real Estate FoF;91.8;6273
2026-05-12;2026-05-12;BRCO11;Bresco Logística;117.19;66128
2026-05-12;2026-05-12;BTLG11;BTG Pactual Logística;102.99;131792
2026-05-12;2026-05-12;CPTS11;Capitânia Securities II;7.66;2448549
2026-05-12;2026-05-12;GGRC11;GGR Covepi Renda;10.21;737923
2026-05-12;2026-05-12;HGBS11;CSHG Brasil Shopping;19.8;343064
2026-05-12;2026-05-12;HGCR11;CSHG Recebíveis Imobiliários;96.6;33671
2026-05-12;2026-05-12;HGLG11;CSHG Logística;155.05;82379
2026-05-12;2026-05-12;HGRE11;CSHG Real Estate;128.86;20233
2026-05-12;2026-05-12;HGRU11;CSHG Renda Urbana;128.64;27762
2026-05-12;2026-05-12;HSML11;HSI Malls;90.95;90161
2026-05-12;2026-05-12;KNCR11;Kinea Rendimentos Imobiliários;105.55;176881
2026-05-12;2026-05-12;KNIP11;Kinea Índices de Preços;92.91;82008
2026-05-12;2026-05-12;KNRI11;Kinea Renda Imobiliária;162.0;74773
2026-05-12;2026-05-12;KNSC11;Kinea Securities;9.04;636699
2026-05-12;2026-05-12;MCCI11;Mauá Capital Recebíveis Imobiliários;96.31;35471
2026-05-12;2026-05-12;MXRF11;Maxi Renda;9.89;1102056
2026-05-12;2026-05-12;PCIP11;Patria Crédito Imobiliário (ex-CVBI11);82.65;46297
2026-05-12;2026-05-12;PVBI11;VBI Prime Properties;75.0;47048
2026-05-12;2026-05-12;RBRR11;RBR Rendimento High Grade;83.98;34227
2026-05-12;2026-05-12;RBRY11;RBR Alpha Multiestratégia;92.9;59513
2026-05-12;2026-05-12;RECR11;REC Recebíveis Imobiliários;80.8;38668
2026-05-12;2026-05-12;TGAR11;TG Ativo Real;62.5;98423
2026-05-12;2026-05-12;TRXF11;TRX Real Estate;91.07;181558
2026-05-12;2026-05-12;VISC11;Vinci Shopping Centers;109.93;113951
2026-05-12;2026-05-12;VRTA11;Fator Verità;75.93;25835
2026-05-12;2026-05-12;XPLG11;XP Log;99.18;61770
2026-05-12;2026-05-12;XPML11;XP Malls;108.05;182542
2026-05-13;2026-05-13;ALZR11;Alianza Trust Renda Imobiliária;10.58;171980
2026-05-13;2026-05-13;BCIA11;Brasil Capital Real Estate FoF;91.47;9200
2026-05-13;2026-05-13;BRCO11;Bresco Logística;116.18;64136
2026-05-13;2026-05-13;BTLG11;BTG Pactual Logística;102.8;128911
2026-05-13;2026-05-13;CPTS11;Capitânia Securities II;7.64;1750448
2026-05-13;2026-05-13;GGRC11;GGR Covepi Renda;10.13;786427
2026-05-13;2026-05-13;HGBS11;CSHG Brasil Shopping;19.67;299262
2026-05-13;2026-05-13;HGCR11;CSHG Recebíveis Imobiliários;95.55;29065
2026-05-13;2026-05-13;HGLG11;CSHG Logística;154.85;66486
2026-05-13;2026-05-13;HGRE11;CSHG Real Estate;127.68;18517
2026-05-13;2026-05-13;HGRU11;CSHG Renda Urbana;127.51;37262
2026-05-13;2026-05-13;HSML11;HSI Malls;89.8;53802
2026-05-13;2026-05-13;KNCR11;Kinea Rendimentos Imobiliários;104.39;240939
2026-05-13;2026-05-13;KNIP11;Kinea Índices de Preços;91.83;75698
2026-05-13;2026-05-13;KNRI11;Kinea Renda Imobiliária;160.0;53547
2026-05-13;2026-05-13;KNSC11;Kinea Securities;9.02;572112
2026-05-13;2026-05-13;MCCI11;Mauá Capital Recebíveis Imobiliários;95.67;53843
2026-05-13;2026-05-13;MXRF11;Maxi Renda;9.8;1492065
2026-05-13;2026-05-13;PCIP11;Patria Crédito Imobiliário (ex-CVBI11);81.72;26549
2026-05-13;2026-05-13;PVBI11;VBI Prime Properties;72.95;62994
2026-05-13;2026-05-13;RBRR11;RBR Rendimento High Grade;82.89;51527
2026-05-13;2026-05-13;RBRY11;RBR Alpha Multiestratégia;90.76;58962
2026-05-13;2026-05-13;RECR11;REC Recebíveis Imobiliários;80.0;47936
2026-05-13;2026-05-13;TGAR11;TG Ativo Real;62.01;100725
2026-05-13;2026-05-13;TRXF11;TRX Real Estate;91.17;220605
2026-05-13;2026-05-13;VISC11;Vinci Shopping Centers;109.15;84790
2026-05-13;2026-05-13;VRTA11;Fator Verità;76.19;22158
2026-05-13;2026-05-13;XPLG11;XP Log;98.8;52666
2026-05-13;2026-05-13;XPML11;XP Malls;107.19;144085
2026-05-14;2026-05-14;ALZR11;Alianza Trust Renda Imobiliária;10.62;208620
2026-05-14;2026-05-14;BCIA11;Brasil Capital Real Estate FoF;91.65;5591
2026-05-14;2026-05-14;BRCO11;Bresco Logística;116.81;39114
2026-05-14;2026-05-14;BTLG11;BTG Pactual Logística;103.11;106750
2026-05-14;2026-05-14;CPTS11;Capitânia Securities II;7.63;797061
2026-05-14;2026-05-14;GGRC11;GGR Covepi Renda;10.17;885348
2026-05-14;2026-05-14;HGBS11;CSHG Brasil Shopping;19.93;244266
2026-05-14;2026-05-14;HGCR11;CSHG Recebíveis Imobiliários;96.4;28124
2026-05-14;2026-05-14;HGLG11;CSHG Logística;155.2;61114
2026-05-14;2026-05-14;HGRE11;CSHG Real Estate;128.65;12776
2026-05-14;2026-05-14;HGRU11;CSHG Renda Urbana;129.82;24538
2026-05-14;2026-05-14;HSML11;HSI Malls;90.88;58648
2026-05-14;2026-05-14;KNCR11;Kinea Rendimentos Imobiliários;105.65;248864
2026-05-14;2026-05-14;KNIP11;Kinea Índices de Preços;93.43;118417
2026-05-14;2026-05-14;KNRI11;Kinea Renda Imobiliária;159.6;154557
2026-05-14;2026-05-14;KNSC11;Kinea Securities;9.13;458956
2026-05-14;2026-05-14;MCCI11;Mauá Capital Recebíveis Imobiliários;95.42;61281
2026-05-14;2026-05-14;MXRF11;Maxi Renda;9.92;960338
2026-05-14;2026-05-14;PCIP11;Patria Crédito Imobiliário (ex-CVBI11);82.32;39651
2026-05-14;2026-05-14;PVBI11;VBI Prime Properties;75.04;49810
2026-05-14;2026-05-14;RBRR11;RBR Rendimento High Grade;83.79;45665
2026-05-14;2026-05-14;RBRY11;RBR Alpha Multiestratégia;91.48;35463
2026-05-14;2026-05-14;RECR11;REC Recebíveis Imobiliários;81.09;27177
2026-05-14;2026-05-14;TGAR11;TG Ativo Real;63.79;121633
2026-05-14;2026-05-14;TRXF11;TRX Real Estate;91.78;150468
2026-05-14;2026-05-14;VISC11;Vinci Shopping Centers;110.12;117004
2026-05-14;2026-05-14;VRTA11;Fator Verità;76.22;12904
2026-05-14;2026-05-14;XPLG11;XP Log;99.15;65515
2026-05-14;2026-05-14;XPML11;XP Malls;108.73;125983
2026-05-15;2026-05-15;ALZR11;Alianza Trust Renda Imobiliária;10.62;294377
2026-05-15;2026-05-15;BCIA11;Brasil Capital Real Estate FoF;92.89;9942
2026-05-15;2026-05-15;BRCO11;Bresco Logística;117.62;36915
2026-05-15;2026-05-15;BTLG11;BTG Pactual Logística;103.4;119390
2026-05-15;2026-05-15;CPTS11;Capitânia Securities II;7.61;1241641
2026-05-15;2026-05-15;GGRC11;GGR Covepi Renda;10.19;838625
2026-05-15;2026-05-15;HGBS11;CSHG Brasil Shopping;20.0;263383
2026-05-15;2026-05-15;HGCR11;CSHG Recebíveis Imobiliários;97.08;37167
2026-05-15;2026-05-15;HGLG11;CSHG Logística;155.5;98319
2026-05-15;2026-05-15;HGRE11;CSHG Real Estate;130.1;18279
2026-05-15;2026-05-15;HGRU11;CSHG Renda Urbana;131.38;29136
2026-05-15;2026-05-15;HSML11;HSI Malls;91.45;47761
2026-05-15;2026-05-15;KNCR11;Kinea Rendimentos Imobiliários;106.1;182569
2026-05-15;2026-05-15;KNIP11;Kinea Índices de Preços;93.98;136402
2026-05-15;2026-05-15;KNRI11;Kinea Renda Imobiliária;160.0;50917
2026-05-15;2026-05-15;KNSC11;Kinea Securities;9.15;582971
2026-05-15;2026-05-15;MCCI11;Mauá Capital Recebíveis Imobiliários;95.85;57364
2026-05-15;2026-05-15;MXRF11;Maxi Renda;9.92;1473424
2026-05-15;2026-05-15;PCIP11;Patria Crédito Imobiliário (ex-CVBI11);83.0;33416
2026-05-15;2026-05-15;PVBI11;VBI Prime Properties;76.95;58487
2026-05-15;2026-05-15;RBRR11;RBR Rendimento High Grade;84.21;40512
2026-05-15;2026-05-15;RBRY11;RBR Alpha Multiestratégia;91.6;37533
2026-05-15;2026-05-15;RECR11;REC Recebíveis Imobiliários;82.98;55985
2026-05-15;2026-05-15;TGAR11;TG Ativo Real;66.99;262713
2026-05-15;2026-05-15;TRXF11;TRX Real Estate;91.8;176830
2026-05-15;2026-05-15;VISC11;Vinci Shopping Centers;110.1;70427
2026-05-15;2026-05-15;VRTA11;Fator Verità;76.41;33877
2026-05-15;2026-05-15;XPLG11;XP Log;99.2;65111
2026-05-15;2026-05-15;XPML11;XP Malls;109.8;146177
2026-05-18;2026-05-18;ALZR11;Alianza Trust Renda Imobiliária;10.54;218364
2026-05-18;2026-05-18;BCIA11;Brasil Capital Real Estate FoF;92.5;3885
2026-05-18;2026-05-18;BRCO11;Bresco Logística;116.55;49144
2026-05-18;2026-05-18;BTLG11;BTG Pactual Logística;102.67;150058
2026-05-18;2026-05-18;CPTS11;Capitânia Securities II;7.57;1630381
2026-05-18;2026-05-18;GGRC11;GGR Covepi Renda;10.1;1106136
2026-05-18;2026-05-18;HGBS11;CSHG Brasil Shopping;19.77;345153
2026-05-18;2026-05-18;HGCR11;CSHG Recebíveis Imobiliários;95.7;40201
2026-05-18;2026-05-18;HGLG11;CSHG Logística;155.24;89996
2026-05-18;2026-05-18;HGRE11;CSHG Real Estate;128.81;16323
2026-05-18;2026-05-18;HGRU11;CSHG Renda Urbana;129.17;43687
2026-05-18;2026-05-18;HSML11;HSI Malls;88.0;111556
2026-05-18;2026-05-18;KNCR11;Kinea Rendimentos Imobiliários;104.66;369278
2026-05-18;2026-05-18;KNIP11;Kinea Índices de Preços;93.37;93729
2026-05-18;2026-05-18;KNRI11;Kinea Renda Imobiliária;158.9;56574
2026-05-18;2026-05-18;KNSC11;Kinea Securities;9.08;586604
2026-05-18;2026-05-18;MCCI11;Mauá Capital Recebíveis Imobiliários;95.91;87409
2026-05-18;2026-05-18;MXRF11;Maxi Renda;9.85;1676444
2026-05-18;2026-05-18;PCIP11;Patria Crédito Imobiliário (ex-CVBI11);81.91;24193
2026-05-18;2026-05-18;PVBI11;VBI Prime Properties;73.88;76839
2026-05-18;2026-05-18;RBRR11;RBR Rendimento High Grade;82.81;36324
2026-05-18;2026-05-18;RBRY11;RBR Alpha Multiestratégia;92.08;79342
2026-05-18;2026-05-18;RECR11;REC Recebíveis Imobiliários;80.78;55662
2026-05-18;2026-05-18;TGAR11;TG Ativo Real;66.49;139367
2026-05-18;2026-05-18;TRXF11;TRX Real Estate;91.21;227315
2026-05-18;2026-05-18;VISC11;Vinci Shopping Centers;109.0;103086
2026-05-18;2026-05-18;VRTA11;Fator Verità;75.79;22339
2026-05-18;2026-05-18;XPLG11;XP Log;98.71;63624
2026-05-18;2026-05-18;XPML11;XP Malls;109.0;190641
2026-05-19;2026-05-19;ALZR11;Alianza Trust Renda Imobiliária;10.36;230341
2026-05-19;2026-05-19;BCIA11;Brasil Capital Real Estate FoF;91.32;4036
2026-05-19;2026-05-19;BRCO11;Bresco Logística;115.28;45629
2026-05-19;2026-05-19;BTLG11;BTG Pactual Logística;102.7;95191
2026-05-19;2026-05-19;CPTS11;Capitânia Securities II;7.45;1362056
2026-05-19;2026-05-19;GGRC11;GGR Covepi Renda;10.01;1054797
2026-05-19;2026-05-19;HGBS11;CSHG Brasil Shopping;19.45;307254
2026-05-19;2026-05-19;HGCR11;CSHG Recebíveis Imobiliários;95.59;27071
2026-05-19;2026-05-19;HGLG11;CSHG Logística;154.05;75658
2026-05-19;2026-05-19;HGRE11;CSHG Real Estate;127.8;16809
2026-05-19;2026-05-19;HGRU11;CSHG Renda Urbana;128.57;32187
2026-05-19;2026-05-19;HSML11;HSI Malls;86.27;86360
2026-05-19;2026-05-19;KNCR11;Kinea Rendimentos Imobiliários;104.17;226647
2026-05-19;2026-05-19;KNIP11;Kinea Índices de Preços;91.5;148159
2026-05-19;2026-05-19;KNRI11;Kinea Renda Imobiliária;157.75;41768
2026-05-19;2026-05-19;KNSC11;Kinea Securities;9.04;751974
2026-05-19;2026-05-19;MCCI11;Mauá Capital Recebíveis Imobiliários;94.63;50224
2026-05-19;2026-05-19;MXRF11;Maxi Renda;9.82;1227190
2026-05-19;2026-05-19;PCIP11;Patria Crédito Imobiliário (ex-CVBI11);81.01;29826
2026-05-19;2026-05-19;PVBI11;VBI Prime Properties;72.75;53946
2026-05-19;2026-05-19;RBRR11;RBR Rendimento High Grade;82.51;58700
2026-05-19;2026-05-19;RBRY11;RBR Alpha Multiestratégia;92.13;83598
2026-05-19;2026-05-19;RECR11;REC Recebíveis Imobiliários;80.6;45556
2026-05-19;2026-05-19;TGAR11;TG Ativo Real;62.05;147983
2026-05-19;2026-05-19;TRXF11;TRX Real Estate;90.5;266737
2026-05-19;2026-05-19;VISC11;Vinci Shopping Centers;108.19;86228
2026-05-19;2026-05-19;VRTA11;Fator Verità;75.81;21581
2026-05-19;2026-05-19;XPLG11;XP Log;98.23;46526
2026-05-19;2026-05-19;XPML11;XP Malls;106.56;189660
2026-05-20;2026-05-20;ALZR11;Alianza Trust Renda Imobiliária;10.4;228054
2026-05-20;2026-05-20;BCIA11;Brasil Capital Real Estate FoF;91.76;5675
2026-05-20;2026-05-20;BRCO11;Bresco Logística;116.21;54872
2026-05-20;2026-05-20;BTLG11;BTG Pactual Logística;102.97;114999
2026-05-20;2026-05-20;CPTS11;Capitânia Securities II;7.64;1188318
2026-05-20;2026-05-20;GGRC11;GGR Covepi Renda;10.15;1014445
2026-05-20;2026-05-20;HGBS11;CSHG Brasil Shopping;19.7;261189
2026-05-20;2026-05-20;HGCR11;CSHG Recebíveis Imobiliários;96.81;37937
2026-05-20;2026-05-20;HGLG11;CSHG Logística;154.8;77583
2026-05-20;2026-05-20;HGRE11;CSHG Real Estate;128.0;14539
2026-05-20;2026-05-20;HGRU11;CSHG Renda Urbana;130.58;29549
2026-05-20;2026-05-20;HSML11;HSI Malls;88.95;75901
2026-05-20;2026-05-20;KNCR11;Kinea Rendimentos Imobiliários;105.5;320121
2026-05-20;2026-05-20;KNIP11;Kinea Índices de Preços;92.28;86306
2026-05-20;2026-05-20;KNRI11;Kinea Renda Imobiliária;159.8;43744
2026-05-20;2026-05-20;KNSC11;Kinea Securities;9.13;758896
2026-05-20;2026-05-20;MCCI11;Mauá Capital Recebíveis Imobiliários;95.85;37042
2026-05-20;2026-05-20;MXRF11;Maxi Renda;9.9;1480575
2026-05-20;2026-05-20;PCIP11;Patria Crédito Imobiliário (ex-CVBI11);82.85;52217
2026-05-20;2026-05-20;PVBI11;VBI Prime Properties;74.2;43475
2026-05-20;2026-05-20;RBRR11;RBR Rendimento High Grade;83.84;40893
2026-05-20;2026-05-20;RBRY11;RBR Alpha Multiestratégia;92.69;51415
2026-05-20;2026-05-20;RECR11;REC Recebíveis Imobiliários;81.36;28394
2026-05-20;2026-05-20;TGAR11;TG Ativo Real;62.55;128241
2026-05-20;2026-05-20;TRXF11;TRX Real Estate;91.15;207266
2026-05-20;2026-05-20;VISC11;Vinci Shopping Centers;108.44;75441
2026-05-20;2026-05-20;VRTA11;Fator Verità;76.19;14926
2026-05-20;2026-05-20;XPLG11;XP Log;98.01;70352
2026-05-20;2026-05-20;XPML11;XP Malls;106.85;181620
2026-05-21;2026-05-21;ALZR11;Alianza Trust Renda Imobiliária;10.43;236669
2026-05-21;2026-05-21;BCIA11;Brasil Capital Real Estate FoF;91.55;8999
2026-05-21;2026-05-21;BRCO11;Bresco Logística;116.49;39568
2026-05-21;2026-05-21;BTLG11;BTG Pactual Logística;103.2;100410
2026-05-21;2026-05-21;CPTS11;Capitânia Securities II;7.64;727045
2026-05-21;2026-05-21;GGRC11;GGR Covepi Renda;10.13;784950
2026-05-21;2026-05-21;HGBS11;CSHG Brasil Shopping;19.82;337973
2026-05-21;2026-05-21;HGCR11;CSHG Recebíveis Imobiliários;96.76;28216
2026-05-21;2026-05-21;HGLG11;CSHG Logística;154.75;82469
2026-05-21;2026-05-21;HGRE11;CSHG Real Estate;127.86;15956
2026-05-21;2026-05-21;HGRU11;CSHG Renda Urbana;131.89;30107
2026-05-21;2026-05-21;HSML11;HSI Malls;88.26;59507
2026-05-21;2026-05-21;KNCR11;Kinea Rendimentos Imobiliários;105.77;156656
2026-05-21;2026-05-21;KNIP11;Kinea Índices de Preços;92.22;112611
2026-05-21;2026-05-21;KNRI11;Kinea Renda Imobiliária;159.92;39519
2026-05-21;2026-05-21;KNSC11;Kinea Securities;9.09;518795
2026-05-21;2026-05-21;MCCI11;Mauá Capital Recebíveis Imobiliários;95.25;41969
2026-05-21;2026-05-21;MXRF11;Maxi Renda;9.91;790219
2026-05-21;2026-05-21;PCIP11;Patria Crédito Imobiliário (ex-CVBI11);82.5;23796
2026-05-21;2026-05-21;PVBI11;VBI Prime Properties;73.32;35740
2026-05-21;2026-05-21;RBRR11;RBR Rendimento High Grade;84.0;26401
2026-05-21;2026-05-21;RBRY11;RBR Alpha Multiestratégia;92.22;47609
2026-05-21;2026-05-21;RECR11;REC Recebíveis Imobiliários;81.41;35657
2026-05-21;2026-05-21;TGAR11;TG Ativo Real;61.81;128749
2026-05-21;2026-05-21;TRXF11;TRX Real Estate;91.76;134581
2026-05-21;2026-05-21;VISC11;Vinci Shopping Centers;107.81;70875
2026-05-21;2026-05-21;VRTA11;Fator Verità;76.5;18000
2026-05-21;2026-05-21;XPLG11;XP Log;97.49;55466
2026-05-21;2026-05-21;XPML11;XP Malls;107.05;138270
2026-05-22;2026-05-22;ALZR11;Alianza Trust Renda Imobiliária;10.44;180263
2026-05-22;2026-05-22;BCIA11;Brasil Capital Real Estate FoF;91.65;3276
2026-05-22;2026-05-22;BRCO11;Bresco Logística;117.0;39061
2026-05-22;2026-05-22;BTLG11;BTG Pactual Logística;103.5;123835
2026-05-22;2026-05-22;CPTS11;Capitânia Securities II;7.62;674648
2026-05-22;2026-05-22;GGRC11;GGR Covepi Renda;10.11;812054
2026-05-22;2026-05-22;HGBS11;CSHG Brasil Shopping;19.8;186876
2026-05-22;2026-05-22;HGCR11;CSHG Recebíveis Imobiliários;96.87;44339
2026-05-22;2026-05-22;HGLG11;CSHG Logística;155.3;90116
2026-05-22;2026-05-22;HGRE11;CSHG Real Estate;129.45;11761
2026-05-22;2026-05-22;HGRU11;CSHG Renda Urbana;130.99;26043
2026-05-22;2026-05-22;HSML11;HSI Malls;88.12;71795
2026-05-22;2026-05-22;KNCR11;Kinea Rendimentos Imobiliários;105.1;268887
2026-05-22;2026-05-22;KNIP11;Kinea Índices de Preços;92.28;75232
2026-05-22;2026-05-22;KNRI11;Kinea Renda Imobiliária;158.75;37904
2026-05-22;2026-05-22;KNSC11;Kinea Securities;9.09;677400
2026-05-22;2026-05-22;MCCI11;Mauá Capital Recebíveis Imobiliários;96.17;65289
2026-05-22;2026-05-22;MXRF11;Maxi Renda;9.91;1017588
2026-05-22;2026-05-22;PCIP11;Patria Crédito Imobiliário (ex-CVBI11);83.52;71178
2026-05-22;2026-05-22;PVBI11;VBI Prime Properties;74.4;36959
2026-05-22;2026-05-22;RBRR11;RBR Rendimento High Grade;84.0;69330
2026-05-22;2026-05-22;RBRY11;RBR Alpha Multiestratégia;93.4;73979
2026-05-22;2026-05-22;RECR11;REC Recebíveis Imobiliários;80.95;38344
2026-05-22;2026-05-22;TGAR11;TG Ativo Real;60.51;208283
2026-05-22;2026-05-22;TRXF11;TRX Real Estate;91.76;168771
2026-05-22;2026-05-22;VISC11;Vinci Shopping Centers;108.0;84380
2026-05-22;2026-05-22;VRTA11;Fator Verità;77.9;21194
2026-05-22;2026-05-22;XPLG11;XP Log;97.47;56928
2026-05-22;2026-05-22;XPML11;XP Malls;107.0;124755
2026-05-25;2026-05-25;ALZR11;Alianza Trust Renda Imobiliária;10.49;250612
2026-05-25;2026-05-25;BCIA11;Brasil Capital Real Estate FoF;91.46;5615
2026-05-25;2026-05-25;BRCO11;Bresco Logística;118.11;54524
2026-05-25;2026-05-25;BTLG11;BTG Pactual Logística;103.49;176611
2026-05-25;2026-05-25;CPTS11;Capitânia Securities II;7.66;926066
2026-05-25;2026-05-25;GGRC11;GGR Covepi Renda;10.09;1202686
2026-05-25;2026-05-25;HGBS11;CSHG Brasil Shopping;19.83;248208
2026-05-25;2026-05-25;HGCR11;CSHG Recebíveis Imobiliários;96.56;22789
2026-05-25;2026-05-25;HGLG11;CSHG Logística;155.2;76454
2026-05-25;2026-05-25;HGRE11;CSHG Real Estate;129.4;13701
2026-05-25;2026-05-25;HGRU11;CSHG Renda Urbana;130.35;27480
2026-05-25;2026-05-25;HSML11;HSI Malls;88.11;87048
2026-05-25;2026-05-25;KNCR11;Kinea Rendimentos Imobiliários;105.45;217144
2026-05-25;2026-05-25;KNIP11;Kinea Índices de Preços;92.55;93384
2026-05-25;2026-05-25;KNRI11;Kinea Renda Imobiliária;160.31;39535
2026-05-25;2026-05-25;KNSC11;Kinea Securities;9.12;644406
2026-05-25;2026-05-25;MCCI11;Mauá Capital Recebíveis Imobiliários;95.06;43990
2026-05-25;2026-05-25;MXRF11;Maxi Renda;9.97;1268575
2026-05-25;2026-05-25;PCIP11;Patria Crédito Imobiliário (ex-CVBI11);83.5;29692
2026-05-25;2026-05-25;PVBI11;VBI Prime Properties;75.43;44469
2026-05-25;2026-05-25;RBRR11;RBR Rendimento High Grade;83.87;45351
2026-05-25;2026-05-25;RBRY11;RBR Alpha Multiestratégia;93.59;42307
2026-05-25;2026-05-25;RECR11;REC Recebíveis Imobiliários;81.28;44429
2026-05-25;2026-05-25;TGAR11;TG Ativo Real;59.98;208890
2026-05-25;2026-05-25;TRXF11;TRX Real Estate;91.8;199749
2026-05-25;2026-05-25;VISC11;Vinci Shopping Centers;108.32;58260
2026-05-25;2026-05-25;VRTA11;Fator Verità;77.32;44092
2026-05-25;2026-05-25;XPLG11;XP Log;97.6;91559
2026-05-25;2026-05-25;XPML11;XP Malls;107.05;164852
2026-05-26;2026-05-26;ALZR11;Alianza Trust Renda Imobiliária;10.47;237957
2026-05-26;2026-05-26;BCIA11;Brasil Capital Real Estate FoF;91.2;2429
2026-05-26;2026-05-26;BRCO11;Bresco Logística;117.86;37929
2026-05-26;2026-05-26;BTLG11;BTG Pactual Logística;102.59;193660
2026-05-26;2026-05-26;CPTS11;Capitânia Securities II;7.62;891688
2026-05-26;2026-05-26;GGRC11;GGR Covepi Renda;10.07;862886
2026-05-26;2026-05-26;HGBS11;CSHG Brasil Shopping;19.88;305626
2026-05-26;2026-05-26;HGCR11;CSHG Recebíveis Imobiliários;97.25;23886
2026-05-26;2026-05-26;HGLG11;CSHG Logística;154.7;120254
2026-05-26;2026-05-26;HGRE11;CSHG Real Estate;130.89;50717
2026-05-26;2026-05-26;HGRU11;CSHG Renda Urbana;129.19;49685
2026-05-26;2026-05-26;HSML11;HSI Malls;88.48;42050
2026-05-26;2026-05-26;KNCR11;Kinea Rendimentos Imobiliários;105.28;252217
2026-05-26;2026-05-26;KNIP11;Kinea Índices de Preços;92.2;122353
2026-05-26;2026-05-26;KNRI11;Kinea Renda Imobiliária;164.52;89476
2026-05-26;2026-05-26;KNSC11;Kinea Securities;9.1;442125
2026-05-26;2026-05-26;MCCI11;Mauá Capital Recebíveis Imobiliários;94.54;50393
2026-05-26;2026-05-26;MXRF11;Maxi Renda;9.96;1203190
2026-05-26;2026-05-26;PCIP11;Patria Crédito Imobiliário (ex-CVBI11);83.2;17297
2026-05-26;2026-05-26;PVBI11;VBI Prime Properties;73.53;60398
2026-05-26;2026-05-26;RBRR11;RBR Rendimento High Grade;83.47;38476
2026-05-26;2026-05-26;RBRY11;RBR Alpha Multiestratégia;93.48;67360
2026-05-26;2026-05-26;RECR11;REC Recebíveis Imobiliários;80.79;38820
2026-05-26;2026-05-26;TGAR11;TG Ativo Real;58.31;215640
2026-05-26;2026-05-26;TRXF11;TRX Real Estate;91.64;172674
2026-05-26;2026-05-26;VISC11;Vinci Shopping Centers;107.0;84651
2026-05-26;2026-05-26;VRTA11;Fator Verità;77.0;17294
2026-05-26;2026-05-26;XPLG11;XP Log;97.3;59340
2026-05-26;2026-05-26;XPML11;XP Malls;106.55;157251
2026-05-27;2026-05-27;ALZR11;Alianza Trust Renda Imobiliária;10.36;264213
2026-05-27;2026-05-27;BCIA11;Brasil Capital Real Estate FoF;91.26;3728
2026-05-27;2026-05-27;BRCO11;Bresco Logística;116.87;47935
2026-05-27;2026-05-27;BTLG11;BTG Pactual Logística;103.09;93396
2026-05-27;2026-05-27;CPTS11;Capitânia Securities II;7.62;1110180
2026-05-27;2026-05-27;GGRC11;GGR Covepi Renda;10.05;1073934
2026-05-27;2026-05-27;HGBS11;CSHG Brasil Shopping;19.98;356746
2026-05-27;2026-05-27;HGCR11;CSHG Recebíveis Imobiliários;96.23;20194
2026-05-27;2026-05-27;HGLG11;CSHG Logística;154.96;71072
2026-05-27;2026-05-27;HGRE11;CSHG Real Estate;130.79;10648
2026-05-27;2026-05-27;HGRU11;CSHG Renda Urbana;129.2;29342
2026-05-27;2026-05-27;HSML11;HSI Malls;89.78;78753
2026-05-27;2026-05-27;KNCR11;Kinea Rendimentos Imobiliários;105.99;187223
2026-05-27;2026-05-27;KNIP11;Kinea Índices de Preços;93.15;80783
2026-05-27;2026-05-27;KNRI11;Kinea Renda Imobiliária;162.03;52641
2026-05-27;2026-05-27;KNSC11;Kinea Securities;9.1;539002
2026-05-27;2026-05-27;MCCI11;Mauá Capital Recebíveis Imobiliários;95.42;40001
2026-05-27;2026-05-27;MXRF11;Maxi Renda;9.91;1802771
2026-05-27;2026-05-27;PCIP11;Patria Crédito Imobiliário (ex-CVBI11);83.83;27643
2026-05-27;2026-05-27;PVBI11;VBI Prime Properties;73.6;40453
2026-05-27;2026-05-27;RBRR11;RBR Rendimento High Grade;83.67;33188
2026-05-27;2026-05-27;RBRY11;RBR Alpha Multiestratégia;93.74;31474
2026-05-27;2026-05-27;RECR11;REC Recebíveis Imobiliários;80.49;55496
2026-05-27;2026-05-27;TGAR11;TG Ativo Real;59.55;200400
2026-05-27;2026-05-27;TRXF11;TRX Real Estate;91.78;139826
2026-05-27;2026-05-27;VISC11;Vinci Shopping Centers;106.4;106988
2026-05-27;2026-05-27;VRTA11;Fator Verità;77.0;35730
2026-05-27;2026-05-27;XPLG11;XP Log;97.17;80760
2026-05-27;2026-05-27;XPML11;XP Malls;106.69;123655
2026-05-28;2026-05-28;ALZR11;Alianza Trust Renda Imobiliária;10.38;1679504
2026-05-28;2026-05-28;BCIA11;Brasil Capital Real Estate FoF;91.51;4369
2026-05-28;2026-05-28;BRCO11;Bresco Logística;116.51;40280
2026-05-28;2026-05-28;BTLG11;BTG Pactual Logística;102.98;80126
2026-05-28;2026-05-28;CPTS11;Capitânia Securities II;7.61;935829
2026-05-28;2026-05-28;GGRC11;GGR Covepi Renda;10.09;948829
2026-05-28;2026-05-28;HGBS11;CSHG Brasil Shopping;20.05;446491
2026-05-28;2026-05-28;HGCR11;CSHG Recebíveis Imobiliários;96.3;30437
2026-05-28;2026-05-28;HGLG11;CSHG Logística;155.03;100024
2026-05-28;2026-05-28;HGRE11;CSHG Real Estate;130.35;14197
2026-05-28;2026-05-28;HGRU11;CSHG Renda Urbana;129.7;27201
2026-05-28;2026-05-28;HSML11;HSI Malls;90.41;45184
2026-05-28;2026-05-28;KNCR11;Kinea Rendimentos Imobiliários;106.85;194309
2026-05-28;2026-05-28;KNIP11;Kinea Índices de Preços;93.13;105210
2026-05-28;2026-05-28;KNRI11;Kinea Renda Imobiliária;162.33;29322
2026-05-28;2026-05-28;KNSC11;Kinea Securities;9.16;337697
2026-05-28;2026-05-28;MCCI11;Mauá Capital Recebíveis Imobiliários;95.19;22604
2026-05-28;2026-05-28;MXRF11;Maxi Renda;9.95;1100130
2026-05-28;2026-05-28;PCIP11;Patria Crédito Imobiliário (ex-CVBI11);83.0;24640
2026-05-28;2026-05-28;PVBI11;VBI Prime Properties;73.66;36402
2026-05-28;2026-05-28;RBRR11;RBR Rendimento High Grade;83.57;25810
2026-05-28;2026-05-28;RBRY11;RBR Alpha Multiestratégia;93.81;49743
2026-05-28;2026-05-28;RECR11;REC Recebíveis Imobiliários;80.95;30777
2026-05-28;2026-05-28;TGAR11;TG Ativo Real;59.77;71670
2026-05-28;2026-05-28;TRXF11;TRX Real Estate;91.6;191481
2026-05-28;2026-05-28;VISC11;Vinci Shopping Centers;106.45;68777
2026-05-28;2026-05-28;VRTA11;Fator Verità;76.98;10666
2026-05-28;2026-05-28;XPLG11;XP Log;96.8;69142
2026-05-28;2026-05-28;XPML11;XP Malls;106.82;128462
2026-05-29;2026-05-29;ALZR11;Alianza Trust Renda Imobiliária;10.31;266911
2026-05-29;2026-05-29;BCIA11;Brasil Capital Real Estate FoF;91.9;4881
2026-05-29;2026-05-29;BRCO11;Bresco Logística;118.3;47003
2026-05-29;2026-05-29;BTLG11;BTG Pactual Logística;103.6;112478
2026-05-29;2026-05-29;CPTS11;Capitânia Securities II;7.64;1041979
2026-05-29;2026-05-29;GGRC11;GGR Covepi Renda;10.15;992208
2026-05-29;2026-05-29;HGBS11;CSHG Brasil Shopping;20.05;347269
2026-05-29;2026-05-29;HGCR11;CSHG Recebíveis Imobiliários;97.49;40007
2026-05-29;2026-05-29;HGLG11;CSHG Logística;155.71;113034
2026-05-29;2026-05-29;HGRE11;CSHG Real Estate;130.02;19364
2026-05-29;2026-05-29;HGRU11;CSHG Renda Urbana;129.93;43406
2026-05-29;2026-05-29;HSML11;HSI Malls;92.72;53114
2026-05-29;2026-05-29;KNCR11;Kinea Rendimentos Imobiliários;107.0;216702
2026-05-29;2026-05-29;KNIP11;Kinea Índices de Preços;93.02;137003
2026-05-29;2026-05-29;KNRI11;Kinea Renda Imobiliária;162.53;58463
2026-05-29;2026-05-29;KNSC11;Kinea Securities;9.21;704793
2026-05-29;2026-05-29;MCCI11;Mauá Capital Recebíveis Imobiliários;95.92;55876
2026-05-29;2026-05-29;MXRF11;Maxi Renda;9.98;1671120
2026-05-29;2026-05-29;PCIP11;Patria Crédito Imobiliário (ex-CVBI11);83.61;44559
2026-05-29;2026-05-29;PVBI11;VBI Prime Properties;74.1;90752
2026-05-29;2026-05-29;RBRR11;RBR Rendimento High Grade;84.42;40472
2026-05-29;2026-05-29;RBRY11;RBR Alpha Multiestratégia;94.0;60012
2026-05-29;2026-05-29;RECR11;REC Recebíveis Imobiliários;82.54;63149
2026-05-29;2026-05-29;TGAR11;TG Ativo Real;59.77;338784
2026-05-29;2026-05-29;TRXF11;TRX Real Estate;91.8;281250
2026-05-29;2026-05-29;VISC11;Vinci Shopping Centers;107.09;70749
2026-05-29;2026-05-29;VRTA11;Fator Verità;76.85;19819
2026-05-29;2026-05-29;XPLG11;XP Log;97.0;103275
2026-05-29;2026-05-29;XPML11;XP Malls;107.0;187782
2026-06-01;2026-06-01;ALZR11;Alianza Trust Renda Imobiliária;10.27;291961
2026-06-01;2026-06-01;BCIA11;Brasil Capital Real Estate FoF;89.9;9258
2026-06-01;2026-06-01;BRCO11;Bresco Logística;117.4;84550
2026-06-01;2026-06-01;BTLG11;BTG Pactual Logística;103.92;112604
2026-06-01;2026-06-01;CPTS11;Capitânia Securities II;7.63;896863
2026-06-01;2026-06-01;GGRC11;GGR Covepi Renda;10.03;1573565
2026-06-01;2026-06-01;HGBS11;CSHG Brasil Shopping;19.99;495799
2026-06-01;2026-06-01;HGCR11;CSHG Recebíveis Imobiliários;95.63;30896
2026-06-01;2026-06-01;HGLG11;CSHG Logística;154.65;119760
2026-06-01;2026-06-01;HGRE11;CSHG Real Estate;129.39;15543
2026-06-01;2026-06-01;HGRU11;CSHG Renda Urbana;128.5;48697
2026-06-01;2026-06-01;HSML11;HSI Malls;90.84;182363
2026-06-01;2026-06-01;KNCR11;Kinea Rendimentos Imobiliários;105.42;286529
2026-06-01;2026-06-01;KNIP11;Kinea Índices de Preços;91.71;128533
2026-06-01;2026-06-01;KNRI11;Kinea Renda Imobiliária;158.01;77006
2026-06-01;2026-06-01;KNSC11;Kinea Securities;9.09;1114477
2026-06-01;2026-06-01;MCCI11;Mauá Capital Recebíveis Imobiliários;95.06;45105
2026-06-01;2026-06-01;MXRF11;Maxi Renda;9.85;2220469
2026-06-01;2026-06-01;PCIP11;Patria Crédito Imobiliário (ex-CVBI11);83.54;25042
2026-06-01;2026-06-01;PVBI11;VBI Prime Properties;72.41;78424
2026-06-01;2026-06-01;RBRR11;RBR Rendimento High Grade;83.0;59234
2026-06-01;2026-06-01;RBRY11;RBR Alpha Multiestratégia;93.95;127297
2026-06-01;2026-06-01;RECR11;REC Recebíveis Imobiliários;82.71;74730
2026-06-01;2026-06-01;TGAR11;TG Ativo Real;57.5;131885
2026-06-01;2026-06-01;TRXF11;TRX Real Estate;90.63;312889
2026-06-01;2026-06-01;VISC11;Vinci Shopping Centers;106.54;146886
2026-06-01;2026-06-01;VRTA11;Fator Verità;75.76;18918
2026-06-01;2026-06-01;XPLG11;XP Log;95.9;107857
2026-06-01;2026-06-01;XPML11;XP Malls;106.42;210649
2026-06-02;2026-06-02;ALZR11;Alianza Trust Renda Imobiliária;10.1;369943
2026-06-02;2026-06-02;BCIA11;Brasil Capital Real Estate FoF;90.31;2619
2026-06-02;2026-06-02;BRCO11;Bresco Logística;116.46;48863
2026-06-02;2026-06-02;BTLG11;BTG Pactual Logística;102.95;138858
2026-06-02;2026-06-02;CPTS11;Capitânia Securities II;7.62;820928
2026-06-02;2026-06-02;GGRC11;GGR Covepi Renda;9.95;1450902
2026-06-02;2026-06-02;HGBS11;CSHG Brasil Shopping;19.97;407265
2026-06-02;2026-06-02;HGCR11;CSHG Recebíveis Imobiliários;95.9;26941
2026-06-02;2026-06-02;HGLG11;CSHG Logística;154.12;101445
2026-06-02;2026-06-02;HGRE11;CSHG Real Estate;128.9;16268
2026-06-02;2026-06-02;HGRU11;CSHG Renda Urbana;127.32;53018
2026-06-02;2026-06-02;HSML11;HSI Malls;93.5;109181
2026-06-02;2026-06-02;KNCR11;Kinea Rendimentos Imobiliários;106.56;239843
2026-06-02;2026-06-02;KNIP11;Kinea Índices de Preços;93.33;83609
2026-06-02;2026-06-02;KNRI11;Kinea Renda Imobiliária;157.03;55511
2026-06-02;2026-06-02;KNSC11;Kinea Securities;9.13;378206
2026-06-02;2026-06-02;MCCI11;Mauá Capital Recebíveis Imobiliários;95.0;62043
2026-06-02;2026-06-02;MXRF11;Maxi Renda;9.84;1306250
2026-06-02;2026-06-02;PCIP11;Patria Crédito Imobiliário (ex-CVBI11);83.86;14968
2026-06-02;2026-06-02;PVBI11;VBI Prime Properties;72.28;51864
2026-06-02;2026-06-02;RBRR11;RBR Rendimento High Grade;83.45;34100
2026-06-02;2026-06-02;RBRY11;RBR Alpha Multiestratégia;93.11;98069
2026-06-02;2026-06-02;RECR11;REC Recebíveis Imobiliários;82.15;35050
2026-06-02;2026-06-02;TGAR11;TG Ativo Real;56.4;140868
2026-06-02;2026-06-02;TRXF11;TRX Real Estate;91.0;173885
2026-06-02;2026-06-02;VISC11;Vinci Shopping Centers;106.37;101519
2026-06-02;2026-06-02;VRTA11;Fator Verità;75.6;29520
2026-06-02;2026-06-02;XPLG11;XP Log;94.8;88075
2026-06-02;2026-06-02;XPML11;XP Malls;106.57;153944
2026-06-03;2026-06-03;ALZR11;Alianza Trust Renda Imobiliária;10.08;458697
2026-06-03;2026-06-03;BCIA11;Brasil Capital Real Estate FoF;90.0;4047
2026-06-03;2026-06-03;BRCO11;Bresco Logística;116.04;92244
2026-06-03;2026-06-03;BTLG11;BTG Pactual Logística;102.97;116022
2026-06-03;2026-06-03;CPTS11;Capitânia Securities II;7.62;1082031
2026-06-03;2026-06-03;GGRC11;GGR Covepi Renda;9.95;1011927
2026-06-03;2026-06-03;HGBS11;CSHG Brasil Shopping;19.89;278739
2026-06-03;2026-06-03;HGCR11;CSHG Recebíveis Imobiliários;95.77;40307
2026-06-03;2026-06-03;HGLG11;CSHG Logística;153.97;76596
2026-06-03;2026-06-03;HGRE11;CSHG Real Estate;126.34;23484
2026-06-03;2026-06-03;HGRU11;CSHG Renda Urbana;127.4;37939
2026-06-03;2026-06-03;HSML11;HSI Malls;90.2;118973
2026-06-03;2026-06-03;KNCR11;Kinea Rendimentos Imobiliários;106.62;206368
2026-06-03;2026-06-03;KNIP11;Kinea Índices de Preços;93.1;122498
2026-06-03;2026-06-03;KNRI11;Kinea Renda Imobiliária;155.06;61465
2026-06-03;2026-06-03;KNSC11;Kinea Securities;9.08;563553
2026-06-03;2026-06-03;MCCI11;Mauá Capital Recebíveis Imobiliários;95.22;66474
2026-06-03;2026-06-03;MXRF11;Maxi Renda;9.8;1643974
2026-06-03;2026-06-03;PCIP11;Patria Crédito Imobiliário (ex-CVBI11);83.85;22909
2026-06-03;2026-06-03;PVBI11;VBI Prime Properties;71.01;87515
2026-06-03;2026-06-03;RBRR11;RBR Rendimento High Grade;83.68;100122
2026-06-03;2026-06-03;RBRY11;RBR Alpha Multiestratégia;92.65;54045
2026-06-03;2026-06-03;RECR11;REC Recebíveis Imobiliários;82.04;34132
2026-06-03;2026-06-03;TGAR11;TG Ativo Real;56.35;121906
2026-06-03;2026-06-03;TRXF11;TRX Real Estate;90.8;181604
2026-06-03;2026-06-03;VISC11;Vinci Shopping Centers;105.99;113650
2026-06-03;2026-06-03;VRTA11;Fator Verità;75.48;19055
2026-06-03;2026-06-03;XPLG11;XP Log;93.87;105088
2026-06-03;2026-06-03;XPML11;XP Malls;106.0;252340
2026-06-05;2026-06-05;ALZR11;Alianza Trust Renda Imobiliária;10.1;286885
2026-06-05;2026-06-05;BCIA11;Brasil Capital Real Estate FoF;89.94;3111
2026-06-05;2026-06-05;BRCO11;Bresco Logística;115.96;39633
2026-06-05;2026-06-05;BTLG11;BTG Pactual Logística;103.35;94395
2026-06-05;2026-06-05;CPTS11;Capitânia Securities II;7.59;849783
2026-06-05;2026-06-05;GGRC11;GGR Covepi Renda;9.98;1165483
2026-06-05;2026-06-05;HGBS11;CSHG Brasil Shopping;19.88;285528
2026-06-05;2026-06-05;HGCR11;CSHG Recebíveis Imobiliários;95.06;17459
2026-06-05;2026-06-05;HGLG11;CSHG Logística;154.95;70410
2026-06-05;2026-06-05;HGRE11;CSHG Real Estate;126.97;10557
2026-06-05;2026-06-05;HGRU11;CSHG Renda Urbana;128.47;49205
2026-06-05;2026-06-05;HSML11;HSI Malls;90.22;50967
2026-06-05;2026-06-05;KNCR11;Kinea Rendimentos Imobiliários;106.61;215683
2026-06-05;2026-06-05;KNIP11;Kinea Índices de Preços;93.15;96157
2026-06-05;2026-06-05;KNRI11;Kinea Renda Imobiliária;156.6;52381
2026-06-05;2026-06-05;KNSC11;Kinea Securities;9.1;457311
2026-06-05;2026-06-05;MCCI11;Mauá Capital Recebíveis Imobiliários;95.6;52233
2026-06-05;2026-06-05;MXRF11;Maxi Renda;9.8;1327697
2026-06-05;2026-06-05;PCIP11;Patria Crédito Imobiliário (ex-CVBI11);84.26;42220
2026-06-05;2026-06-05;PVBI11;VBI Prime Properties;72.8;55512
2026-06-05;2026-06-05;RBRR11;RBR Rendimento High Grade;82.62;40993
2026-06-05;2026-06-05;RBRY11;RBR Alpha Multiestratégia;92.58;40875
2026-06-05;2026-06-05;RECR11;REC Recebíveis Imobiliários;82.59;42483
2026-06-05;2026-06-05;TGAR11;TG Ativo Real;54.78;173254
2026-06-05;2026-06-05;TRXF11;TRX Real Estate;91.49;312518
2026-06-05;2026-06-05;VISC11;Vinci Shopping Centers;105.69;71393
2026-06-05;2026-06-05;VRTA11;Fator Verità;75.2;16314
2026-06-05;2026-06-05;XPLG11;XP Log;94.28;121901
2026-06-05;2026-06-05;XPML11;XP Malls;106.4;173886
2026-06-08;2026-06-08;ALZR11;Alianza Trust Renda Imobiliária;10.06;551559
2026-06-08;2026-06-08;BCIA11;Brasil Capital Real Estate FoF;89.9;3314
2026-06-08;2026-06-08;BRCO11;Bresco Logística;114.25;67818
2026-06-08;2026-06-08;BTLG11;BTG Pactual Logística;102.68;126269
2026-06-08;2026-06-08;CPTS11;Capitânia Securities II;7.62;683109
2026-06-08;2026-06-08;GGRC11;GGR Covepi Renda;9.92;1173843
2026-06-08;2026-06-08;HGBS11;CSHG Brasil Shopping;19.82;284627
2026-06-08;2026-06-08;HGCR11;CSHG Recebíveis Imobiliários;94.21;35292
2026-06-08;2026-06-08;HGLG11;CSHG Logística;153.2;169389
2026-06-08;2026-06-08;HGRE11;CSHG Real Estate;125.28;20361
2026-06-08;2026-06-08;HGRU11;CSHG Renda Urbana;128.49;115860
2026-06-08;2026-06-08;HSML11;HSI Malls;88.5;60546
2026-06-08;2026-06-08;KNCR11;Kinea Rendimentos Imobiliários;105.89;331674
2026-06-08;2026-06-08;KNIP11;Kinea Índices de Preços;93.02;123607
2026-06-08;2026-06-08;KNRI11;Kinea Renda Imobiliária;153.0;70308
2026-06-08;2026-06-08;KNSC11;Kinea Securities;9.1;874210
2026-06-08;2026-06-08;MCCI11;Mauá Capital Recebíveis Imobiliários;94.81;57472
2026-06-08;2026-06-08;MXRF11;Maxi Renda;9.73;1497996
2026-06-08;2026-06-08;PCIP11;Patria Crédito Imobiliário (ex-CVBI11);83.99;34326
2026-06-08;2026-06-08;PVBI11;VBI Prime Properties;71.89;53381
2026-06-08;2026-06-08;RBRR11;RBR Rendimento High Grade;82.1;41997
2026-06-08;2026-06-08;RBRY11;RBR Alpha Multiestratégia;92.32;59679
2026-06-08;2026-06-08;RECR11;REC Recebíveis Imobiliários;81.95;74322
2026-06-08;2026-06-08;TGAR11;TG Ativo Real;51.55;203476
2026-06-08;2026-06-08;TRXF11;TRX Real Estate;91.15;298668
2026-06-08;2026-06-08;VISC11;Vinci Shopping Centers;102.0;315249
2026-06-08;2026-06-08;VRTA11;Fator Verità;74.76;20909
2026-06-08;2026-06-08;XPLG11;XP Log;93.55;88339
2026-06-08;2026-06-08;XPML11;XP Malls;105.7;187171
2026-06-09;2026-06-09;ALZR11;Alianza Trust Renda Imobiliária;10.0;288960
2026-06-09;2026-06-09;BCIA11;Brasil Capital Real Estate FoF;89.7;3242
2026-06-09;2026-06-09;BRCO11;Bresco Logística;113.93;63410
2026-06-09;2026-06-09;BTLG11;BTG Pactual Logística;102.18;108465
2026-06-09;2026-06-09;CPTS11;Capitânia Securities II;7.62;1454275
2026-06-09;2026-06-09;GGRC11;GGR Covepi Renda;9.95;1668187
2026-06-09;2026-06-09;HGBS11;CSHG Brasil Shopping;19.7;137269
2026-06-09;2026-06-09;HGCR11;CSHG Recebíveis Imobiliários;94.15;19305
2026-06-09;2026-06-09;HGLG11;CSHG Logística;151.83;120233
2026-06-09;2026-06-09;HGRE11;CSHG Real Estate;124.3;13543
2026-06-09;2026-06-09;HGRU11;CSHG Renda Urbana;128.03;60065
2026-06-09;2026-06-09;HSML11;HSI Malls;88.35;88739
2026-06-09;2026-06-09;KNCR11;Kinea Rendimentos Imobiliários;106.41;200006
2026-06-09;2026-06-09;KNIP11;Kinea Índices de Preços;92.5;58736
2026-06-09;2026-06-09;KNRI11;Kinea Renda Imobiliária;153.0;60833
2026-06-09;2026-06-09;KNSC11;Kinea Securities;9.06;388792
2026-06-09;2026-06-09;MCCI11;Mauá Capital Recebíveis Imobiliários;94.1;42701
2026-06-09;2026-06-09;MXRF11;Maxi Renda;9.7;1580000
2026-06-09;2026-06-09;PCIP11;Patria Crédito Imobiliário (ex-CVBI11);83.47;19763
2026-06-09;2026-06-09;PVBI11;VBI Prime Properties;72.5;43081
2026-06-09;2026-06-09;RBRR11;RBR Rendimento High Grade;82.49;33361
2026-06-09;2026-06-09;RBRY11;RBR Alpha Multiestratégia;90.94;65646
2026-06-09;2026-06-09;RECR11;REC Recebíveis Imobiliários;80.5;48622
2026-06-09;2026-06-09;TGAR11;TG Ativo Real;53.54;248508
2026-06-09;2026-06-09;TRXF11;TRX Real Estate;91.37;241235
2026-06-09;2026-06-09;VISC11;Vinci Shopping Centers;101.39;110366
2026-06-09;2026-06-09;VRTA11;Fator Verità;74.42;22846
2026-06-09;2026-06-09;XPLG11;XP Log;93.55;70841
2026-06-09;2026-06-09;XPML11;XP Malls;105.44;155949
2026-06-10;2026-06-10;ALZR11;Alianza Trust Renda Imobiliária;9.9;272861
2026-06-10;2026-06-10;BCIA11;Brasil Capital Real Estate FoF;88.2;2651
2026-06-10;2026-06-10;BRCO11;Bresco Logística;112.78;56067
2026-06-10;2026-06-10;BTLG11;BTG Pactual Logística;102.03;114406
2026-06-10;2026-06-10;CPTS11;Capitânia Securities II;7.46;1144400
2026-06-10;2026-06-10;GGRC11;GGR Covepi Renda;9.92;1382918
2026-06-10;2026-06-10;HGBS11;CSHG Brasil Shopping;19.56;133251
2026-06-10;2026-06-10;HGCR11;CSHG Recebíveis Imobiliários;93.01;37259
2026-06-10;2026-06-10;HGLG11;CSHG Logística;150.6;102722
2026-06-10;2026-06-10;HGRE11;CSHG Real Estate;120.02;26154
2026-06-10;2026-06-10;HGRU11;CSHG Renda Urbana;127.5;60973
2026-06-10;2026-06-10;HSML11;HSI Malls;86.8;51672
2026-06-10;2026-06-10;KNCR11;Kinea Rendimentos Imobiliários;106.17;163212
2026-06-10;2026-06-10;KNIP11;Kinea Índices de Preços;91.86;106688
2026-06-10;2026-06-10;KNRI11;Kinea Renda Imobiliária;150.69;61211
2026-06-10;2026-06-10;KNSC11;Kinea Securities;9.0;668404
2026-06-10;2026-06-10;MCCI11;Mauá Capital Recebíveis Imobiliários;93.05;73568
2026-06-10;2026-06-10;MXRF11;Maxi Renda;9.64;1389366
2026-06-10;2026-06-10;PCIP11;Patria Crédito Imobiliário (ex-CVBI11);81.31;32105
2026-06-10;2026-06-10;PVBI11;VBI Prime Properties;71.0;86137
2026-06-10;2026-06-10;RBRR11;RBR Rendimento High Grade;82.14;27357
2026-06-10;2026-06-10;RBRY11;RBR Alpha Multiestratégia;90.35;82892
2026-06-10;2026-06-10;RECR11;REC Recebíveis Imobiliários;79.78;48912
2026-06-10;2026-06-10;TGAR11;TG Ativo Real;50.86;260268
2026-06-10;2026-06-10;TRXF11;TRX Real Estate;91.1;213059
2026-06-10;2026-06-10;VISC11;Vinci Shopping Centers;100.85;123411
2026-06-10;2026-06-10;VRTA11;Fator Verità;73.12;34425
2026-06-10;2026-06-10;XPLG11;XP Log;91.4;162482
2026-06-10;2026-06-10;XPML11;XP Malls;104.15;186688
2026-06-11;2026-06-11;ALZR11;Alianza Trust Renda Imobiliária;9.96;441635
2026-06-11;2026-06-11;BCIA11;Brasil Capital Real Estate FoF;89.07;8114
2026-06-11;2026-06-11;BRCO11;Bresco Logística;114.3;39817
2026-06-11;2026-06-11;BTLG11;BTG Pactual Logística;102.79;77941
2026-06-11;2026-06-11;CPTS11;Capitânia Securities II;7.6;798384
2026-06-11;2026-06-11;GGRC11;GGR Covepi Renda;9.93;1315999
2026-06-11;2026-06-11;HGBS11;CSHG Brasil Shopping;19.58;215019
2026-06-11;2026-06-11;HGCR11;CSHG Recebíveis Imobiliários;94.34;36192
2026-06-11;2026-06-11;HGLG11;CSHG Logística;150.52;118316
2026-06-11;2026-06-11;HGRE11;CSHG Real Estate;123.94;15618
2026-06-11;2026-06-11;HGRU11;CSHG Renda Urbana;128.89;46758
2026-06-11;2026-06-11;HSML11;HSI Malls;87.03;51818
2026-06-11;2026-06-11;KNCR11;Kinea Rendimentos Imobiliários;106.63;163800
2026-06-11;2026-06-11;KNIP11;Kinea Índices de Preços;91.8;98571
2026-06-11;2026-06-11;KNRI11;Kinea Renda Imobiliária;153.8;35002
2026-06-11;2026-06-11;KNSC11;Kinea Securities;9.05;909834
2026-06-11;2026-06-11;MCCI11;Mauá Capital Recebíveis Imobiliários;94.02;44942
2026-06-11;2026-06-11;MXRF11;Maxi Renda;9.71;1650563
2026-06-11;2026-06-11;PCIP11;Patria Crédito Imobiliário (ex-CVBI11);81.46;31536
2026-06-11;2026-06-11;PVBI11;VBI Prime Properties;72.21;40802
2026-06-11;2026-06-11;RBRR11;RBR Rendimento High Grade;81.7;34902
2026-06-11;2026-06-11;RBRY11;RBR Alpha Multiestratégia;89.88;42479
2026-06-11;2026-06-11;RECR11;REC Recebíveis Imobiliários;80.21;40236
2026-06-11;2026-06-11;TGAR11;TG Ativo Real;53.57;104810
2026-06-11;2026-06-11;TRXF11;TRX Real Estate;91.36;229156
2026-06-11;2026-06-11;VISC11;Vinci Shopping Centers;102.45;86671
2026-06-11;2026-06-11;VRTA11;Fator Verità;73.77;27533
2026-06-11;2026-06-11;XPLG11;XP Log;92.06;81603
2026-06-11;2026-06-11;XPML11;XP Malls;104.3;187141
2026-06-12;2026-06-12;ALZR11;Alianza Trust Renda Imobiliária;10.06;261938
2026-06-12;2026-06-12;BCIA11;Brasil Capital Real Estate FoF;89.78;5474
2026-06-12;2026-06-12;BRCO11;Bresco Logística;114.78;41805
2026-06-12;2026-06-12;BTLG11;BTG Pactual Logística;102.95;86398
2026-06-12;2026-06-12;CPTS11;Capitânia Securities II;7.56;1144868
2026-06-12;2026-06-12;GGRC11;GGR Covepi Renda;9.97;1419740
2026-06-12;2026-06-12;HGBS11;CSHG Brasil Shopping;19.59;158835
2026-06-12;2026-06-12;HGCR11;CSHG Recebíveis Imobiliários;94.08;34442
2026-06-12;2026-06-12;HGLG11;CSHG Logística;151.4;87545
2026-06-12;2026-06-12;HGRE11;CSHG Real Estate;123.02;12620
2026-06-12;2026-06-12;HGRU11;CSHG Renda Urbana;128.97;38781
2026-06-12;2026-06-12;HSML11;HSI Malls;87.47;32003
2026-06-12;2026-06-12;KNCR11;Kinea Rendimentos Imobiliários;106.92;229423
2026-06-12;2026-06-12;KNIP11;Kinea Índices de Preços;91.81;89904
2026-06-12;2026-06-12;KNRI11;Kinea Renda Imobiliária;153.35;31881
2026-06-12;2026-06-12;KNSC11;Kinea Securities;9.1;485018
2026-06-12;2026-06-12;MCCI11;Mauá Capital Recebíveis Imobiliários;92.35;63031
2026-06-12;2026-06-12;MXRF11;Maxi Renda;9.66;1125788
2026-06-12;2026-06-12;PCIP11;Patria Crédito Imobiliário (ex-CVBI11);81.96;39704
2026-06-12;2026-06-12;PVBI11;VBI Prime Properties;72.0;40184
2026-06-12;2026-06-12;RBRR11;RBR Rendimento High Grade;82.0;44735
2026-06-12;2026-06-12;RBRY11;RBR Alpha Multiestratégia;89.95;34785
2026-06-12;2026-06-12;RECR11;REC Recebíveis Imobiliários;80.16;40930
2026-06-12;2026-06-12;TGAR11;TG Ativo Real;54.91;63823
2026-06-12;2026-06-12;TRXF11;TRX Real Estate;91.76;179594
2026-06-12;2026-06-12;VISC11;Vinci Shopping Centers;103.49;38329
2026-06-12;2026-06-12;VRTA11;Fator Verità;74.21;25546
2026-06-12;2026-06-12;XPLG11;XP Log;92.2;101576
2026-06-12;2026-06-12;XPML11;XP Malls;104.49;149037
2026-06-15;2026-06-15;ALZR11;Alianza Trust Renda Imobiliária;10.12;317228
2026-06-15;2026-06-15;BCIA11;Brasil Capital Real Estate FoF;89.7;3318
2026-06-15;2026-06-15;BRCO11;Bresco Logística;115.37;41652
2026-06-15;2026-06-15;BTLG11;BTG Pactual Logística;102.95;120072
2026-06-15;2026-06-15;CPTS11;Capitânia Securities II;7.55;1256831
2026-06-15;2026-06-15;GGRC11;GGR Covepi Renda;10.02;1163009
2026-06-15;2026-06-15;HGBS11;CSHG Brasil Shopping;19.67;217058
2026-06-15;2026-06-15;HGCR11;CSHG Recebíveis Imobiliários;94.77;39741
2026-06-15;2026-06-15;HGLG11;CSHG Logística;151.94;101968
2026-06-15;2026-06-15;HGRE11;CSHG Real Estate;125.46;15279
2026-06-15;2026-06-15;HGRU11;CSHG Renda Urbana;128.9;41154
2026-06-15;2026-06-15;HSML11;HSI Malls;87.73;34649
2026-06-15;2026-06-15;KNCR11;Kinea Rendimentos Imobiliários;107.26;194075
2026-06-15;2026-06-15;KNIP11;Kinea Índices de Preços;91.8;99346
2026-06-15;2026-06-15;KNRI11;Kinea Renda Imobiliária;157.08;57600
2026-06-15;2026-06-15;KNSC11;Kinea Securities;9.1;614123
2026-06-15;2026-06-15;MCCI11;Mauá Capital Recebíveis Imobiliários;92.5;48176
2026-06-15;2026-06-15;MXRF11;Maxi Renda;9.71;1978313
2026-06-15;2026-06-15;PCIP11;Patria Crédito Imobiliário (ex-CVBI11);82.35;40362
2026-06-15;2026-06-15;PVBI11;VBI Prime Properties;72.99;42215
2026-06-15;2026-06-15;RBRR11;RBR Rendimento High Grade;82.26;23887
2026-06-15;2026-06-15;RBRY11;RBR Alpha Multiestratégia;90.09;35123
2026-06-15;2026-06-15;RECR11;REC Recebíveis Imobiliários;81.25;82962
2026-06-15;2026-06-15;TGAR11;TG Ativo Real;53.67;171412
2026-06-15;2026-06-15;TRXF11;TRX Real Estate;91.79;329115
2026-06-15;2026-06-15;VISC11;Vinci Shopping Centers;104.99;65845
2026-06-15;2026-06-15;VRTA11;Fator Verità;74.67;36894
2026-06-15;2026-06-15;XPLG11;XP Log;92.95;105321
2026-06-15;2026-06-15;XPML11;XP Malls;105.41;161222
2026-06-16;2026-06-16;ALZR11;Alianza Trust Renda Imobiliária;10.07;228260
2026-06-16;2026-06-16;BCIA11;Brasil Capital Real Estate FoF;88.41;4754
2026-06-16;2026-06-16;BRCO11;Bresco Logística;114.7;41783
2026-06-16;2026-06-16;BTLG11;BTG Pactual Logística;102.54;92623
2026-06-16;2026-06-16;CPTS11;Capitânia Securities II;7.36;1813926
2026-06-16;2026-06-16;GGRC11;GGR Covepi Renda;9.97;1237366
2026-06-16;2026-06-16;HGBS11;CSHG Brasil Shopping;19.67;206685
2026-06-16;2026-06-16;HGCR11;CSHG Recebíveis Imobiliários;93.78;43542
2026-06-16;2026-06-16;HGLG11;CSHG Logística;151.94;85663
2026-06-16;2026-06-16;HGRE11;CSHG Real Estate;124.96;13109
2026-06-16;2026-06-16;HGRU11;CSHG Renda Urbana;128.87;33600
2026-06-16;2026-06-16;HSML11;HSI Malls;87.73;28852
2026-06-16;2026-06-16;KNCR11;Kinea Rendimentos Imobiliários;106.75;163558
2026-06-16;2026-06-16;KNIP11;Kinea Índices de Preços;91.52;110887
2026-06-16;2026-06-16;KNRI11;Kinea Renda Imobiliária;156.21;35833
2026-06-16;2026-06-16;KNSC11;Kinea Securities;9.06;420239
2026-06-16;2026-06-16;MCCI11;Mauá Capital Recebíveis Imobiliários;92.47;33973
2026-06-16;2026-06-16;MXRF11;Maxi Renda;9.71;1234597
2026-06-16;2026-06-16;PCIP11;Patria Crédito Imobiliário (ex-CVBI11);82.28;23189
2026-06-16;2026-06-16;PVBI11;VBI Prime Properties;72.71;38161
2026-06-16;2026-06-16;RBRR11;RBR Rendimento High Grade;81.9;23366
2026-06-16;2026-06-16;RBRY11;RBR Alpha Multiestratégia;90.13;24296
2026-06-16;2026-06-16;RECR11;REC Recebíveis Imobiliários;81.14;47143
2026-06-16;2026-06-16;TGAR11;TG Ativo Real;53.7;55386
2026-06-16;2026-06-16;TRXF11;TRX Real Estate;91.78;319152
2026-06-16;2026-06-16;VISC11;Vinci Shopping Centers;104.99;39557
2026-06-16;2026-06-16;VRTA11;Fator Verità;74.76;24180
2026-06-16;2026-06-16;XPLG11;XP Log;92.6;77477
2026-06-16;2026-06-16;XPML11;XP Malls;105.07;146941
2026-06-17;2026-06-17;ALZR11;Alianza Trust Renda Imobiliária;10.06;251614
2026-06-17;2026-06-17;BCIA11;Brasil Capital Real Estate FoF;88.8;5473
2026-06-17;2026-06-17;BRCO11;Bresco Logística;113.41;49588
2026-06-17;2026-06-17;BTLG11;BTG Pactual Logística;102.57;153185
2026-06-17;2026-06-17;CPTS11;Capitânia Securities II;7.27;1784888
2026-06-17;2026-06-17;GGRC11;GGR Covepi Renda;9.94;1203829
2026-06-17;2026-06-17;HGBS11;CSHG Brasil Shopping;19.59;184702
2026-06-17;2026-06-17;HGCR11;CSHG Recebíveis Imobiliários;93.45;31853
2026-06-17;2026-06-17;HGLG11;CSHG Logística;151.51;115532
2026-06-17;2026-06-17;HGRE11;CSHG Real Estate;124.27;15447
2026-06-17;2026-06-17;HGRU11;CSHG Renda Urbana;129.08;50818
2026-06-17;2026-06-17;HSML11;HSI Malls;86.95;33306
2026-06-17;2026-06-17;KNCR11;Kinea Rendimentos Imobiliários;106.51;213054
2026-06-17;2026-06-17;KNIP11;Kinea Índices de Preços;91.77;104844
2026-06-17;2026-06-17;KNRI11;Kinea Renda Imobiliária;154.01;31892
2026-06-17;2026-06-17;KNSC11;Kinea Securities;9.06;506693
2026-06-17;2026-06-17;MCCI11;Mauá Capital Recebíveis Imobiliários;92.0;38170
2026-06-17;2026-06-17;MXRF11;Maxi Renda;9.68;1466975
2026-06-17;2026-06-17;PCIP11;Patria Crédito Imobiliário (ex-CVBI11);81.43;16625
2026-06-17;2026-06-17;PVBI11;VBI Prime Properties;72.42;51144
2026-06-17;2026-06-17;RBRR11;RBR Rendimento High Grade;81.22;33521
2026-06-17;2026-06-17;RBRY11;RBR Alpha Multiestratégia;89.7;27437
2026-06-17;2026-06-17;RECR11;REC Recebíveis Imobiliários;80.13;45754
2026-06-17;2026-06-17;TGAR11;TG Ativo Real;52.5;58865
2026-06-17;2026-06-17;TRXF11;TRX Real Estate;92.74;274149
2026-06-17;2026-06-17;VISC11;Vinci Shopping Centers;104.55;46326
2026-06-17;2026-06-17;VRTA11;Fator Verità;73.58;28189
2026-06-17;2026-06-17;XPLG11;XP Log;91.78;95626
2026-06-17;2026-06-17;XPML11;XP Malls;105.31;104327
2026-06-18;2026-06-18;ALZR11;Alianza Trust Renda Imobiliária;10.0;262388
2026-06-18;2026-06-18;BCIA11;Brasil Capital Real Estate FoF;88.86;5049
2026-06-18;2026-06-18;BRCO11;Bresco Logística;112.69;54289
2026-06-18;2026-06-18;BTLG11;BTG Pactual Logística;102.24;80468
2026-06-18;2026-06-18;CPTS11;Capitânia Securities II;7.29;1803786
2026-06-18;2026-06-18;GGRC11;GGR Covepi Renda;9.95;1424253
2026-06-18;2026-06-18;HGBS11;CSHG Brasil Shopping;19.54;247049
2026-06-18;2026-06-18;HGCR11;CSHG Recebíveis Imobiliários;93.46;15236
2026-06-18;2026-06-18;HGLG11;CSHG Logística;150.3;104756
2026-06-18;2026-06-18;HGRE11;CSHG Real Estate;124.75;12478
2026-06-18;2026-06-18;HGRU11;CSHG Renda Urbana;128.96;47855
2026-06-18;2026-06-18;HSML11;HSI Malls;86.9;37028
2026-06-18;2026-06-18;KNCR11;Kinea Rendimentos Imobiliários;106.94;176892
2026-06-18;2026-06-18;KNIP11;Kinea Índices de Preços;91.6;171676
2026-06-18;2026-06-18;KNRI11;Kinea Renda Imobiliária;151.65;41416
2026-06-18;2026-06-18;KNSC11;Kinea Securities;8.98;492531
2026-06-18;2026-06-18;MCCI11;Mauá Capital Recebíveis Imobiliários;92.36;43210
2026-06-18;2026-06-18;MXRF11;Maxi Renda;9.68;1091404
2026-06-18;2026-06-18;PCIP11;Patria Crédito Imobiliário (ex-CVBI11);80.92;13032
2026-06-18;2026-06-18;PVBI11;VBI Prime Properties;71.89;40698
2026-06-18;2026-06-18;RBRR11;RBR Rendimento High Grade;80.52;32562
2026-06-18;2026-06-18;RBRY11;RBR Alpha Multiestratégia;89.84;22665
2026-06-18;2026-06-18;RECR11;REC Recebíveis Imobiliários;80.91;31166
2026-06-18;2026-06-18;TGAR11;TG Ativo Real;52.37;67631
2026-06-18;2026-06-18;TRXF11;TRX Real Estate;91.73;232775
2026-06-18;2026-06-18;VISC11;Vinci Shopping Centers;103.5;39783
2026-06-18;2026-06-18;VRTA11;Fator Verità;73.75;26398
2026-06-18;2026-06-18;XPLG11;XP Log;91.5;91624
2026-06-18;2026-06-18;XPML11;XP Malls;105.29;108975
2026-06-19;2026-06-19;ALZR11;Alianza Trust Renda Imobiliária;9.82;474499
2026-06-19;2026-06-19;BCIA11;Brasil Capital Real Estate FoF;89.04;2913
2026-06-19;2026-06-19;BRCO11;Bresco Logística;112.69;45098
2026-06-19;2026-06-19;BTLG11;BTG Pactual Logística;102.74;74297
2026-06-19;2026-06-19;CPTS11;Capitânia Securities II;7.3;1970646
2026-06-19;2026-06-19;GGRC11;GGR Covepi Renda;9.85;1988859
2026-06-19;2026-06-19;HGBS11;CSHG Brasil Shopping;19.35;798296
2026-06-19;2026-06-19;HGCR11;CSHG Recebíveis Imobiliários;93.27;33970
2026-06-19;2026-06-19;HGLG11;CSHG Logística;150.5;78916
2026-06-19;2026-06-19;HGRE11;CSHG Real Estate;126.45;13064
2026-06-19;2026-06-19;HGRU11;CSHG Renda Urbana;130.5;93318
2026-06-19;2026-06-19;HSML11;HSI Malls;86.5;35526
2026-06-19;2026-06-19;KNCR11;Kinea Rendimentos Imobiliários;107.06;480933
2026-06-19;2026-06-19;KNIP11;Kinea Índices de Preços;92.29;138794
2026-06-19;2026-06-19;KNRI11;Kinea Renda Imobiliária;149.4;141816
2026-06-19;2026-06-19;KNSC11;Kinea Securities;9.01;534645
2026-06-19;2026-06-19;MCCI11;Mauá Capital Recebíveis Imobiliários;93.55;58046
2026-06-19;2026-06-19;MXRF11;Maxi Renda;9.74;1613917
2026-06-19;2026-06-19;PCIP11;Patria Crédito Imobiliário (ex-CVBI11);80.26;45197
2026-06-19;2026-06-19;PVBI11;VBI Prime Properties;73.7;35886
2026-06-19;2026-06-19;RBRR11;RBR Rendimento High Grade;78.53;106068
2026-06-19;2026-06-19;RBRY11;RBR Alpha Multiestratégia;89.95;29736
2026-06-19;2026-06-19;RECR11;REC Recebíveis Imobiliários;80.99;29722
2026-06-19;2026-06-19;TGAR11;TG Ativo Real;52.47;65552
2026-06-19;2026-06-19;TRXF11;TRX Real Estate;91.77;152435
2026-06-19;2026-06-19;VISC11;Vinci Shopping Centers;104.73;31933
2026-06-19;2026-06-19;VRTA11;Fator Verità;73.2;22752
2026-06-19;2026-06-19;XPLG11;XP Log;89.05;536923
2026-06-19;2026-06-19;XPML11;XP Malls;103.01;238761
2026-06-22;2026-06-22;ALZR11;Alianza Trust Renda Imobiliária;9.77;493444
2026-06-22;2026-06-22;BCIA11;Brasil Capital Real Estate FoF;89.0;4119
2026-06-22;2026-06-22;BRCO11;Bresco Logística;113.24;60849
2026-06-22;2026-06-22;BTLG11;BTG Pactual Logística;101.8;117332
2026-06-22;2026-06-22;CPTS11;Capitânia Securities II;7.27;1419731
2026-06-22;2026-06-22;GGRC11;GGR Covepi Renda;9.87;1206967
2026-06-22;2026-06-22;HGBS11;CSHG Brasil Shopping;19.4;247113
2026-06-22;2026-06-22;HGCR11;CSHG Recebíveis Imobiliários;92.51;34345
2026-06-22;2026-06-22;HGLG11;CSHG Logística;150.41;86413
2026-06-22;2026-06-22;HGRE11;CSHG Real Estate;125.41;16141
2026-06-22;2026-06-22;HGRU11;CSHG Renda Urbana;129.39;41280
2026-06-22;2026-06-22;HSML11;HSI Malls;85.98;59229
2026-06-22;2026-06-22;KNCR11;Kinea Rendimentos Imobiliários;107.11;202458
2026-06-22;2026-06-22;KNIP11;Kinea Índices de Preços;92.22;125352
2026-06-22;2026-06-22;KNRI11;Kinea Renda Imobiliária;149.31;79001
2026-06-22;2026-06-22;KNSC11;Kinea Securities;9.05;584260
2026-06-22;2026-06-22;MCCI11;Mauá Capital Recebíveis Imobiliários;93.3;55816
2026-06-22;2026-06-22;MXRF11;Maxi Renda;9.66;1850938
2026-06-22;2026-06-22;PCIP11;Patria Crédito Imobiliário (ex-CVBI11);79.81;30594
2026-06-22;2026-06-22;PVBI11;VBI Prime Properties;72.72;34507
2026-06-22;2026-06-22;RBRR11;RBR Rendimento High Grade;78.66;64681
2026-06-22;2026-06-22;RBRY11;RBR Alpha Multiestratégia;89.5;47512
2026-06-22;2026-06-22;RECR11;REC Recebíveis Imobiliários;80.56;41501
2026-06-22;2026-06-22;TGAR11;TG Ativo Real;53.35;70949
2026-06-22;2026-06-22;TRXF11;TRX Real Estate;91.95;198729
2026-06-22;2026-06-22;VISC11;Vinci Shopping Centers;103.7;48093
2026-06-22;2026-06-22;VRTA11;Fator Verità;72.65;42452
2026-06-22;2026-06-22;XPLG11;XP Log;90.19;151615
2026-06-22;2026-06-22;XPML11;XP Malls;103.99;146980
2026-06-23;2026-06-23;ALZR11;Alianza Trust Renda Imobiliária;9.79;330844
2026-06-23;2026-06-23;BCIA11;Brasil Capital Real Estate FoF;88.65;2187
2026-06-23;2026-06-23;BRCO11;Bresco Logística;113.39;37824
2026-06-23;2026-06-23;BTLG11;BTG Pactual Logística;101.85;99045
2026-06-23;2026-06-23;CPTS11;Capitânia Securities II;7.39;1653832
2026-06-23;2026-06-23;GGRC11;GGR Covepi Renda;9.73;2228748
2026-06-23;2026-06-23;HGBS11;CSHG Brasil Shopping;19.32;248472
2026-06-23;2026-06-23;HGCR11;CSHG Recebíveis Imobiliários;92.11;31682
2026-06-23;2026-06-23;HGLG11;CSHG Logística;150.1;74171
2026-06-23;2026-06-23;HGRE11;CSHG Real Estate;126.02;9529
2026-06-23;2026-06-23;HGRU11;CSHG Renda Urbana;129.4;31682
2026-06-23;2026-06-23;HSML11;HSI Malls;85.65;42752
2026-06-23;2026-06-23;KNCR11;Kinea Rendimentos Imobiliários;107.28;152022
2026-06-23;2026-06-23;KNIP11;Kinea Índices de Preços;92.32;93867
2026-06-23;2026-06-23;KNRI11;Kinea Renda Imobiliária;149.6;34008
2026-06-23;2026-06-23;KNSC11;Kinea Securities;9.1;300642
2026-06-23;2026-06-23;MCCI11;Mauá Capital Recebíveis Imobiliários;93.69;45554
2026-06-23;2026-06-23;MXRF11;Maxi Renda;9.67;1355995
2026-06-23;2026-06-23;PCIP11;Patria Crédito Imobiliário (ex-CVBI11);79.27;14743
2026-06-23;2026-06-23;PVBI11;VBI Prime Properties;72.0;74855
2026-06-23;2026-06-23;RBRR11;RBR Rendimento High Grade;78.1;72442
2026-06-23;2026-06-23;RBRY11;RBR Alpha Multiestratégia;89.49;34384
2026-06-23;2026-06-23;RECR11;REC Recebíveis Imobiliários;80.7;35517
2026-06-23;2026-06-23;TGAR11;TG Ativo Real;52.46;50911
2026-06-23;2026-06-23;TRXF11;TRX Real Estate;91.53;221275
2026-06-23;2026-06-23;VISC11;Vinci Shopping Centers;103.86;51241
2026-06-23;2026-06-23;VRTA11;Fator Verità;72.05;32041
2026-06-23;2026-06-23;XPLG11;XP Log;90.15;85160
2026-06-23;2026-06-23;XPML11;XP Malls;103.98;107131
2026-06-24;2026-06-24;ALZR11;Alianza Trust Renda Imobiliária;9.7;455079
2026-06-24;2026-06-24;BCIA11;Brasil Capital Real Estate FoF;88.4;3414
2026-06-24;2026-06-24;BRCO11;Bresco Logística;112.88;29195
2026-06-24;2026-06-24;BTLG11;BTG Pactual Logística;101.4;134504
2026-06-24;2026-06-24;CPTS11;Capitânia Securities II;7.39;539599
2026-06-24;2026-06-24;GGRC11;GGR Covepi Renda;9.74;1180954
2026-06-24;2026-06-24;HGBS11;CSHG Brasil Shopping;19.3;127647
2026-06-24;2026-06-24;HGCR11;CSHG Recebíveis Imobiliários;91.5;40442
2026-06-24;2026-06-24;HGLG11;CSHG Logística;149.8;70245
2026-06-24;2026-06-24;HGRE11;CSHG Real Estate;126.68;11808
2026-06-24;2026-06-24;HGRU11;CSHG Renda Urbana;129.1;57885
2026-06-24;2026-06-24;HSML11;HSI Malls;84.99;92672
2026-06-24;2026-06-24;KNCR11;Kinea Rendimentos Imobiliários;107.21;158686
2026-06-24;2026-06-24;KNIP11;Kinea Índices de Preços;91.75;108562
2026-06-24;2026-06-24;KNRI11;Kinea Renda Imobiliária;149.11;50214
2026-06-24;2026-06-24;KNSC11;Kinea Securities;9.08;363168
2026-06-24;2026-06-24;MCCI11;Mauá Capital Recebíveis Imobiliários;93.6;58308
2026-06-24;2026-06-24;MXRF11;Maxi Renda;9.67;945657
2026-06-24;2026-06-24;PCIP11;Patria Crédito Imobiliário (ex-CVBI11);78.56;27001
2026-06-24;2026-06-24;PVBI11;VBI Prime Properties;71.35;63000
2026-06-24;2026-06-24;RBRR11;RBR Rendimento High Grade;77.87;32849
2026-06-24;2026-06-24;RBRY11;RBR Alpha Multiestratégia;88.8;54529
2026-06-24;2026-06-24;RECR11;REC Recebíveis Imobiliários;80.05;32614
2026-06-24;2026-06-24;TGAR11;TG Ativo Real;52.7;79225
2026-06-24;2026-06-24;TRXF11;TRX Real Estate;91.21;279296
2026-06-24;2026-06-24;VISC11;Vinci Shopping Centers;103.15;43387
2026-06-24;2026-06-24;VRTA11;Fator Verità;70.8;59556
2026-06-24;2026-06-24;XPLG11;XP Log;90.22;68922
2026-06-24;2026-06-24;XPML11;XP Malls;103.01;148146
2026-06-25;2026-06-25;ALZR11;Alianza Trust Renda Imobiliária;9.75;387334
2026-06-25;2026-06-25;BCIA11;Brasil Capital Real Estate FoF;88.64;2626
2026-06-25;2026-06-25;BRCO11;Bresco Logística;113.76;52323
2026-06-25;2026-06-25;BTLG11;BTG Pactual Logística;102.33;79749
2026-06-25;2026-06-25;CPTS11;Capitânia Securities II;7.46;909877
2026-06-25;2026-06-25;GGRC11;GGR Covepi Renda;9.73;1288434
2026-06-25;2026-06-25;HGBS11;CSHG Brasil Shopping;19.32;246975
2026-06-25;2026-06-25;HGCR11;CSHG Recebíveis Imobiliários;91.45;62791
2026-06-25;2026-06-25;HGLG11;CSHG Logística;150.4;73418
2026-06-25;2026-06-25;HGRE11;CSHG Real Estate;127.35;8509
2026-06-25;2026-06-25;HGRU11;CSHG Renda Urbana;129.67;38330
2026-06-25;2026-06-25;HSML11;HSI Malls;84.84;111808
2026-06-25;2026-06-25;KNCR11;Kinea Rendimentos Imobiliários;107.7;239517
2026-06-25;2026-06-25;KNIP11;Kinea Índices de Preços;93.22;227629
2026-06-25;2026-06-25;KNRI11;Kinea Renda Imobiliária;149.45;76811
2026-06-25;2026-06-25;KNSC11;Kinea Securities;9.12;635634
2026-06-25;2026-06-25;MCCI11;Mauá Capital Recebíveis Imobiliários;94.43;137218
2026-06-25;2026-06-25;MXRF11;Maxi Renda;9.63;2494341
2026-06-25;2026-06-25;PCIP11;Patria Crédito Imobiliário (ex-CVBI11);78.86;12730
2026-06-25;2026-06-25;PVBI11;VBI Prime Properties;72.18;42881
2026-06-25;2026-06-25;RBRR11;RBR Rendimento High Grade;78.04;53075
2026-06-25;2026-06-25;RBRY11;RBR Alpha Multiestratégia;88.99;59138
2026-06-25;2026-06-25;RECR11;REC Recebíveis Imobiliários;80.62;37779
2026-06-25;2026-06-25;TGAR11;TG Ativo Real;54.5;216251
2026-06-25;2026-06-25;TRXF11;TRX Real Estate;91.73;123759
2026-06-25;2026-06-25;VISC11;Vinci Shopping Centers;104.09;65480
2026-06-25;2026-06-25;VRTA11;Fator Verità;70.22;43233
2026-06-25;2026-06-25;XPLG11;XP Log;90.69;90879
2026-06-25;2026-06-25;XPML11;XP Malls;102.99;132487
2026-06-26;2026-06-26;ALZR11;Alianza Trust Renda Imobiliária;9.78;269074
2026-06-26;2026-06-26;BCIA11;Brasil Capital Real Estate FoF;88.47;5412
2026-06-26;2026-06-26;BRCO11;Bresco Logística;113.89;54134
2026-06-26;2026-06-26;BTLG11;BTG Pactual Logística;102.24;90379
2026-06-26;2026-06-26;CPTS11;Capitânia Securities II;7.43;932143
2026-06-26;2026-06-26;GGRC11;GGR Covepi Renda;9.79;1687315
2026-06-26;2026-06-26;HGBS11;CSHG Brasil Shopping;19.35;138042
2026-06-26;2026-06-26;HGCR11;CSHG Recebíveis Imobiliários;91.48;68436
2026-06-26;2026-06-26;HGLG11;CSHG Logística;150.3;102815
2026-06-26;2026-06-26;HGRE11;CSHG Real Estate;127.27;12236
2026-06-26;2026-06-26;HGRU11;CSHG Renda Urbana;130.87;61249
2026-06-26;2026-06-26;HSML11;HSI Malls;85.52;59365
2026-06-26;2026-06-26;KNCR11;Kinea Rendimentos Imobiliários;107.69;178043
2026-06-26;2026-06-26;KNIP11;Kinea Índices de Preços;92.66;103842
2026-06-26;2026-06-26;KNRI11;Kinea Renda Imobiliária;149.5;121317
2026-06-26;2026-06-26;KNSC11;Kinea Securities;9.17;589052
2026-06-26;2026-06-26;MCCI11;Mauá Capital Recebíveis Imobiliários;94.77;67830
2026-06-26;2026-06-26;MXRF11;Maxi Renda;9.74;2011985
2026-06-26;2026-06-26;PCIP11;Patria Crédito Imobiliário (ex-CVBI11);78.77;29069
2026-06-26;2026-06-26;PVBI11;VBI Prime Properties;71.35;56828
2026-06-26;2026-06-26;RBRR11;RBR Rendimento High Grade;78.53;50471
2026-06-26;2026-06-26;RBRY11;RBR Alpha Multiestratégia;89.28;46928
2026-06-26;2026-06-26;RECR11;REC Recebíveis Imobiliários;81.13;44155
2026-06-26;2026-06-26;TGAR11;TG Ativo Real;53.9;78364
2026-06-26;2026-06-26;TRXF11;TRX Real Estate;91.85;276126
2026-06-26;2026-06-26;VISC11;Vinci Shopping Centers;104.99;54256
2026-06-26;2026-06-26;VRTA11;Fator Verità;70.2;105889
2026-06-26;2026-06-26;XPLG11;XP Log;91.94;79864
2026-06-26;2026-06-26;XPML11;XP Malls;103.97;131186
2026-06-29;2026-06-29;ALZR11;Alianza Trust Renda Imobiliária;10.0;413309
2026-06-29;2026-06-29;BCIA11;Brasil Capital Real Estate FoF;88.44;2262
2026-06-29;2026-06-29;BRCO11;Bresco Logística;114.38;45947
2026-06-29;2026-06-29;BTLG11;BTG Pactual Logística;102.5;62878
2026-06-29;2026-06-29;CPTS11;Capitânia Securities II;7.54;711206
2026-06-29;2026-06-29;GGRC11;GGR Covepi Renda;9.84;1322228
2026-06-29;2026-06-29;HGBS11;CSHG Brasil Shopping;19.44;180667
2026-06-29;2026-06-29;HGCR11;CSHG Recebíveis Imobiliários;92.0;48568
2026-06-29;2026-06-29;HGLG11;CSHG Logística;151.55;71558
2026-06-29;2026-06-29;HGRE11;CSHG Real Estate;129.43;10409
2026-06-29;2026-06-29;HGRU11;CSHG Renda Urbana;130.67;24213
2026-06-29;2026-06-29;HSML11;HSI Malls;85.5;53494
2026-06-29;2026-06-29;KNCR11;Kinea Rendimentos Imobiliários;107.65;113110
2026-06-29;2026-06-29;KNIP11;Kinea Índices de Preços;92.8;129670
2026-06-29;2026-06-29;KNRI11;Kinea Renda Imobiliária;152.72;35737
2026-06-29;2026-06-29;KNSC11;Kinea Securities;9.16;448803
2026-06-29;2026-06-29;MCCI11;Mauá Capital Recebíveis Imobiliários;94.4;36132
2026-06-29;2026-06-29;MXRF11;Maxi Renda;9.72;1846491
2026-06-29;2026-06-29;PCIP11;Patria Crédito Imobiliário (ex-CVBI11);78.94;18175
2026-06-29;2026-06-29;PVBI11;VBI Prime Properties;71.55;41078
2026-06-29;2026-06-29;RBRR11;RBR Rendimento High Grade;77.75;57090
2026-06-29;2026-06-29;RBRY11;RBR Alpha Multiestratégia;89.5;33994
2026-06-29;2026-06-29;RECR11;REC Recebíveis Imobiliários;81.16;23382
2026-06-29;2026-06-29;TGAR11;TG Ativo Real;53.92;51923
2026-06-29;2026-06-29;TRXF11;TRX Real Estate;91.8;210989
2026-06-29;2026-06-29;VISC11;Vinci Shopping Centers;105.11;38732
2026-06-29;2026-06-29;VRTA11;Fator Verità;70.5;72657
2026-06-29;2026-06-29;XPLG11;XP Log;92.0;66896
2026-06-29;2026-06-29;XPML11;XP Malls;104.13;124776
2026-06-30;2026-06-30;ALZR11;Alianza Trust Renda Imobiliária;10.06;345465
2026-06-30;2026-06-30;BCIA11;Brasil Capital Real Estate FoF;89.01;19188
2026-06-30;2026-06-30;BRCO11;Bresco Logística;114.65;44858
2026-06-30;2026-06-30;BTLG11;BTG Pactual Logística;102.33;86158
2026-06-30;2026-06-30;CPTS11;Capitânia Securities II;7.51;622570
2026-06-30;2026-06-30;GGRC11;GGR Covepi Renda;9.89;1250794
2026-06-30;2026-06-30;HGBS11;CSHG Brasil Shopping;19.5;170215
2026-06-30;2026-06-30;HGCR11;CSHG Recebíveis Imobiliários;91.86;86292
2026-06-30;2026-06-30;HGLG11;CSHG Logística;151.0;117171
2026-06-30;2026-06-30;HGRE11;CSHG Real Estate;128.98;11139
2026-06-30;2026-06-30;HGRU11;CSHG Renda Urbana;131.49;38200
2026-06-30;2026-06-30;HSML11;HSI Malls;85.7;65208
2026-06-30;2026-06-30;KNCR11;Kinea Rendimentos Imobiliários;107.89;196912
2026-06-30;2026-06-30;KNIP11;Kinea Índices de Preços;92.5;182999
2026-06-30;2026-06-30;KNRI11;Kinea Renda Imobiliária;153.81;64817
2026-06-30;2026-06-30;KNSC11;Kinea Securities;9.18;562409
2026-06-30;2026-06-30;MCCI11;Mauá Capital Recebíveis Imobiliários;94.41;93722
2026-06-30;2026-06-30;MXRF11;Maxi Renda;9.81;2060199
2026-06-30;2026-06-30;PCIP11;Patria Crédito Imobiliário (ex-CVBI11);78.5;27019
2026-06-30;2026-06-30;PVBI11;VBI Prime Properties;73.2;49988
2026-06-30;2026-06-30;RBRR11;RBR Rendimento High Grade;78.23;47574
2026-06-30;2026-06-30;RBRY11;RBR Alpha Multiestratégia;89.5;32245
2026-06-30;2026-06-30;RECR11;REC Recebíveis Imobiliários;81.67;83205
2026-06-30;2026-06-30;TGAR11;TG Ativo Real;53.28;146797
2026-06-30;2026-06-30;TRXF11;TRX Real Estate;91.8;388706
2026-06-30;2026-06-30;VISC11;Vinci Shopping Centers;105.62;82277
2026-06-30;2026-06-30;VRTA11;Fator Verità;70.63;80101
2026-06-30;2026-06-30;XPLG11;XP Log;93.79;112847
2026-06-30;2026-06-30;XPML11;XP Malls;104.47;175435
2026-07-01;2026-07-01;ALZR11;Alianza Trust Renda Imobiliária;10.07;207325
2026-07-01;2026-07-01;BCIA11;Brasil Capital Real Estate FoF;87.96;7614
2026-07-01;2026-07-01;BRCO11;Bresco Logística;113.24;45665
2026-07-01;2026-07-01;BTLG11;BTG Pactual Logística;102.33;96953
2026-07-01;2026-07-01;CPTS11;Capitânia Securities II;7.54;999934
2026-07-01;2026-07-01;GGRC11;GGR Covepi Renda;9.89;1548988
2026-07-01;2026-07-01;HGBS11;CSHG Brasil Shopping;19.32;366414
2026-07-01;2026-07-01;HGCR11;CSHG Recebíveis Imobiliários;90.0;63715
2026-07-01;2026-07-01;HGLG11;CSHG Logística;148.9;112275
2026-07-01;2026-07-01;HGRE11;CSHG Real Estate;125.62;17638
2026-07-01;2026-07-01;HGRU11;CSHG Renda Urbana;130.5;35976
2026-07-01;2026-07-01;HSML11;HSI Malls;85.15;52586
2026-07-01;2026-07-01;KNCR11;Kinea Rendimentos Imobiliários;106.7;199296
2026-07-01;2026-07-01;KNIP11;Kinea Índices de Preços;92.49;155345
2026-07-01;2026-07-01;KNRI11;Kinea Renda Imobiliária;154.95;67739
2026-07-01;2026-07-01;KNSC11;Kinea Securities;9.07;386811
2026-07-01;2026-07-01;MCCI11;Mauá Capital Recebíveis Imobiliários;93.18;138685
2026-07-01;2026-07-01;MXRF11;Maxi Renda;9.69;1757055
2026-07-01;2026-07-01;PCIP11;Patria Crédito Imobiliário (ex-CVBI11);78.36;40387
2026-07-01;2026-07-01;PVBI11;VBI Prime Properties;71.44;92361
2026-07-01;2026-07-01;RBRR11;RBR Rendimento High Grade;78.53;61942
2026-07-01;2026-07-01;RBRY11;RBR Alpha Multiestratégia;88.61;58374
2026-07-01;2026-07-01;RECR11;REC Recebíveis Imobiliários;82.18;29692
2026-07-01;2026-07-01;TGAR11;TG Ativo Real;53.1;106186
2026-07-01;2026-07-01;TRXF11;TRX Real Estate;90.86;270405
2026-07-01;2026-07-01;VISC11;Vinci Shopping Centers;104.08;62461
2026-07-01;2026-07-01;VRTA11;Fator Verità;70.2;42377
2026-07-01;2026-07-01;XPLG11;XP Log;92.44;140416
2026-07-01;2026-07-01;XPML11;XP Malls;104.47;150626
2026-07-02;2026-07-02;ALZR11;Alianza Trust Renda Imobiliária;10.16;195585
2026-07-02;2026-07-02;BCIA11;Brasil Capital Real Estate FoF;87.54;4752
2026-07-02;2026-07-02;BRCO11;Bresco Logística;113.55;77180
2026-07-02;2026-07-02;BTLG11;BTG Pactual Logística;102.55;89914
2026-07-02;2026-07-02;CPTS11;Capitânia Securities II;7.52;681869
2026-07-02;2026-07-02;GGRC11;GGR Covepi Renda;9.7;1545989
2026-07-02;2026-07-02;HGBS11;CSHG Brasil Shopping;19.33;142301
2026-07-02;2026-07-02;HGCR11;CSHG Recebíveis Imobiliários;90.48;45162
2026-07-02;2026-07-02;HGLG11;CSHG Logística;149.56;80345
2026-07-02;2026-07-02;HGRE11;CSHG Real Estate;125.19;18931
2026-07-02;2026-07-02;HGRU11;CSHG Renda Urbana;130.0;66798
2026-07-02;2026-07-02;HSML11;HSI Malls;85.07;69810
2026-07-02;2026-07-02;KNCR11;Kinea Rendimentos Imobiliários;107.23;198582
2026-07-02;2026-07-02;KNIP11;Kinea Índices de Preços;93.0;108712
2026-07-02;2026-07-02;KNRI11;Kinea Renda Imobiliária;156.31;55557
2026-07-02;2026-07-02;KNSC11;Kinea Securities;9.07;452402
2026-07-02;2026-07-02;MCCI11;Mauá Capital Recebíveis Imobiliários;94.16;43430
2026-07-02;2026-07-02;MXRF11;Maxi Renda;9.68;1591080
2026-07-02;2026-07-02;PCIP11;Patria Crédito Imobiliário (ex-CVBI11);78.3;27622
2026-07-02;2026-07-02;PVBI11;VBI Prime Properties;72.19;37927
2026-07-02;2026-07-02;RBRR11;RBR Rendimento High Grade;78.25;78393
2026-07-02;2026-07-02;RBRY11;RBR Alpha Multiestratégia;88.61;65195
2026-07-02;2026-07-02;RECR11;REC Recebíveis Imobiliários;82.4;41766
2026-07-02;2026-07-02;TGAR11;TG Ativo Real;52.2;75388
2026-07-02;2026-07-02;TRXF11;TRX Real Estate;91.3;147600
2026-07-02;2026-07-02;VISC11;Vinci Shopping Centers;104.75;42574
2026-07-02;2026-07-02;VRTA11;Fator Verità;70.35;25689
2026-07-02;2026-07-02;XPLG11;XP Log;92.43;57155
2026-07-02;2026-07-02;XPML11;XP Malls;105.39;123237
2026-07-03;2026-07-03;ALZR11;Alianza Trust Renda Imobiliária;10.37;159116
2026-07-03;2026-07-03;BCIA11;Brasil Capital Real Estate FoF;87.54;3543
2026-07-03;2026-07-03;BRCO11;Bresco Logística;114.45;46531
2026-07-03;2026-07-03;BTLG11;BTG Pactual Logística;102.59;79176
2026-07-03;2026-07-03;CPTS11;Capitânia Securities II;7.58;622705
2026-07-03;2026-07-03;GGRC11;GGR Covepi Renda;9.69;1163090
2026-07-03;2026-07-03;HGBS11;CSHG Brasil Shopping;19.37;117839
2026-07-03;2026-07-03;HGCR11;CSHG Recebíveis Imobiliários;91.46;44467
2026-07-03;2026-07-03;HGLG11;CSHG Logística;150.3;86102
2026-07-03;2026-07-03;HGRE11;CSHG Real Estate;126.87;12962
2026-07-03;2026-07-03;HGRU11;CSHG Renda Urbana;130.02;34020
2026-07-03;2026-07-03;HSML11;HSI Malls;86.65;41149
2026-07-03;2026-07-03;KNCR11;Kinea Rendimentos Imobiliários;107.66;170652
2026-07-03;2026-07-03;KNIP11;Kinea Índices de Preços;92.94;71455
2026-07-03;2026-07-03;KNRI11;Kinea Renda Imobiliária;156.92;32154
2026-07-03;2026-07-03;KNSC11;Kinea Securities;9.13;387449
2026-07-03;2026-07-03;MCCI11;Mauá Capital Recebíveis Imobiliários;94.5;39884
2026-07-03;2026-07-03;MXRF11;Maxi Renda;9.76;2002783
2026-07-03;2026-07-03;PCIP11;Patria Crédito Imobiliário (ex-CVBI11);78.52;35318
2026-07-03;2026-07-03;PVBI11;VBI Prime Properties;73.49;48180
2026-07-03;2026-07-03;RBRR11;RBR Rendimento High Grade;78.18;56442
2026-07-03;2026-07-03;RBRY11;RBR Alpha Multiestratégia;88.6;35445
2026-07-03;2026-07-03;RECR11;REC Recebíveis Imobiliários;83.0;26300
2026-07-03;2026-07-03;TGAR11;TG Ativo Real;52.05;60310
2026-07-03;2026-07-03;TRXF11;TRX Real Estate;91.43;179513
2026-07-03;2026-07-03;VISC11;Vinci Shopping Centers;105.0;46854
2026-07-03;2026-07-03;VRTA11;Fator Verità;70.35;33429
2026-07-03;2026-07-03;XPLG11;XP Log;92.32;63648
2026-07-03;2026-07-03;XPML11;XP Malls;105.65;138649
2026-07-06;2026-07-06;ALZR11;Alianza Trust Renda Imobiliária;10.09;260415
2026-07-06;2026-07-06;BCIA11;Brasil Capital Real Estate FoF;87.43;5495
2026-07-06;2026-07-06;BRCO11;Bresco Logística;114.35;35852
2026-07-06;2026-07-06;BTLG11;BTG Pactual Logística;102.48;101958
2026-07-06;2026-07-06;CPTS11;Capitânia Securities II;7.58;1001363
2026-07-06;2026-07-06;GGRC11;GGR Covepi Renda;9.68;1227858
2026-07-06;2026-07-06;HGBS11;CSHG Brasil Shopping;19.34;170496
2026-07-06;2026-07-06;HGCR11;CSHG Recebíveis Imobiliários;91.32;34220
2026-07-06;2026-07-06;HGLG11;CSHG Logística;149.0;111028
2026-07-06;2026-07-06;HGRE11;CSHG Real Estate;123.7;21774
2026-07-06;2026-07-06;HGRU11;CSHG Renda Urbana;129.62;41022
2026-07-06;2026-07-06;HSML11;HSI Malls;85.84;49038
2026-07-06;2026-07-06;KNCR11;Kinea Rendimentos Imobiliários;107.8;173883
2026-07-06;2026-07-06;KNIP11;Kinea Índices de Preços;92.26;87739
2026-07-06;2026-07-06;KNRI11;Kinea Renda Imobiliária;155.29;62231
2026-07-06;2026-07-06;KNSC11;Kinea Securities;9.14;379284
2026-07-06;2026-07-06;MCCI11;Mauá Capital Recebíveis Imobiliários;94.7;43961
2026-07-06;2026-07-06;MXRF11;Maxi Renda;9.7;1757669
2026-07-06;2026-07-06;PCIP11;Patria Crédito Imobiliário (ex-CVBI11);78.4;24680
2026-07-06;2026-07-06;PVBI11;VBI Prime Properties;72.25;36070
2026-07-06;2026-07-06;RBRR11;RBR Rendimento High Grade;77.76;74644
2026-07-06;2026-07-06;RBRY11;RBR Alpha Multiestratégia;89.07;47149
2026-07-06;2026-07-06;RECR11;REC Recebíveis Imobiliários;82.8;63820
2026-07-06;2026-07-06;TGAR11;TG Ativo Real;51.8;64907
2026-07-06;2026-07-06;TRXF11;TRX Real Estate;91.4;144807
2026-07-06;2026-07-06;VISC11;Vinci Shopping Centers;105.0;48307
2026-07-06;2026-07-06;VRTA11;Fator Verità;71.6;52259
2026-07-06;2026-07-06;XPLG11;XP Log;92.32;65229
2026-07-06;2026-07-06;XPML11;XP Malls;104.8;138803
2026-07-07;2026-07-07;ALZR11;Alianza Trust Renda Imobiliária;10.05;201977
2026-07-07;2026-07-07;BCIA11;Brasil Capital Real Estate FoF;86.83;3048
2026-07-07;2026-07-07;BRCO11;Bresco Logística;114.45;33968
2026-07-07;2026-07-07;BTLG11;BTG Pactual Logística;102.5;73162
2026-07-07;2026-07-07;CPTS11;Capitânia Securities II;7.57;840218
2026-07-07;2026-07-07;GGRC11;GGR Covepi Renda;9.65;1471994
2026-07-07;2026-07-07;HGBS11;CSHG Brasil Shopping;19.31;163023
2026-07-07;2026-07-07;HGCR11;CSHG Recebíveis Imobiliários;91.33;23908
2026-07-07;2026-07-07;HGLG11;CSHG Logística;148.91;87467
2026-07-07;2026-07-07;HGRE11;CSHG Real Estate;122.3;21444
2026-07-07;2026-07-07;HGRU11;CSHG Renda Urbana;128.2;39970
2026-07-07;2026-07-07;HSML11;HSI Malls;85.42;31793
2026-07-07;2026-07-07;KNCR11;Kinea Rendimentos Imobiliários;107.95;164919
2026-07-07;2026-07-07;KNIP11;Kinea Índices de Preços;92.55;543067
2026-07-07;2026-07-07;KNRI11;Kinea Renda Imobiliária;155.55;33362
2026-07-07;2026-07-07;KNSC11;Kinea Securities;9.18;309183
2026-07-07;2026-07-07;MCCI11;Mauá Capital Recebíveis Imobiliários;94.79;37148
2026-07-07;2026-07-07;MXRF11;Maxi Renda;9.7;1126995
2026-07-07;2026-07-07;PCIP11;Patria Crédito Imobiliário (ex-CVBI11);78.32;24195
2026-07-07;2026-07-07;PVBI11;VBI Prime Properties;72.06;61055
2026-07-07;2026-07-07;RBRR11;RBR Rendimento High Grade;77.41;109632
2026-07-07;2026-07-07;RBRY11;RBR Alpha Multiestratégia;88.67;37017
2026-07-07;2026-07-07;RECR11;REC Recebíveis Imobiliários;82.0;56449
2026-07-07;2026-07-07;TGAR11;TG Ativo Real;51.46;62868
2026-07-07;2026-07-07;TRXF11;TRX Real Estate;91.0;173240
2026-07-07;2026-07-07;VISC11;Vinci Shopping Centers;105.02;34422
2026-07-07;2026-07-07;VRTA11;Fator Verità;71.23;29195
2026-07-07;2026-07-07;XPLG11;XP Log;91.96;289850
2026-07-07;2026-07-07;XPML11;XP Malls;105.23;120857
2026-07-08;2026-07-08;ALZR11;Alianza Trust Renda Imobiliária;9.95;237810
2026-07-08;2026-07-08;BCIA11;Brasil Capital Real Estate FoF;86.83;3966
2026-07-08;2026-07-08;BRCO11;Bresco Logística;113.05;60156
2026-07-08;2026-07-08;BTLG11;BTG Pactual Logística;102.43;90459
2026-07-08;2026-07-08;CPTS11;Capitânia Securities II;7.48;1177352
2026-07-08;2026-07-08;GGRC11;GGR Covepi Renda;9.66;1629676
2026-07-08;2026-07-08;HGBS11;CSHG Brasil Shopping;19.33;153787
2026-07-08;2026-07-08;HGCR11;CSHG Recebíveis Imobiliários;91.79;28179
2026-07-08;2026-07-08;HGLG11;CSHG Logística;148.4;93182
2026-07-08;2026-07-08;HGRE11;CSHG Real Estate;120.19;30686
2026-07-08;2026-07-08;HGRU11;CSHG Renda Urbana;128.0;38636
2026-07-08;2026-07-08;HSML11;HSI Malls;85.15;36442
2026-07-08;2026-07-08;KNCR11;Kinea Rendimentos Imobiliários;107.81;181044
2026-07-08;2026-07-08;KNIP11;Kinea Índices de Preços;92.72;127060
2026-07-08;2026-07-08;KNRI11;Kinea Renda Imobiliária;154.9;39328
2026-07-08;2026-07-08;KNSC11;Kinea Securities;9.16;376215
2026-07-08;2026-07-08;MCCI11;Mauá Capital Recebíveis Imobiliários;94.62;34905
2026-07-08;2026-07-08;MXRF11;Maxi Renda;9.68;1026127
2026-07-08;2026-07-08;PCIP11;Patria Crédito Imobiliário (ex-CVBI11);78.45;39212
2026-07-08;2026-07-08;PVBI11;VBI Prime Properties;71.15;56625
2026-07-08;2026-07-08;RBRR11;RBR Rendimento High Grade;78.2;87596
2026-07-08;2026-07-08;RBRY11;RBR Alpha Multiestratégia;87.82;61495
2026-07-08;2026-07-08;RECR11;REC Recebíveis Imobiliários;80.85;35534
2026-07-08;2026-07-08;TGAR11;TG Ativo Real;51.03;87510
2026-07-08;2026-07-08;TRXF11;TRX Real Estate;91.0;127709
2026-07-08;2026-07-08;VISC11;Vinci Shopping Centers;104.62;44635
2026-07-08;2026-07-08;VRTA11;Fator Verità;71.61;48799
2026-07-08;2026-07-08;XPLG11;XP Log;91.19;71793
2026-07-08;2026-07-08;XPML11;XP Malls;105.25;116072
2026-07-09;2026-07-09;ALZR11;Alianza Trust Renda Imobiliária;10.03;245209
2026-07-09;2026-07-09;BCIA11;Brasil Capital Real Estate FoF;86.4;6655
2026-07-09;2026-07-09;BRCO11;Bresco Logística;114.85;33122
2026-07-09;2026-07-09;BTLG11;BTG Pactual Logística;102.52;61659
2026-07-09;2026-07-09;CPTS11;Capitânia Securities II;7.55;644203
2026-07-09;2026-07-09;GGRC11;GGR Covepi Renda;9.68;1139845
2026-07-09;2026-07-09;HGBS11;CSHG Brasil Shopping;19.35;96318
2026-07-09;2026-07-09;HGCR11;CSHG Recebíveis Imobiliários;92.29;16322
2026-07-09;2026-07-09;HGLG11;CSHG Logística;148.78;66604
2026-07-09;2026-07-09;HGRE11;CSHG Real Estate;121.94;16723
2026-07-09;2026-07-09;HGRU11;CSHG Renda Urbana;128.6;19325
2026-07-09;2026-07-09;HSML11;HSI Malls;85.85;28404
2026-07-09;2026-07-09;KNCR11;Kinea Rendimentos Imobiliários;107.91;96204
2026-07-09;2026-07-09;KNIP11;Kinea Índices de Preços;92.24;68969
2026-07-09;2026-07-09;KNRI11;Kinea Renda Imobiliária;156.81;26618
2026-07-09;2026-07-09;KNSC11;Kinea Securities;9.19;357482
2026-07-09;2026-07-09;MCCI11;Mauá Capital Recebíveis Imobiliários;94.98;31880
2026-07-09;2026-07-09;MXRF11;Maxi Renda;9.74;817756
2026-07-09;2026-07-09;PCIP11;Patria Crédito Imobiliário (ex-CVBI11);77.72;17809
2026-07-09;2026-07-09;PVBI11;VBI Prime Properties;72.02;38805
2026-07-09;2026-07-09;RBRR11;RBR Rendimento High Grade;78.25;46112
2026-07-09;2026-07-09;RBRY11;RBR Alpha Multiestratégia;87.16;85620
2026-07-09;2026-07-09;RECR11;REC Recebíveis Imobiliários;80.24;21326
2026-07-09;2026-07-09;TGAR11;TG Ativo Real;50.96;66800
2026-07-09;2026-07-09;TRXF11;TRX Real Estate;90.99;111477
2026-07-09;2026-07-09;VISC11;Vinci Shopping Centers;105.15;25849
2026-07-09;2026-07-09;VRTA11;Fator Verità;71.55;27088
2026-07-09;2026-07-09;XPLG11;XP Log;91.76;62635
2026-07-09;2026-07-09;XPML11;XP Malls;105.47;84462
2026-07-10;2026-07-10;ALZR11;Alianza Trust Renda Imobiliária;10.15;191057
2026-07-10;2026-07-10;BCIA11;Brasil Capital Real Estate FoF;87.18;1587
2026-07-10;2026-07-10;BRCO11;Bresco Logística;115.0;32402
2026-07-10;2026-07-10;BTLG11;BTG Pactual Logística;102.48;103063
2026-07-10;2026-07-10;CPTS11;Capitânia Securities II;7.54;841406
2026-07-10;2026-07-10;GGRC11;GGR Covepi Renda;9.72;1413648
2026-07-10;2026-07-10;HGBS11;CSHG Brasil Shopping;19.34;149924
2026-07-10;2026-07-10;HGCR11;CSHG Recebíveis Imobiliários;92.29;17594
2026-07-10;2026-07-10;HGLG11;CSHG Logística;149.3;115115
2026-07-10;2026-07-10;HGRE11;CSHG Real Estate;125.19;18120
2026-07-10;2026-07-10;HGRU11;CSHG Renda Urbana;129.15;21777
2026-07-10;2026-07-10;HSML11;HSI Malls;87.05;33332
2026-07-10;2026-07-10;KNCR11;Kinea Rendimentos Imobiliários;107.86;128776
2026-07-10;2026-07-10;KNIP11;Kinea Índices de Preços;92.03;108571
2026-07-10;2026-07-10;KNRI11;Kinea Renda Imobiliária;157.43;37403
2026-07-10;2026-07-10;KNSC11;Kinea Securities;9.22;460768
2026-07-10;2026-07-10;MCCI11;Mauá Capital Recebíveis Imobiliários;95.1;49353
2026-07-10;2026-07-10;MXRF11;Maxi Renda;9.74;1528783
2026-07-10;2026-07-10;PCIP11;Patria Crédito Imobiliário (ex-CVBI11);78.96;58789
2026-07-10;2026-07-10;PVBI11;VBI Prime Properties;72.79;52673
2026-07-10;2026-07-10;RBRR11;RBR Rendimento High Grade;78.0;78211
2026-07-10;2026-07-10;RBRY11;RBR Alpha Multiestratégia;86.95;48666
2026-07-10;2026-07-10;RECR11;REC Recebíveis Imobiliários;80.5;25758
2026-07-10;2026-07-10;TGAR11;TG Ativo Real;50.6;107275
2026-07-10;2026-07-10;TRXF11;TRX Real Estate;91.1;136079
2026-07-10;2026-07-10;VISC11;Vinci Shopping Centers;105.64;42604
2026-07-10;2026-07-10;VRTA11;Fator Verità;72.93;31938
2026-07-10;2026-07-10;XPLG11;XP Log;91.55;89582
2026-07-10;2026-07-10;XPML11;XP Malls;106.13;129247
2026-07-13;2026-07-13;ALZR11;Alianza Trust Renda Imobiliária;10.03;219784
2026-07-13;2026-07-13;BCIA11;Brasil Capital Real Estate FoF;87.69;3694
2026-07-13;2026-07-13;BRCO11;Bresco Logística;113.24;144057
2026-07-13;2026-07-13;BTLG11;BTG Pactual Logística;102.6;87406
2026-07-13;2026-07-13;CPTS11;Capitânia Securities II;7.54;2092163
2026-07-13;2026-07-13;GGRC11;GGR Covepi Renda;9.71;1516029
2026-07-13;2026-07-13;HGBS11;CSHG Brasil Shopping;19.31;158530
2026-07-13;2026-07-13;HGCR11;CSHG Recebíveis Imobiliários;92.5;33655
2026-07-13;2026-07-13;HGLG11;CSHG Logística;148.09;199714
2026-07-13;2026-07-13;HGRE11;CSHG Real Estate;122.4;24303
2026-07-13;2026-07-13;HGRU11;CSHG Renda Urbana;128.71;28978
2026-07-13;2026-07-13;HSML11;HSI Malls;86.7;26416
2026-07-13;2026-07-13;KNCR11;Kinea Rendimentos Imobiliários;108.02;224337
2026-07-13;2026-07-13;KNIP11;Kinea Índices de Preços;91.75;115378
2026-07-13;2026-07-13;KNRI11;Kinea Renda Imobiliária;156.45;37854
2026-07-13;2026-07-13;KNSC11;Kinea Securities;9.21;415675
2026-07-13;2026-07-13;MCCI11;Mauá Capital Recebíveis Imobiliários;93.97;35090
2026-07-13;2026-07-13;MXRF11;Maxi Renda;9.72;1460472
2026-07-13;2026-07-13;PCIP11;Patria Crédito Imobiliário (ex-CVBI11);75.77;307525
2026-07-13;2026-07-13;PVBI11;VBI Prime Properties;72.9;45304
2026-07-13;2026-07-13;RBRR11;RBR Rendimento High Grade;77.39;93421
2026-07-13;2026-07-13;RBRY11;RBR Alpha Multiestratégia;86.38;45866
2026-07-13;2026-07-13;RECR11;REC Recebíveis Imobiliários;79.75;37265
2026-07-13;2026-07-13;TGAR11;TG Ativo Real;50.38;63314
2026-07-13;2026-07-13;TRXF11;TRX Real Estate;90.91;159418
2026-07-13;2026-07-13;VISC11;Vinci Shopping Centers;105.66;57614
2026-07-13;2026-07-13;VRTA11;Fator Verità;73.2;27320
2026-07-13;2026-07-13;XPLG11;XP Log;90.18;86419
2026-07-13;2026-07-13;XPML11;XP Malls;105.99;135551
2026-07-14;2026-07-14;ALZR11;Alianza Trust Renda Imobiliária;9.99;293190
2026-07-14;2026-07-14;BCIA11;Brasil Capital Real Estate FoF;88.38;11224
2026-07-14;2026-07-14;BRCO11;Bresco Logística;113.81;37203
2026-07-14;2026-07-14;BTLG11;BTG Pactual Logística;102.6;96805
2026-07-14;2026-07-14;CPTS11;Capitânia Securities II;7.48;1127750
2026-07-14;2026-07-14;GGRC11;GGR Covepi Renda;9.71;1354308
2026-07-14;2026-07-14;HGBS11;CSHG Brasil Shopping;19.36;200161
2026-07-14;2026-07-14;HGCR11;CSHG Recebíveis Imobiliários;92.5;28046
2026-07-14;2026-07-14;HGLG11;CSHG Logística;148.4;114899
2026-07-14;2026-07-14;HGRE11;CSHG Real Estate;122.3;26759
2026-07-14;2026-07-14;HGRU11;CSHG Renda Urbana;126.81;62360
2026-07-14;2026-07-14;HSML11;HSI Malls;86.68;35695
2026-07-14;2026-07-14;KNCR11;Kinea Rendimentos Imobiliários;108.26;216164
2026-07-14;2026-07-14;KNIP11;Kinea Índices de Preços;93.0;154831
2026-07-14;2026-07-14;KNRI11;Kinea Renda Imobiliária;154.66;61189
2026-07-14;2026-07-14;KNSC11;Kinea Securities;9.23;338511
2026-07-14;2026-07-14;MCCI11;Mauá Capital Recebíveis Imobiliários;93.7;38714
2026-07-14;2026-07-14;MXRF11;Maxi Renda;9.72;1145585
2026-07-14;2026-07-14;PCIP11;Patria Crédito Imobiliário (ex-CVBI11);76.04;81762
2026-07-14;2026-07-14;PVBI11;VBI Prime Properties;72.0;57533
2026-07-14;2026-07-14;RBRR11;RBR Rendimento High Grade;77.0;71750
2026-07-14;2026-07-14;RBRY11;RBR Alpha Multiestratégia;86.54;51824
2026-07-14;2026-07-14;RECR11;REC Recebíveis Imobiliários;80.01;41034
2026-07-14;2026-07-14;TGAR11;TG Ativo Real;50.72;74780
2026-07-14;2026-07-14;TRXF11;TRX Real Estate;91.15;154301
2026-07-14;2026-07-14;VISC11;Vinci Shopping Centers;105.45;50413
2026-07-14;2026-07-14;VRTA11;Fator Verità;73.44;34851
2026-07-14;2026-07-14;XPLG11;XP Log;90.2;164073
2026-07-14;2026-07-14;XPML11;XP Malls;106.54;119522
2026-07-15;2026-07-15;ALZR11;Alianza Trust Renda Imobiliária;10.03;325412
2026-07-15;2026-07-15;BCIA11;Brasil Capital Real Estate FoF;88.1;1938
2026-07-15;2026-07-15;BRCO11;Bresco Logística;114.3;37530
2026-07-15;2026-07-15;BTLG11;BTG Pactual Logística;102.86;91667
2026-07-15;2026-07-15;CPTS11;Capitânia Securities II;7.42;751478
2026-07-15;2026-07-15;GGRC11;GGR Covepi Renda;9.72;1609080
2026-07-15;2026-07-15;HGBS11;CSHG Brasil Shopping;19.35;278872
2026-07-15;2026-07-15;HGCR11;CSHG Recebíveis Imobiliários;92.4;20232
2026-07-15;2026-07-15;HGLG11;CSHG Logística;148.93;116186
2026-07-15;2026-07-15;HGRE11;CSHG Real Estate;123.05;19167
2026-07-15;2026-07-15;HGRU11;CSHG Renda Urbana;126.17;46537
2026-07-15;2026-07-15;HSML11;HSI Malls;87.11;31400
2026-07-15;2026-07-15;KNCR11;Kinea Rendimentos Imobiliários;108.31;182406
2026-07-15;2026-07-15;KNIP11;Kinea Índices de Preços;92.33;133371
2026-07-15;2026-07-15;KNRI11;Kinea Renda Imobiliária;155.71;64600
2026-07-15;2026-07-15;KNSC11;Kinea Securities;9.18;360791
2026-07-15;2026-07-15;MCCI11;Mauá Capital Recebíveis Imobiliários;94.3;30564
2026-07-15;2026-07-15;MXRF11;Maxi Renda;9.75;1790169
2026-07-15;2026-07-15;PCIP11;Patria Crédito Imobiliário (ex-CVBI11);76.7;43068
2026-07-15;2026-07-15;PVBI11;VBI Prime Properties;71.98;37279
2026-07-15;2026-07-15;RBRR11;RBR Rendimento High Grade;77.05;58981
2026-07-15;2026-07-15;RBRY11;RBR Alpha Multiestratégia;86.67;38320
2026-07-15;2026-07-15;RECR11;REC Recebíveis Imobiliários;80.74;27634
2026-07-15;2026-07-15;TGAR11;TG Ativo Real;50.41;59565
2026-07-15;2026-07-15;TRXF11;TRX Real Estate;91.36;122451
2026-07-15;2026-07-15;VISC11;Vinci Shopping Centers;105.78;47351
2026-07-15;2026-07-15;VRTA11;Fator Verità;74.15;15411
2026-07-15;2026-07-15;XPLG11;XP Log;91.7;97458
2026-07-15;2026-07-15;XPML11;XP Malls;106.61;135711
2026-07-16;2026-07-16;ALZR11;Alianza Trust Renda Imobiliária;9.98;386654
2026-07-16;2026-07-16;BCIA11;Brasil Capital Real Estate FoF;88.15;2764
2026-07-16;2026-07-16;BRCO11;Bresco Logística;114.0;26271
2026-07-16;2026-07-16;BTLG11;BTG Pactual Logística;102.7;98171
2026-07-16;2026-07-16;CPTS11;Capitânia Securities II;7.49;889675
2026-07-16;2026-07-16;GGRC11;GGR Covepi Renda;9.82;1835029
2026-07-16;2026-07-16;HGBS11;CSHG Brasil Shopping;19.32;420227
2026-07-16;2026-07-16;HGCR11;CSHG Recebíveis Imobiliários;92.82;16353
2026-07-16;2026-07-16;HGLG11;CSHG Logística;149.29;96088
2026-07-16;2026-07-16;HGRE11;CSHG Real Estate;122.88;15727
2026-07-16;2026-07-16;HGRU11;CSHG Renda Urbana;126.0;56468
2026-07-16;2026-07-16;HSML11;HSI Malls;87.77;35375
2026-07-16;2026-07-16;KNCR11;Kinea Rendimentos Imobiliários;108.56;202155
2026-07-16;2026-07-16;KNIP11;Kinea Índices de Preços;92.19;152239
2026-07-16;2026-07-16;KNRI11;Kinea Renda Imobiliária;156.27;32008
2026-07-16;2026-07-16;KNSC11;Kinea Securities;9.2;378552
2026-07-16;2026-07-16;MCCI11;Mauá Capital Recebíveis Imobiliários;95.0;37686
2026-07-16;2026-07-16;MXRF11;Maxi Renda;9.74;1385236
2026-07-16;2026-07-16;PCIP11;Patria Crédito Imobiliário (ex-CVBI11);76.44;38163
2026-07-16;2026-07-16;PVBI11;VBI Prime Properties;72.75;52281
2026-07-16;2026-07-16;RBRR11;RBR Rendimento High Grade;77.1;51454
2026-07-16;2026-07-16;RBRY11;RBR Alpha Multiestratégia;86.66;40021
2026-07-16;2026-07-16;RECR11;REC Recebíveis Imobiliários;80.87;26395
2026-07-16;2026-07-16;TGAR11;TG Ativo Real;51.39;62889
2026-07-16;2026-07-16;TRXF11;TRX Real Estate;91.55;167653
2026-07-16;2026-07-16;VISC11;Vinci Shopping Centers;106.24;35343
2026-07-16;2026-07-16;VRTA11;Fator Verità;73.97;13779
2026-07-16;2026-07-16;XPLG11;XP Log;91.39;67203
2026-07-16;2026-07-16;XPML11;XP Malls;106.9;112999
2026-07-17;2026-07-17;ALZR11;Alianza Trust Renda Imobiliária;9.97;341652
2026-07-17;2026-07-17;BCIA11;Brasil Capital Real Estate FoF;88.63;2127
2026-07-17;2026-07-17;BRCO11;Bresco Logística;114.24;43140
2026-07-17;2026-07-17;BTLG11;BTG Pactual Logística;102.53;99103
2026-07-17;2026-07-17;CPTS11;Capitânia Securities II;7.49;864360
2026-07-17;2026-07-17;GGRC11;GGR Covepi Renda;9.92;1626073
2026-07-17;2026-07-17;HGBS11;CSHG Brasil Shopping;19.33;274335
2026-07-17;2026-07-17;HGCR11;CSHG Recebíveis Imobiliários;93.94;27331
2026-07-17;2026-07-17;HGLG11;CSHG Logística;148.92;90064
2026-07-17;2026-07-17;HGRE11;CSHG Real Estate;123.6;18872
2026-07-17;2026-07-17;HGRU11;CSHG Renda Urbana;126.41;26976
2026-07-17;2026-07-17;HSML11;HSI Malls;87.52;27297
2026-07-17;2026-07-17;KNCR11;Kinea Rendimentos Imobiliários;108.5;199585
2026-07-17;2026-07-17;KNIP11;Kinea Índices de Preços;92.01;81767
2026-07-17;2026-07-17;KNRI11;Kinea Renda Imobiliária;156.0;26040
2026-07-17;2026-07-17;KNSC11;Kinea Securities;9.16;415338
2026-07-17;2026-07-17;MCCI11;Mauá Capital Recebíveis Imobiliários;94.98;34225
2026-07-17;2026-07-17;MXRF11;Maxi Renda;9.73;1772708
2026-07-17;2026-07-17;PCIP11;Patria Crédito Imobiliário (ex-CVBI11);76.68;44516
2026-07-17;2026-07-17;PVBI11;VBI Prime Properties;72.0;39718
2026-07-17;2026-07-17;RBRR11;RBR Rendimento High Grade;77.7;47183
2026-07-17;2026-07-17;RBRY11;RBR Alpha Multiestratégia;86.51;71630
2026-07-17;2026-07-17;RECR11;REC Recebíveis Imobiliários;80.3;22584
2026-07-17;2026-07-17;TGAR11;TG Ativo Real;50.76;44379
2026-07-17;2026-07-17;TRXF11;TRX Real Estate;91.43;150108
2026-07-17;2026-07-17;VISC11;Vinci Shopping Centers;106.21;35818
2026-07-17;2026-07-17;VRTA11;Fator Verità;74.0;16061
2026-07-17;2026-07-17;XPLG11;XP Log;91.28;54192
2026-07-17;2026-07-17;XPML11;XP Malls;106.87;121314
2026-07-20;2026-07-20;ALZR11;Alianza Trust Renda Imobiliária;9.95;283849
2026-07-20;2026-07-20;BCIA11;Brasil Capital Real Estate FoF;88.79;4658
2026-07-20;2026-07-20;BRCO11;Bresco Logística;113.49;39387
2026-07-20;2026-07-20;BTLG11;BTG Pactual Logística;102.56;106904
2026-07-20;2026-07-20;CPTS11;Capitânia Securities II;7.52;660028
2026-07-20;2026-07-20;GGRC11;GGR Covepi Renda;9.92;1526186
2026-07-20;2026-07-20;HGBS11;CSHG Brasil Shopping;19.31;206016
2026-07-20;2026-07-20;HGCR11;CSHG Recebíveis Imobiliários;93.58;20702
2026-07-20;2026-07-20;HGLG11;CSHG Logística;148.5;104317
2026-07-20;2026-07-20;HGRE11;CSHG Real Estate;122.82;25553
2026-07-20;2026-07-20;HGRU11;CSHG Renda Urbana;126.45;36008
2026-07-20;2026-07-20;HSML11;HSI Malls;87.37;27613
2026-07-20;2026-07-20;KNCR11;Kinea Rendimentos Imobiliários;108.08;196453
2026-07-20;2026-07-20;KNIP11;Kinea Índices de Preços;91.7;97973
2026-07-20;2026-07-20;KNRI11;Kinea Renda Imobiliária;156.27;28176
2026-07-20;2026-07-20;KNSC11;Kinea Securities;9.2;613794
2026-07-20;2026-07-20;MCCI11;Mauá Capital Recebíveis Imobiliários;94.9;32884
2026-07-20;2026-07-20;MXRF11;Maxi Renda;9.73;1462704
2026-07-20;2026-07-20;PCIP11;Patria Crédito Imobiliário (ex-CVBI11);77.28;43840
2026-07-20;2026-07-20;PVBI11;VBI Prime Properties;72.5;39499
2026-07-20;2026-07-20;RBRR11;RBR Rendimento High Grade;76.91;86058
2026-07-20;2026-07-20;RBRY11;RBR Alpha Multiestratégia;86.74;36753
2026-07-20;2026-07-20;RECR11;REC Recebíveis Imobiliários;80.3;25894
2026-07-20;2026-07-20;TGAR11;TG Ativo Real;51.5;49164
2026-07-20;2026-07-20;TRXF11;TRX Real Estate;91.45;167885
2026-07-20;2026-07-20;VISC11;Vinci Shopping Centers;105.24;38438
2026-07-20;2026-07-20;VRTA11;Fator Verità;73.28;15157
2026-07-20;2026-07-20;XPLG11;XP Log;90.8;73385
2026-07-20;2026-07-20;XPML11;XP Malls;105.35;164936
2026-07-21;2026-07-21;ALZR11;Alianza Trust Renda Imobiliária;9.91;391373
2026-07-21;2026-07-21;BCIA11;Brasil Capital Real Estate FoF;89.44;1954
2026-07-21;2026-07-21;BRCO11;Bresco Logística;113.6;31077
2026-07-21;2026-07-21;BTLG11;BTG Pactual Logística;102.39;88270
2026-07-21;2026-07-21;CPTS11;Capitânia Securities II;7.41;1277879
2026-07-21;2026-07-21;GGRC11;GGR Covepi Renda;9.92;1311871
2026-07-21;2026-07-21;HGBS11;CSHG Brasil Shopping;19.25;168306
2026-07-21;2026-07-21;HGCR11;CSHG Recebíveis Imobiliários;93.4;15564
2026-07-21;2026-07-21;HGLG11;CSHG Logística;149.01;129164
2026-07-21;2026-07-21;HGRE11;CSHG Real Estate;121.84;14685
2026-07-21;2026-07-21;HGRU11;CSHG Renda Urbana;126.0;50292
2026-07-21;2026-07-21;HSML11;HSI Malls;87.58;36309
2026-07-21;2026-07-21;KNCR11;Kinea Rendimentos Imobiliários;107.58;230749
2026-07-21;2026-07-21;KNIP11;Kinea Índices de Preços;92.04;38699
2026-07-21;2026-07-21;KNRI11;Kinea Renda Imobiliária;156.29;29520
2026-07-21;2026-07-21;KNSC11;Kinea Securities;9.13;297973
2026-07-21;2026-07-21;MCCI11;Mauá Capital Recebíveis Imobiliários;94.4;26480
2026-07-21;2026-07-21;MXRF11;Maxi Renda;9.67;1626907
2026-07-21;2026-07-21;PCIP11;Patria Crédito Imobiliário (ex-CVBI11);76.44;38030
2026-07-21;2026-07-21;PVBI11;VBI Prime Properties;72.39;35980
2026-07-21;2026-07-21;RBRR11;RBR Rendimento High Grade;76.59;72395
2026-07-21;2026-07-21;RBRY11;RBR Alpha Multiestratégia;87.46;28729
2026-07-21;2026-07-21;RECR11;REC Recebíveis Imobiliários;80.3;24800
2026-07-21;2026-07-21;TGAR11;TG Ativo Real;50.4;50615
2026-07-21;2026-07-21;TRXF11;TRX Real Estate;91.35;136514
2026-07-21;2026-07-21;VISC11;Vinci Shopping Centers;105.1;35158
2026-07-21;2026-07-21;VRTA11;Fator Verità;73.3;14350
2026-07-21;2026-07-21;XPLG11;XP Log;91.0;70144
2026-07-21;2026-07-21;XPML11;XP Malls;104.5;191289
2026-07-22;2026-07-22;ALZR11;Alianza Trust Renda Imobiliária;9.93;272574
2026-07-22;2026-07-22;BCIA11;Brasil Capital Real Estate FoF;89.6;1565
2026-07-22;2026-07-22;BRCO11;Bresco Logística;113.2;26547
2026-07-22;2026-07-22;BTLG11;BTG Pactual Logística;101.06;221377
2026-07-22;2026-07-22;CPTS11;Capitânia Securities II;7.47;1294891
2026-07-22;2026-07-22;GGRC11;GGR Covepi Renda;9.88;1240903
2026-07-22;2026-07-22;HGBS11;CSHG Brasil Shopping;19.12;200174
2026-07-22;2026-07-22;HGCR11;CSHG Recebíveis Imobiliários;93.47;16404
2026-07-22;2026-07-22;HGLG11;CSHG Logística;147.8;102859
2026-07-22;2026-07-22;HGRE11;CSHG Real Estate;120.96;21508
2026-07-22;2026-07-22;HGRU11;CSHG Renda Urbana;125.56;58391
2026-07-22;2026-07-22;HSML11;HSI Malls;86.95;34288
2026-07-22;2026-07-22;KNCR11;Kinea Rendimentos Imobiliários;107.17;305529
2026-07-22;2026-07-22;KNIP11;Kinea Índices de Preços;91.61;42693
2026-07-22;2026-07-22;KNRI11;Kinea Renda Imobiliária;154.38;40225
2026-07-22;2026-07-22;KNSC11;Kinea Securities;9.13;463356
2026-07-22;2026-07-22;MCCI11;Mauá Capital Recebíveis Imobiliários;94.35;32968
2026-07-22;2026-07-22;MXRF11;Maxi Renda;9.68;1163231
2026-07-22;2026-07-22;PCIP11;Patria Crédito Imobiliário (ex-CVBI11);76.32;42794
2026-07-22;2026-07-22;PVBI11;VBI Prime Properties;71.92;37484
2026-07-22;2026-07-22;RBRR11;RBR Rendimento High Grade;76.29;72125
2026-07-22;2026-07-22;RBRY11;RBR Alpha Multiestratégia;87.4;40692
2026-07-22;2026-07-22;RECR11;REC Recebíveis Imobiliários;80.33;19376
2026-07-22;2026-07-22;TGAR11;TG Ativo Real;50.5;69231
2026-07-22;2026-07-22;TRXF11;TRX Real Estate;91.0;183339
2026-07-22;2026-07-22;VISC11;Vinci Shopping Centers;104.23;44253
2026-07-22;2026-07-22;VRTA11;Fator Verità;73.34;15900
2026-07-22;2026-07-22;XPLG11;XP Log;90.68;78870
2026-07-22;2026-07-22;XPML11;XP Malls;104.58;138572
2026-07-23;2026-07-23;ALZR11;Alianza Trust Renda Imobiliária;9.94;231712
2026-07-23;2026-07-23;BCIA11;Brasil Capital Real Estate FoF;89.34;1592
2026-07-23;2026-07-23;BRCO11;Bresco Logística;112.8;52430
2026-07-23;2026-07-23;BTLG11;BTG Pactual Logística;100.84;167854
2026-07-23;2026-07-23;CPTS11;Capitânia Securities II;7.48;641041
2026-07-23;2026-07-23;GGRC11;GGR Covepi Renda;9.91;1018773
2026-07-23;2026-07-23;HGBS11;CSHG Brasil Shopping;19.08;119201
2026-07-23;2026-07-23;HGCR11;CSHG Recebíveis Imobiliários;92.8;19178
2026-07-23;2026-07-23;HGLG11;CSHG Logística;147.75;102678
2026-07-23;2026-07-23;HGRE11;CSHG Real Estate;119.83;16668
2026-07-23;2026-07-23;HGRU11;CSHG Renda Urbana;125.1;37688
2026-07-23;2026-07-23;HSML11;HSI Malls;85.72;22991
2026-07-23;2026-07-23;KNCR11;Kinea Rendimentos Imobiliários;107.37;241181
2026-07-23;2026-07-23;KNIP11;Kinea Índices de Preços;90.73;105208
2026-07-23;2026-07-23;KNRI11;Kinea Renda Imobiliária;153.94;32193
2026-07-23;2026-07-23;KNSC11;Kinea Securities;9.13;511951
2026-07-23;2026-07-23;MCCI11;Mauá Capital Recebíveis Imobiliários;93.95;23165
2026-07-23;2026-07-23;MXRF11;Maxi Renda;9.66;1082640
2026-07-23;2026-07-23;PCIP11;Patria Crédito Imobiliário (ex-CVBI11);76.3;57517
2026-07-23;2026-07-23;PVBI11;VBI Prime Properties;70.49;51776
2026-07-23;2026-07-23;RBRR11;RBR Rendimento High Grade;75.87;47153
2026-07-23;2026-07-23;RBRY11;RBR Alpha Multiestratégia;87.3;20517
2026-07-23;2026-07-23;RECR11;REC Recebíveis Imobiliários;80.04;22878
2026-07-23;2026-07-23;TGAR11;TG Ativo Real;50.5;56859
2026-07-23;2026-07-23;TRXF11;TRX Real Estate;91.17;145160
2026-07-23;2026-07-23;VISC11;Vinci Shopping Centers;104.69;38937
2026-07-23;2026-07-23;VRTA11;Fator Verità;72.45;19944
2026-07-23;2026-07-23;XPLG11;XP Log;89.94;111822
2026-07-23;2026-07-23;XPML11;XP Malls;104.22;105764
2026-07-24;2026-07-24;ALZR11;Alianza Trust Renda Imobiliária;9.99;351305
2026-07-24;2026-07-24;BCIA11;Brasil Capital Real Estate FoF;88.77;5967
2026-07-24;2026-07-24;BRCO11;Bresco Logística;113.67;29918
2026-07-24;2026-07-24;BTLG11;BTG Pactual Logística;100.82;131466
2026-07-24;2026-07-24;CPTS11;Capitânia Securities II;7.53;621055
2026-07-24;2026-07-24;GGRC11;GGR Covepi Renda;9.91;1346208
2026-07-24;2026-07-24;HGBS11;CSHG Brasil Shopping;19.13;119437
2026-07-24;2026-07-24;HGCR11;CSHG Recebíveis Imobiliários;92.86;36942
2026-07-24;2026-07-24;HGLG11;CSHG Logística;147.76;112516
2026-07-24;2026-07-24;HGRE11;CSHG Real Estate;118.59;29605
2026-07-24;2026-07-24;HGRU11;CSHG Renda Urbana;125.6;47034
2026-07-24;2026-07-24;HSML11;HSI Malls;86.32;40045
2026-07-24;2026-07-24;KNCR11;Kinea Rendimentos Imobiliários;106.5;240943
2026-07-24;2026-07-24;KNIP11;Kinea Índices de Preços;90.54;45727
2026-07-24;2026-07-24;KNRI11;Kinea Renda Imobiliária;155.18;28534
2026-07-24;2026-07-24;KNSC11;Kinea Securities;9.08;527213
2026-07-24;2026-07-24;MCCI11;Mauá Capital Recebíveis Imobiliários;94.0;33982
2026-07-24;2026-07-24;MXRF11;Maxi Renda;9.63;1178821
2026-07-24;2026-07-24;PCIP11;Patria Crédito Imobiliário (ex-CVBI11);76.41;37169
2026-07-24;2026-07-24;PVBI11;VBI Prime Properties;70.76;47125
2026-07-24;2026-07-24;RBRR11;RBR Rendimento High Grade;75.72;48987
2026-07-24;2026-07-24;RBRY11;RBR Alpha Multiestratégia;86.81;23768
2026-07-24;2026-07-24;RECR11;REC Recebíveis Imobiliários;80.3;28635
2026-07-24;2026-07-24;TGAR11;TG Ativo Real;50.43;33298
2026-07-24;2026-07-24;TRXF11;TRX Real Estate;91.02;181683
2026-07-24;2026-07-24;VISC11;Vinci Shopping Centers;105.42;37726
2026-07-24;2026-07-24;VRTA11;Fator Verità;73.82;18483
2026-07-24;2026-07-24;XPLG11;XP Log;91.43;65022
2026-07-24;2026-07-24;XPML11;XP Malls;104.7;148425
2026-07-27;2026-07-27;ALZR11;Alianza Trust Renda Imobiliária;9.98;337646
2026-07-27;2026-07-27;BCIA11;Brasil Capital Real Estate FoF;88.25;1862
2026-07-27;2026-07-27;BRCO11;Bresco Logística;114.12;44114
2026-07-27;2026-07-27;BTLG11;BTG Pactual Logística;99.88;191749
2026-07-27;2026-07-27;CPTS11;Capitânia Securities II;7.45;798665
2026-07-27;2026-07-27;GGRC11;GGR Covepi Renda;9.87;1426749
2026-07-27;2026-07-27;HGBS11;CSHG Brasil Shopping;19.13;157217
2026-07-27;2026-07-27;HGCR11;CSHG Recebíveis Imobiliários;93.49;26906
2026-07-27;2026-07-27;HGLG11;CSHG Logística;147.0;114893
2026-07-27;2026-07-27;HGRE11;CSHG Real Estate;119.14;20748
2026-07-27;2026-07-27;HGRU11;CSHG Renda Urbana;125.2;58281
2026-07-27;2026-07-27;HSML11;HSI Malls;86.28;24241
2026-07-27;2026-07-27;KNCR11;Kinea Rendimentos Imobiliários;106.6;227993
2026-07-27;2026-07-27;KNIP11;Kinea Índices de Preços;90.3;73898
2026-07-27;2026-07-27;KNRI11;Kinea Renda Imobiliária;154.95;44015
2026-07-27;2026-07-27;KNSC11;Kinea Securities;9.05;493995
2026-07-27;2026-07-27;MCCI11;Mauá Capital Recebíveis Imobiliários;93.74;38147
2026-07-27;2026-07-27;MXRF11;Maxi Renda;9.6;2000749
2026-07-27;2026-07-27;PCIP11;Patria Crédito Imobiliário (ex-CVBI11);75.82;30303
2026-07-27;2026-07-27;PVBI11;VBI Prime Properties;70.0;66523
2026-07-27;2026-07-27;RBRR11;RBR Rendimento High Grade;75.94;61703
2026-07-27;2026-07-27;RBRY11;RBR Alpha Multiestratégia;85.78;56193
2026-07-27;2026-07-27;RECR11;REC Recebíveis Imobiliários;80.1;21572
2026-07-27;2026-07-27;TGAR11;TG Ativo Real;50.3;53398
2026-07-27;2026-07-27;TRXF11;TRX Real Estate;91.38;164722
2026-07-27;2026-07-27;VISC11;Vinci Shopping Centers;105.42;34629
2026-07-27;2026-07-27;VRTA11;Fator Verità;73.65;21508
2026-07-27;2026-07-27;XPLG11;XP Log;91.41;64313
2026-07-27;2026-07-27;XPML11;XP Malls;104.46;134963
2026-07-28;2026-07-28;ALZR11;Alianza Trust Renda Imobiliária;9.93;330498
2026-07-28;2026-07-28;BCIA11;Brasil Capital Real Estate FoF;88.65;1741
2026-07-28;2026-07-28;BRCO11;Bresco Logística;114.3;32561
2026-07-28;2026-07-28;BTLG11;BTG Pactual Logística;100.37;252892
2026-07-28;2026-07-28;CPTS11;Capitânia Securities II;7.5;1072279
2026-07-28;2026-07-28;GGRC11;GGR Covepi Renda;9.89;1443483
2026-07-28;2026-07-28;HGBS11;CSHG Brasil Shopping;19.2;398069
2026-07-28;2026-07-28;HGCR11;CSHG Recebíveis Imobiliários;93.7;29242
2026-07-28;2026-07-28;HGLG11;CSHG Logística;147.0;108802
2026-07-28;2026-07-28;HGRE11;CSHG Real Estate;120.23;19359
2026-07-28;2026-07-28;HGRU11;CSHG Renda Urbana;124.72;44770
2026-07-28;2026-07-28;HSML11;HSI Malls;86.6;23332
2026-07-28;2026-07-28;KNCR11;Kinea Rendimentos Imobiliários;107.6;193860
2026-07-28;2026-07-28;KNIP11;Kinea Índices de Preços;90.6;113169
2026-07-28;2026-07-28;KNRI11;Kinea Renda Imobiliária;156.65;35872
2026-07-28;2026-07-28;KNSC11;Kinea Securities;9.04;434628
2026-07-28;2026-07-28;MCCI11;Mauá Capital Recebíveis Imobiliários;94.1;32777
2026-07-28;2026-07-28;MXRF11;Maxi Renda;9.68;1858158
2026-07-28;2026-07-28;PCIP11;Patria Crédito Imobiliário (ex-CVBI11);76.4;36521
2026-07-28;2026-07-28;PVBI11;VBI Prime Properties;70.0;40092
2026-07-28;2026-07-28;RBRR11;RBR Rendimento High Grade;76.22;27314
2026-07-28;2026-07-28;RBRY11;RBR Alpha Multiestratégia;85.61;31338
2026-07-28;2026-07-28;RECR11;REC Recebíveis Imobiliários;79.83;25427
2026-07-28;2026-07-28;TGAR11;TG Ativo Real;50.46;48385
2026-07-28;2026-07-28;TRXF11;TRX Real Estate;91.54;201155
2026-07-28;2026-07-28;VISC11;Vinci Shopping Centers;105.45;46447
2026-07-28;2026-07-28;VRTA11;Fator Verità;73.15;23073
2026-07-28;2026-07-28;XPLG11;XP Log;91.83;50982
2026-07-28;2026-07-28;XPML11;XP Malls;104.4;109210
2026-07-29;2026-07-29;ALZR11;Alianza Trust Renda Imobiliária;9.9;385107
2026-07-29;2026-07-29;BCIA11;Brasil Capital Real Estate FoF;88.75;2213
2026-07-29;2026-07-29;BRCO11;Bresco Logística;113.72;21287
2026-07-29;2026-07-29;BTLG11;BTG Pactual Logística;100.21;135094
2026-07-29;2026-07-29;CPTS11;Capitânia Securities II;7.45;2370694
2026-07-29;2026-07-29;GGRC11;GGR Covepi Renda;9.9;1309971
2026-07-29;2026-07-29;HGBS11;CSHG Brasil Shopping;19.16;162614
2026-07-29;2026-07-29;HGCR11;CSHG Recebíveis Imobiliários;93.13;19554
2026-07-29;2026-07-29;HGLG11;CSHG Logística;146.9;98713
2026-07-29;2026-07-29;HGRE11;CSHG Real Estate;117.8;22288
2026-07-29;2026-07-29;HGRU11;CSHG Renda Urbana;123.64;41264
2026-07-29;2026-07-29;HSML11;HSI Malls;86.13;18076
2026-07-29;2026-07-29;KNCR11;Kinea Rendimentos Imobiliários;106.86;175136
2026-07-29;2026-07-29;KNIP11;Kinea Índices de Preços;91.13;119142
2026-07-29;2026-07-29;KNRI11;Kinea Renda Imobiliária;155.84;27077
2026-07-29;2026-07-29;KNSC11;Kinea Securities;9.03;354767
2026-07-29;2026-07-29;MCCI11;Mauá Capital Recebíveis Imobiliários;94.22;30338
2026-07-29;2026-07-29;MXRF11;Maxi Renda;9.63;1015618
2026-07-29;2026-07-29;PCIP11;Patria Crédito Imobiliário (ex-CVBI11);75.49;42850
2026-07-29;2026-07-29;PVBI11;VBI Prime Properties;69.2;48463
2026-07-29;2026-07-29;RBRR11;RBR Rendimento High Grade;75.07;48003
2026-07-29;2026-07-29;RBRY11;RBR Alpha Multiestratégia;85.0;55865
2026-07-29;2026-07-29;RECR11;REC Recebíveis Imobiliários;79.87;27499
2026-07-29;2026-07-29;TGAR11;TG Ativo Real;50.29;41151
2026-07-29;2026-07-29;TRXF11;TRX Real Estate;91.1;157499
2026-07-29;2026-07-29;VISC11;Vinci Shopping Centers;105.34;32849
2026-07-29;2026-07-29;VRTA11;Fator Verità;73.72;25167
2026-07-29;2026-07-29;XPLG11;XP Log;91.75;43718
2026-07-29;2026-07-29;XPML11;XP Malls;104.84;98476
2026-07-30;2026-07-30;ALZR11;Alianza Trust Renda Imobiliária;9.96;335678
2026-07-30;2026-07-30;BCIA11;Brasil Capital Real Estate FoF;88.75;1717
2026-07-30;2026-07-30;BRCO11;Bresco Logística;114.77;21693
2026-07-30;2026-07-30;BTLG11;BTG Pactual Logística;100.86;107246
2026-07-30;2026-07-30;CPTS11;Capitânia Securities II;7.49;597599
2026-07-30;2026-07-30;GGRC11;GGR Covepi Renda;9.98;925173
2026-07-30;2026-07-30;HGBS11;CSHG Brasil Shopping;19.14;177537
2026-07-30;2026-07-30;HGCR11;CSHG Recebíveis Imobiliários;93.13;21759
2026-07-30;2026-07-30;HGLG11;CSHG Logística;147.42;100539
2026-07-30;2026-07-30;HGRE11;CSHG Real Estate;118.52;18811
2026-07-30;2026-07-30;HGRU11;CSHG Renda Urbana;123.38;71449
2026-07-30;2026-07-30;HSML11;HSI Malls;87.52;39319
2026-07-30;2026-07-30;KNCR11;Kinea Rendimentos Imobiliários;107.29;118059
2026-07-30;2026-07-30;KNIP11;Kinea Índices de Preços;90.81;90314
2026-07-30;2026-07-30;KNRI11;Kinea Renda Imobiliária;156.56;34900
2026-07-30;2026-07-30;KNSC11;Kinea Securities;9.1;329301
2026-07-30;2026-07-30;MCCI11;Mauá Capital Recebíveis Imobiliários;94.6;29744
2026-07-30;2026-07-30;MXRF11;Maxi Renda;9.6;1159298
2026-07-30;2026-07-30;PCIP11;Patria Crédito Imobiliário (ex-CVBI11);75.6;14220
2026-07-30;2026-07-30;PVBI11;VBI Prime Properties;69.31;36209
2026-07-30;2026-07-30;RBRR11;RBR Rendimento High Grade;75.62;34041
2026-07-30;2026-07-30;RBRY11;RBR Alpha Multiestratégia;84.74;42885
2026-07-30;2026-07-30;RECR11;REC Recebíveis Imobiliários;79.98;18893
2026-07-30;2026-07-30;TGAR11;TG Ativo Real;50.5;30493
2026-07-30;2026-07-30;TRXF11;TRX Real Estate;91.1;214732
2026-07-30;2026-07-30;VISC11;Vinci Shopping Centers;105.33;28007
2026-07-30;2026-07-30;VRTA11;Fator Verità;73.5;26037
2026-07-30;2026-07-30;XPLG11;XP Log;92.05;50463
2026-07-30;2026-07-30;XPML11;XP Malls;104.78;107725
2026-07-31;2026-07-31;ALZR11;Alianza Trust Renda Imobiliária;10.03;237443
2026-07-31;2026-07-31;BCIA11;Brasil Capital Real Estate FoF;88.62;1047
2026-07-31;2026-07-31;BRCO11;Bresco Logística;114.95;25916
2026-07-31;2026-07-31;BTLG11;BTG Pactual Logística;100.81;122049
2026-07-31;2026-07-31;CPTS11;Capitânia Securities II;7.52;576028
2026-07-31;2026-07-31;GGRC11;GGR Covepi Renda;10.03;744026
2026-07-31;2026-07-31;HGBS11;CSHG Brasil Shopping;19.14;371159
2026-07-31;2026-07-31;HGCR11;CSHG Recebíveis Imobiliários;94.08;30520
2026-07-31;2026-07-31;HGLG11;CSHG Logística;147.42;109198
2026-07-31;2026-07-31;HGRE11;CSHG Real Estate;119.8;15767
2026-07-31;2026-07-31;HGRU11;CSHG Renda Urbana;125.25;66598
2026-07-31;2026-07-31;HSML11;HSI Malls;87.28;47011
2026-07-31;2026-07-31;KNCR11;Kinea Rendimentos Imobiliários;108.07;159212
2026-07-31;2026-07-31;KNIP11;Kinea Índices de Preços;91.59;84007
2026-07-31;2026-07-31;KNRI11;Kinea Renda Imobiliária;157.75;27332
2026-07-31;2026-07-31;KNSC11;Kinea Securities;9.09;221887
2026-07-31;2026-07-31;MCCI11;Mauá Capital Recebíveis Imobiliários;94.8;28624
2026-07-31;2026-07-31;MXRF11;Maxi Renda;9.58;1512441
2026-07-31;2026-07-31;PCIP11;Patria Crédito Imobiliário (ex-CVBI11);75.98;25585
2026-07-31;2026-07-31;PVBI11;VBI Prime Properties;69.72;40791
2026-07-31;2026-07-31;RBRR11;RBR Rendimento High Grade;75.94;32424
2026-07-31;2026-07-31;RBRY11;RBR Alpha Multiestratégia;84.71;21594
2026-07-31;2026-07-31;RECR11;REC Recebíveis Imobiliários;80.0;28213
2026-07-31;2026-07-31;TGAR11;TG Ativo Real;50.7;40286
2026-07-31;2026-07-31;TRXF11;TRX Real Estate;91.1;288015
2026-07-31;2026-07-31;VISC11;Vinci Shopping Centers;104.89;45203
2026-07-31;2026-07-31;VRTA11;Fator Verità;73.0;35587
2026-07-31;2026-07-31;XPLG11;XP Log;92.9;101364
2026-07-31;2026-07-31;XPML11;XP Malls;104.78;134282
2026-08-03;2026-08-03;ALZR11;Alianza Trust Renda Imobiliária;9.99;525983
2026-08-03;2026-08-03;BCIA11;Brasil Capital Real Estate FoF;87.3;3725
2026-08-03;2026-08-03;BRCO11;Bresco Logística;112.46;79485
2026-08-03;2026-08-03;BTLG11;BTG Pactual Logística;101.0;149044
2026-08-03;2026-08-03;CPTS11;Capitânia Securities II;7.51;856783
2026-08-03;2026-08-03;GGRC11;GGR Covepi Renda;9.96;1490836
2026-08-03;2026-08-03;HGBS11;CSHG Brasil Shopping;19.0;226157
2026-08-03;2026-08-03;HGCR11;CSHG Recebíveis Imobiliários;91.5;42538
2026-08-03;2026-08-03;HGLG11;CSHG Logística;147.0;192179
2026-08-03;2026-08-03;HGRE11;CSHG Real Estate;116.22;29011
2026-08-03;2026-08-03;HGRU11;CSHG Renda Urbana;122.68;49466
2026-08-03;2026-08-03;HSML11;HSI Malls;83.95;50067
2026-08-03;2026-08-03;KNCR11;Kinea Rendimentos Imobiliários;106.02;256192
2026-08-03;2026-08-03;KNIP11;Kinea Índices de Preços;89.71;138597
2026-08-03;2026-08-03;KNRI11;Kinea Renda Imobiliária;152.09;76849
2026-08-03;2026-08-03;KNSC11;Kinea Securities;8.98;491495
2026-08-03;2026-08-03;MCCI11;Mauá Capital Recebíveis Imobiliários;92.62;95128
2026-08-03;2026-08-03;MXRF11;Maxi Renda;9.35;4137666
2026-08-03;2026-08-03;PCIP11;Patria Crédito Imobiliário (ex-CVBI11);75.01;48443
2026-08-03;2026-08-03;PVBI11;VBI Prime Properties;67.05;176304
2026-08-03;2026-08-03;RBRR11;RBR Rendimento High Grade;75.37;60155
2026-08-03;2026-08-03;RBRY11;RBR Alpha Multiestratégia;84.3;27091
2026-08-03;2026-08-03;RECR11;REC Recebíveis Imobiliários;79.96;32917
2026-08-03;2026-08-03;TGAR11;TG Ativo Real;48.96;124088
2026-08-03;2026-08-03;TRXF11;TRX Real Estate;89.38;335443
2026-08-03;2026-08-03;VISC11;Vinci Shopping Centers;103.9;58537
2026-08-03;2026-08-03;VRTA11;Fator Verità;72.3;38013
2026-08-03;2026-08-03;XPLG11;XP Log;91.1;139272
2026-08-03;2026-08-03;XPML11;XP Malls;105.28;151195
2026-08-04;2026-08-04;ALZR11;Alianza Trust Renda Imobiliária;9.99;368151
2026-08-04;2026-08-04;BCIA11;Brasil Capital Real Estate FoF;87.59;3557
2026-08-04;2026-08-04;BRCO11;Bresco Logística;112.57;54998
2026-08-04;2026-08-04;BTLG11;BTG Pactual Logística;100.5;173841
2026-08-04;2026-08-04;CPTS11;Capitânia Securities II;7.49;719022
2026-08-04;2026-08-04;GGRC11;GGR Covepi Renda;9.77;1306842
2026-08-04;2026-08-04;HGBS11;CSHG Brasil Shopping;19.0;304911
2026-08-04;2026-08-04;HGCR11;CSHG Recebíveis Imobiliários;90.51;55048
2026-08-04;2026-08-04;HGLG11;CSHG Logística;147.6;188992
2026-08-04;2026-08-04;HGRE11;CSHG Real Estate;116.94;18146
2026-08-04;2026-08-04;HGRU11;CSHG Renda Urbana;122.3;51294
2026-08-04;2026-08-04;HSML11;HSI Malls;83.54;61979
2026-08-04;2026-08-04;KNCR11;Kinea Rendimentos Imobiliários;106.89;196928
2026-08-04;2026-08-04;KNIP11;Kinea Índices de Preços;90.48;156664
2026-08-04;2026-08-04;KNRI11;Kinea Renda Imobiliária;152.09;100871
2026-08-04;2026-08-04;KNSC11;Kinea Securities;8.98;527997
2026-08-04;2026-08-04;MCCI11;Mauá Capital Recebíveis Imobiliários;92.81;58028
2026-08-04;2026-08-04;MXRF11;Maxi Renda;9.45;2123883
2026-08-04;2026-08-04;PCIP11;Patria Crédito Imobiliário (ex-CVBI11);74.89;43088
2026-08-04;2026-08-04;PVBI11;VBI Prime Properties;67.46;91459
2026-08-04;2026-08-04;RBRR11;RBR Rendimento High Grade;75.79;91577
2026-08-04;2026-08-04;RBRY11;RBR Alpha Multiestratégia;84.35;34646
2026-08-04;2026-08-04;RECR11;REC Recebíveis Imobiliários;79.84;27097
2026-08-04;2026-08-04;TGAR11;TG Ativo Real;48.21;106021
2026-08-04;2026-08-04;TRXF11;TRX Real Estate;89.43;273446
2026-08-04;2026-08-04;VISC11;Vinci Shopping Centers;104.1;44672
2026-08-04;2026-08-04;VRTA11;Fator Verità;71.91;17027
2026-08-04;2026-08-04;XPLG11;XP Log;91.42;64975
2026-08-04;2026-08-04;XPML11;XP Malls;104.2;136821
2026-08-05;2026-08-05;ALZR11;Alianza Trust Renda Imobiliária;9.92;327407
2026-08-05;2026-08-05;BCIA11;Brasil Capital Real Estate FoF;88.1;1879
2026-08-05;2026-08-05;BRCO11;Bresco Logística;113.98;32187
2026-08-05;2026-08-05;BTLG11;BTG Pactual Logística;100.81;108820
2026-08-05;2026-08-05;CPTS11;Capitânia Securities II;7.46;697290
2026-08-05;2026-08-05;GGRC11;GGR Covepi Renda;9.67;1993518
2026-08-05;2026-08-05;HGBS11;CSHG Brasil Shopping;18.99;192018
2026-08-05;2026-08-05;HGCR11;CSHG Recebíveis Imobiliários;90.94;18609
2026-08-05;2026-08-05;HGLG11;CSHG Logística;147.99;113078
2026-08-05;2026-08-05;HGRE11;CSHG Real Estate;117.06;16067
2026-08-05;2026-08-05;HGRU11;CSHG Renda Urbana;121.61;64371
2026-08-05;2026-08-05;HSML11;HSI Malls;83.91;21247
2026-08-05;2026-08-05;KNCR11;Kinea Rendimentos Imobiliários;106.7;130727
2026-08-05;2026-08-05;KNIP11;Kinea Índices de Preços;90.0;42123
2026-08-05;2026-08-05;KNRI11;Kinea Renda Imobiliária;152.24;49257
2026-08-05;2026-08-05;KNSC11;Kinea Securities;8.98;511642
2026-08-05;2026-08-05;MCCI11;Mauá Capital Recebíveis Imobiliários;93.26;28219
2026-08-05;2026-08-05;MXRF11;Maxi Renda;9.43;1129104
2026-08-05;2026-08-05;PCIP11;Patria Crédito Imobiliário (ex-CVBI11);75.53;22071
2026-08-05;2026-08-05;PVBI11;VBI Prime Properties;66.75;74101
2026-08-05;2026-08-05;RBRR11;RBR Rendimento High Grade;76.3;51762
2026-08-05;2026-08-05;RBRY11;RBR Alpha Multiestratégia;84.51;35246
2026-08-05;2026-08-05;RECR11;REC Recebíveis Imobiliários;78.93;52570
2026-08-05;2026-08-05;TGAR11;TG Ativo Real;48.02;50231
2026-08-05;2026-08-05;TRXF11;TRX Real Estate;89.15;144566
2026-08-05;2026-08-05;VISC11;Vinci Shopping Centers;103.95;37105
2026-08-05;2026-08-05;VRTA11;Fator Verità;71.18;18711
2026-08-05;2026-08-05;XPLG11;XP Log;91.11;47018
2026-08-05;2026-08-05;XPML11;XP Malls;104.4;120082
2026-08-06;2026-08-06;ALZR11;Alianza Trust Renda Imobiliária;9.9;254557
2026-08-06;2026-08-06;BCIA11;Brasil Capital Real Estate FoF;87.69;2188
2026-08-06;2026-08-06;BRCO11;Bresco Logística;113.23;29568
2026-08-06;2026-08-06;BTLG11;BTG Pactual Logística;100.21;118459
2026-08-06;2026-08-06;CPTS11;Capitânia Securities II;7.46;899440
2026-08-06;2026-08-06;GGRC11;GGR Covepi Renda;9.62;1374805
2026-08-06;2026-08-06;HGBS11;CSHG Brasil Shopping;18.92;132594
2026-08-06;2026-08-06;HGCR11;CSHG Recebíveis Imobiliários;90.67;22228
2026-08-06;2026-08-06;HGLG11;CSHG Logística;147.25;114704
2026-08-06;2026-08-06;HGRE11;CSHG Real Estate;116.76;16576
2026-08-06;2026-08-06;HGRU11;CSHG Renda Urbana;119.6;69154
2026-08-06;2026-08-06;HSML11;HSI Malls;83.57;23545
2026-08-06;2026-08-06;KNCR11;Kinea Rendimentos Imobiliários;106.5;138113
2026-08-06;2026-08-06;KNIP11;Kinea Índices de Preços;90.0;76189
2026-08-06;2026-08-06;KNRI11;Kinea Renda Imobiliária;153.01;49076
2026-08-06;2026-08-06;KNSC11;Kinea Securities;8.98;535763
2026-08-06;2026-08-06;MCCI11;Mauá Capital Recebíveis Imobiliários;93.27;36950
2026-08-06;2026-08-06;MXRF11;Maxi Renda;9.43;1149667
2026-08-06;2026-08-06;PCIP11;Patria Crédito Imobiliário (ex-CVBI11);74.52;35502
2026-08-06;2026-08-06;PVBI11;VBI Prime Properties;65.5;93521
2026-08-06;2026-08-06;RBRR11;RBR Rendimento High Grade;76.1;42435
2026-08-06;2026-08-06;RBRY11;RBR Alpha Multiestratégia;84.8;26306
2026-08-06;2026-08-06;RECR11;REC Recebíveis Imobiliários;78.6;27053
2026-08-06;2026-08-06;TGAR11;TG Ativo Real;48.25;83692
2026-08-06;2026-08-06;TRXF11;TRX Real Estate;84.41;902774
2026-08-06;2026-08-06;VISC11;Vinci Shopping Centers;103.83;30391
2026-08-06;2026-08-06;VRTA11;Fator Verità;70.61;21564
2026-08-06;2026-08-06;XPLG11;XP Log;90.83;61858
2026-08-06;2026-08-06;XPML11;XP Malls;104.4;122848
2026-08-07;2026-08-07;ALZR11;Alianza Trust Renda Imobiliária;9.92;370808
2026-08-07;2026-08-07;BCIA11;Brasil Capital Real Estate FoF;87.59;2504
2026-08-07;2026-08-07;BRCO11;Bresco Logística;113.7;30655
2026-08-07;2026-08-07;BTLG11;BTG Pactual Logística;100.73;156853
2026-08-07;2026-08-07;CPTS11;Capitânia Securities II;7.53;665378
2026-08-07;2026-08-07;GGRC11;GGR Covepi Renda;9.68;1360969
2026-08-07;2026-08-07;HGBS11;CSHG Brasil Shopping;18.96;127224
2026-08-07;2026-08-07;HGCR11;CSHG Recebíveis Imobiliários;91.53;29595
2026-08-07;2026-08-07;HGLG11;CSHG Logística;147.0;109817
2026-08-07;2026-08-07;HGRE11;CSHG Real Estate;117.3;10779
2026-08-07;2026-08-07;HGRU11;CSHG Renda Urbana;119.25;76510
2026-08-07;2026-08-07;HSML11;HSI Malls;83.53;31404
2026-08-07;2026-08-07;KNCR11;Kinea Rendimentos Imobiliários;106.64;184127
2026-08-07;2026-08-07;KNIP11;Kinea Índices de Preços;90.37;82266
2026-08-07;2026-08-07;KNRI11;Kinea Renda Imobiliária;154.11;31864
2026-08-07;2026-08-07;KNSC11;Kinea Securities;9.0;416091
2026-08-07;2026-08-07;MCCI11;Mauá Capital Recebíveis Imobiliários;93.4;30519
2026-08-07;2026-08-07;MXRF11;Maxi Renda;9.46;1253784
2026-08-07;2026-08-07;PCIP11;Patria Crédito Imobiliário (ex-CVBI11);75.2;24008
2026-08-07;2026-08-07;PVBI11;VBI Prime Properties;67.22;54008
2026-08-07;2026-08-07;RBRR11;RBR Rendimento High Grade;76.33;44956
2026-08-07;2026-08-07;RBRY11;RBR Alpha Multiestratégia;84.6;35696
2026-08-07;2026-08-07;RECR11;REC Recebíveis Imobiliários;78.51;49560
2026-08-07;2026-08-07;TGAR11;TG Ativo Real;47.67;67068
2026-08-07;2026-08-07;TRXF11;TRX Real Estate;85.9;385956
2026-08-07;2026-08-07;VISC11;Vinci Shopping Centers;103.93;30733
2026-08-07;2026-08-07;VRTA11;Fator Verità;70.29;19167
2026-08-07;2026-08-07;XPLG11;XP Log;91.96;47560
2026-08-07;2026-08-07;XPML11;XP Malls;104.55;93408
2026-08-10;2026-08-10;ALZR11;Alianza Trust Renda Imobiliária;9.91;295627
2026-08-10;2026-08-10;BCIA11;Brasil Capital Real Estate FoF;87.5;2504
2026-08-10;2026-08-10;BRCO11;Bresco Logística;112.7;30656
2026-08-10;2026-08-10;BTLG11;BTG Pactual Logística;100.48;150614
2026-08-10;2026-08-10;CPTS11;Capitânia Securities II;7.5;656729
2026-08-10;2026-08-10;GGRC11;GGR Covepi Renda;9.65;7484820
2026-08-10;2026-08-10;HGBS11;CSHG Brasil Shopping;18.95;158026
2026-08-10;2026-08-10;HGCR11;CSHG Recebíveis Imobiliários;90.66;49751
2026-08-10;2026-08-10;HGLG11;CSHG Logística;146.2;131662
2026-08-10;2026-08-10;HGRE11;CSHG Real Estate;116.27;18930
2026-08-10;2026-08-10;HGRU11;CSHG Renda Urbana;116.28;147437
2026-08-10;2026-08-10;HSML11;HSI Malls;83.42;35920
2026-08-10;2026-08-10;KNCR11;Kinea Rendimentos Imobiliários;105.98;229971
2026-08-10;2026-08-10;KNIP11;Kinea Índices de Preços;90.4;84798
2026-08-10;2026-08-10;KNRI11;Kinea Renda Imobiliária;150.7;56972
2026-08-10;2026-08-10;KNSC11;Kinea Securities;8.99;613265
2026-08-10;2026-08-10;MCCI11;Mauá Capital Recebíveis Imobiliários;92.7;63391
2026-08-10;2026-08-10;MXRF11;Maxi Renda;9.44;1250795
2026-08-10;2026-08-10;PCIP11;Patria Crédito Imobiliário (ex-CVBI11);75.1;36461
2026-08-10;2026-08-10;PVBI11;VBI Prime Properties;65.5;58386
2026-08-10;2026-08-10;RBRR11;RBR Rendimento High Grade;75.85;54173
2026-08-10;2026-08-10;RBRY11;RBR Alpha Multiestratégia;83.76;63062
2026-08-10;2026-08-10;RECR11;REC Recebíveis Imobiliários;75.99;48705
2026-08-10;2026-08-10;TGAR11;TG Ativo Real;46.98;92419
2026-08-10;2026-08-10;TRXF11;TRX Real Estate;82.55;690973
2026-08-10;2026-08-10;VISC11;Vinci Shopping Centers;103.5;44180
2026-08-10;2026-08-10;VRTA11;Fator Verità;70.0;25821
2026-08-10;2026-08-10;XPLG11;XP Log;91.0;74497
2026-08-10;2026-08-10;XPML11;XP Malls;103.62;154683
2026-08-11;2026-08-11;ALZR11;Alianza Trust Renda Imobiliária;9.87;257409
2026-08-11;2026-08-11;BCIA11;Brasil Capital Real Estate FoF;86.72;2423
2026-08-11;2026-08-11;BRCO11;Bresco Logística;111.9;27565
2026-08-11;2026-08-11;BTLG11;BTG Pactual Logística;100.38;104531
2026-08-11;2026-08-11;CPTS11;Capitânia Securities II;7.44;883922
2026-08-11;2026-08-11;GGRC11;GGR Covepi Renda;9.59;1519087
2026-08-11;2026-08-11;HGBS11;CSHG Brasil Shopping;18.81;150479
2026-08-11;2026-08-11;HGCR11;CSHG Recebíveis Imobiliários;89.67;39713
2026-08-11;2026-08-11;HGLG11;CSHG Logística;145.55;111909
2026-08-11;2026-08-11;HGRE11;CSHG Real Estate;114.36;20883
2026-08-11;2026-08-11;HGRU11;CSHG Renda Urbana;116.8;65258
2026-08-11;2026-08-11;HSML11;HSI Malls;82.97;27167
2026-08-11;2026-08-11;KNCR11;Kinea Rendimentos Imobiliários;105.6;161261
2026-08-11;2026-08-11;KNIP11;Kinea Índices de Preços;89.4;81188
2026-08-11;2026-08-11;KNRI11;Kinea Renda Imobiliária;152.18;40656
2026-08-11;2026-08-11;KNSC11;Kinea Securities;8.96;530845
2026-08-11;2026-08-11;MCCI11;Mauá Capital Recebíveis Imobiliários;93.0;31150
2026-08-11;2026-08-11;MXRF11;Maxi Renda;9.35;1496606
2026-08-11;2026-08-11;PCIP11;Patria Crédito Imobiliário (ex-CVBI11);73.76;31073
2026-08-11;2026-08-11;PVBI11;VBI Prime Properties;65.34;65946
2026-08-11;2026-08-11;RBRR11;RBR Rendimento High Grade;75.44;40373
2026-08-11;2026-08-11;RBRY11;RBR Alpha Multiestratégia;82.2;71036
2026-08-11;2026-08-11;RECR11;REC Recebíveis Imobiliários;75.07;40447
2026-08-11;2026-08-11;TGAR11;TG Ativo Real;45.91;91209
2026-08-11;2026-08-11;TRXF11;TRX Real Estate;81.91;335902
2026-08-11;2026-08-11;VISC11;Vinci Shopping Centers;103.24;33126
2026-08-11;2026-08-11;VRTA11;Fator Verità;69.6;25085
2026-08-11;2026-08-11;XPLG11;XP Log;89.91;66316
2026-08-11;2026-08-11;XPML11;XP Malls;103.61;131922
2026-08-12;2026-08-12;ALZR11;Alianza Trust Renda Imobiliária;9.86;359403
2026-08-12;2026-08-12;BCIA11;Brasil Capital Real Estate FoF;86.22;4729
2026-08-12;2026-08-12;BRCO11;Bresco Logística;111.86;29929
2026-08-12;2026-08-12;BTLG11;BTG Pactual Logística;100.05;127222
2026-08-12;2026-08-12;CPTS11;Capitânia Securities II;7.45;1456467
2026-08-12;2026-08-12;GGRC11;GGR Covepi Renda;9.5;1688159
2026-08-12;2026-08-12;HGBS11;CSHG Brasil Shopping;18.78;183169
2026-08-12;2026-08-12;HGCR11;CSHG Recebíveis Imobiliários;89.53;19449
2026-08-12;2026-08-12;HGLG11;CSHG Logística;145.98;108594
2026-08-12;2026-08-12;HGRE11;CSHG Real Estate;116.01;12577
2026-08-12;2026-08-12;HGRU11;CSHG Renda Urbana;116.2;53304
2026-08-12;2026-08-12;HSML11;HSI Malls;83.57;32761
2026-08-12;2026-08-12;KNCR11;Kinea Rendimentos Imobiliários;105.71;165568
2026-08-12;2026-08-12;KNIP11;Kinea Índices de Preços;88.99;124748
2026-08-12;2026-08-12;KNRI11;Kinea Renda Imobiliária;151.39;65032
2026-08-12;2026-08-12;KNSC11;Kinea Securities;8.98;440829
2026-08-12;2026-08-12;MCCI11;Mauá Capital Recebíveis Imobiliários;92.85;34610
2026-08-12;2026-08-12;MXRF11;Maxi Renda;9.33;1256125
2026-08-12;2026-08-12;PCIP11;Patria Crédito Imobiliário (ex-CVBI11);73.44;39760
2026-08-12;2026-08-12;PVBI11;VBI Prime Properties;66.31;45860
2026-08-12;2026-08-12;RBRR11;RBR Rendimento High Grade;74.31;37067
2026-08-12;2026-08-12;RBRY11;RBR Alpha Multiestratégia;81.25;62917
2026-08-12;2026-08-12;RECR11;REC Recebíveis Imobiliários;75.5;47577
2026-08-12;2026-08-12;TGAR11;TG Ativo Real;45.5;58594
2026-08-12;2026-08-12;TRXF11;TRX Real Estate;81.35;410416
2026-08-12;2026-08-12;VISC11;Vinci Shopping Centers;103.03;36045
2026-08-12;2026-08-12;VRTA11;Fator Verità;69.49;19473
2026-08-12;2026-08-12;XPLG11;XP Log;90.02;75532
2026-08-12;2026-08-12;XPML11;XP Malls;103.11;174858
2026-08-13;2026-08-13;ALZR11;Alianza Trust Renda Imobiliária;9.85;404161
2026-08-13;2026-08-13;BCIA11;Brasil Capital Real Estate FoF;86.98;4644
2026-08-13;2026-08-13;BRCO11;Bresco Logística;111.17;29572
2026-08-13;2026-08-13;BTLG11;BTG Pactual Logística;99.88;146461
2026-08-13;2026-08-13;CPTS11;Capitânia Securities II;7.43;1370533
2026-08-13;2026-08-13;GGRC11;GGR Covepi Renda;9.39;1878626
2026-08-13;2026-08-13;HGBS11;CSHG Brasil Shopping;18.66;152393
2026-08-13;2026-08-13;HGCR11;CSHG Recebíveis Imobiliários;89.42;25081
2026-08-13;2026-08-13;HGLG11;CSHG Logística;146.1;95867
2026-08-13;2026-08-13;HGRE11;CSHG Real Estate;114.95;14919
2026-08-13;2026-08-13;HGRU11;CSHG Renda Urbana;115.85;52502
2026-08-13;2026-08-13;HSML11;HSI Malls;83.1;26016
2026-08-13;2026-08-13;KNCR11;Kinea Rendimentos Imobiliários;105.84;145385
2026-08-13;2026-08-13;KNIP11;Kinea Índices de Preços;88.05;100269
2026-08-13;2026-08-13;KNRI11;Kinea Renda Imobiliária;150.95;43943
2026-08-13;2026-08-13;KNSC11;Kinea Securities;8.95;632990
2026-08-13;2026-08-13;MCCI11;Mauá Capital Recebíveis Imobiliários;91.1;39970
2026-08-13;2026-08-13;MXRF11;Maxi Renda;9.29;1098843
2026-08-13;2026-08-13;PCIP11;Patria Crédito Imobiliário (ex-CVBI11);72.2;26977
2026-08-13;2026-08-13;PVBI11;VBI Prime Properties;65.26;60298
2026-08-13;2026-08-13;RBRR11;RBR Rendimento High Grade;73.39;40772
2026-08-13;2026-08-13;RBRY11;RBR Alpha Multiestratégia;80.15;29978
2026-08-13;2026-08-13;RECR11;REC Recebíveis Imobiliários;74.36;40440
2026-08-13;2026-08-13;TGAR11;TG Ativo Real;45.19;56915
2026-08-13;2026-08-13;TRXF11;TRX Real Estate;78.91;528692
2026-08-13;2026-08-13;VISC11;Vinci Shopping Centers;102.79;30831
2026-08-13;2026-08-13;VRTA11;Fator Verità;69.06;16958
2026-08-13;2026-08-13;XPLG11;XP Log;89.8;59206
2026-08-13;2026-08-13;XPML11;XP Malls;102.72;136652
2026-08-14;2026-08-14;ALZR11;Alianza Trust Renda Imobiliária;9.82;288441
2026-08-14;2026-08-14;BCIA11;Brasil Capital Real Estate FoF;86.0;5655
2026-08-14;2026-08-14;BRCO11;Bresco Logística;110.75;37017
2026-08-14;2026-08-14;BTLG11;BTG Pactual Logística;99.97;150752
2026-08-14;2026-08-14;CPTS11;Capitânia Securities II;7.44;1395381
2026-08-14;2026-08-14;GGRC11;GGR Covepi Renda;9.37;2390702
2026-08-14;2026-08-14;HGBS11;CSHG Brasil Shopping;18.5;207148
2026-08-14;2026-08-14;HGCR11;CSHG Recebíveis Imobiliários;89.19;35416
2026-08-14;2026-08-14;HGLG11;CSHG Logística;145.83;118369
2026-08-14;2026-08-14;HGRE11;CSHG Real Estate;114.95;17704
2026-08-14;2026-08-14;HGRU11;CSHG Renda Urbana;115.57;57516
2026-08-14;2026-08-14;HSML11;HSI Malls;82.24;40346
2026-08-14;2026-08-14;KNCR11;Kinea Rendimentos Imobiliários;105.53;255544
2026-08-14;2026-08-14;KNIP11;Kinea Índices de Preços;89.25;118246
2026-08-14;2026-08-14;KNRI11;Kinea Renda Imobiliária;150.8;38923
2026-08-14;2026-08-14;KNSC11;Kinea Securities;8.92;616888
2026-08-14;2026-08-14;MCCI11;Mauá Capital Recebíveis Imobiliários;90.9;37270
2026-08-14;2026-08-14;MXRF11;Maxi Renda;9.34;1565724
2026-08-14;2026-08-14;PCIP11;Patria Crédito Imobiliário (ex-CVBI11);72.0;27148
2026-08-14;2026-08-14;PVBI11;VBI Prime Properties;65.19;43292
2026-08-14;2026-08-14;RBRR11;RBR Rendimento High Grade;73.56;45049
2026-08-14;2026-08-14;RBRY11;RBR Alpha Multiestratégia;80.72;48627
2026-08-14;2026-08-14;RECR11;REC Recebíveis Imobiliários;75.1;45399
2026-08-14;2026-08-14;TGAR11;TG Ativo Real;44.6;67162
2026-08-14;2026-08-14;TRXF11;TRX Real Estate;79.22;536699
2026-08-14;2026-08-14;VISC11;Vinci Shopping Centers;102.37;44011
2026-08-14;2026-08-14;VRTA11;Fator Verità;69.46;24912
2026-08-14;2026-08-14;XPLG11;XP Log;89.5;116955
2026-08-14;2026-08-14;XPML11;XP Malls;101.25;213277
2026-08-17;2026-08-17;ALZR11;Alianza Trust Renda Imobiliária;9.77;379899
2026-08-17;2026-08-17;BCIA11;Brasil Capital Real Estate FoF;84.02;5004
2026-08-17;2026-08-17;BRCO11;Bresco Logística;109.72;65763
2026-08-17;2026-08-17;BTLG11;BTG Pactual Logística;98.31;258403
2026-08-17;2026-08-17;CPTS11;Capitânia Securities II;7.3;1062830
2026-08-17;2026-08-17;GGRC11;GGR Covepi Renda;9.09;2924484
2026-08-17;2026-08-17;HGBS11;CSHG Brasil Shopping;18.48;282967
2026-08-17;2026-08-17;HGCR11;CSHG Recebíveis Imobiliários;88.49;31873
2026-08-17;2026-08-17;HGLG11;CSHG Logística;145.11;167550
2026-08-17;2026-08-17;HGRE11;CSHG Real Estate;112.45;22354
2026-08-17;2026-08-17;HGRU11;CSHG Renda Urbana;114.63;72742
2026-08-17;2026-08-17;HSML11;HSI Malls;82.72;40336
2026-08-17;2026-08-17;KNCR11;Kinea Rendimentos Imobiliários;105.24;251430
2026-08-17;2026-08-17;KNIP11;Kinea Índices de Preços;88.17;76880
2026-08-17;2026-08-17;KNRI11;Kinea Renda Imobiliária;149.12;52414
2026-08-17;2026-08-17;KNSC11;Kinea Securities;8.87;1169667
2026-08-17;2026-08-17;MCCI11;Mauá Capital Recebíveis Imobiliários;90.17;36633
2026-08-17;2026-08-17;MXRF11;Maxi Renda;9.24;1929616
2026-08-17;2026-08-17;PCIP11;Patria Crédito Imobiliário (ex-CVBI11);70.41;49292
2026-08-17;2026-08-17;PVBI11;VBI Prime Properties;63.99;70848
2026-08-17;2026-08-17;RBRR11;RBR Rendimento High Grade;73.0;53010
2026-08-17;2026-08-17;RBRY11;RBR Alpha Multiestratégia;79.9;39874
2026-08-17;2026-08-17;RECR11;REC Recebíveis Imobiliários;74.52;70755
2026-08-17;2026-08-17;TGAR11;TG Ativo Real;44.15;75361
2026-08-17;2026-08-17;TRXF11;TRX Real Estate;78.5;566367
2026-08-17;2026-08-17;VISC11;Vinci Shopping Centers;101.07;53153
2026-08-17;2026-08-17;VRTA11;Fator Verità;68.54;37992
2026-08-17;2026-08-17;XPLG11;XP Log;88.45;115680
2026-08-17;2026-08-17;XPML11;XP Malls;100.84;244163
2026-08-18;2026-08-18;ALZR11;Alianza Trust Renda Imobiliária;9.76;299503
2026-08-18;2026-08-18;BCIA11;Brasil Capital Real Estate FoF;86.13;11024
2026-08-18;2026-08-18;BRCO11;Bresco Logística;110.9;53806
2026-08-18;2026-08-18;BTLG11;BTG Pactual Logística;97.7;268210
2026-08-18;2026-08-18;CPTS11;Capitânia Securities II;7.34;907365
2026-08-18;2026-08-18;GGRC11;GGR Covepi Renda;9.09;2185184
2026-08-18;2026-08-18;HGBS11;CSHG Brasil Shopping;18.6;190699
2026-08-18;2026-08-18;HGCR11;CSHG Recebíveis Imobiliários;89.0;23849
2026-08-18;2026-08-18;HGLG11;CSHG Logística;145.11;137207
2026-08-18;2026-08-18;HGRE11;CSHG Real Estate;114.67;22022
2026-08-18;2026-08-18;HGRU11;CSHG Renda Urbana;114.7;82839
2026-08-18;2026-08-18;HSML11;HSI Malls;82.01;45909
2026-08-18;2026-08-18;KNCR11;Kinea Rendimentos Imobiliários;106.2;187082
2026-08-18;2026-08-18;KNIP11;Kinea Índices de Preços;89.3;100963
2026-08-18;2026-08-18;KNRI11;Kinea Renda Imobiliária;152.0;57588
2026-08-18;2026-08-18;KNSC11;Kinea Securities;8.94;764089
2026-08-18;2026-08-18;MCCI11;Mauá Capital Recebíveis Imobiliários;91.1;56543
2026-08-18;2026-08-18;MXRF11;Maxi Renda;9.25;1619273
2026-08-18;2026-08-18;PCIP11;Patria Crédito Imobiliário (ex-CVBI11);70.44;42333
2026-08-18;2026-08-18;PVBI11;VBI Prime Properties;65.25;47828
2026-08-18;2026-08-18;RBRR11;RBR Rendimento High Grade;72.8;57940
2026-08-18;2026-08-18;RBRY11;RBR Alpha Multiestratégia;79.7;36336
2026-08-18;2026-08-18;RECR11;REC Recebíveis Imobiliários;75.41;48814
2026-08-18;2026-08-18;TGAR11;TG Ativo Real;45.23;87604
2026-08-18;2026-08-18;TRXF11;TRX Real Estate;78.34;382796
2026-08-18;2026-08-18;VISC11;Vinci Shopping Centers;101.26;54496
2026-08-18;2026-08-18;VRTA11;Fator Verità;68.8;37782
2026-08-18;2026-08-18;XPLG11;XP Log;88.93;102365
2026-08-18;2026-08-18;XPML11;XP Malls;100.99;168852
2026-08-19;2026-08-19;ALZR11;Alianza Trust Renda Imobiliária;9.84;410167
2026-08-19;2026-08-19;BCIA11;Brasil Capital Real Estate FoF;86.2;1711
2026-08-19;2026-08-19;BRCO11;Bresco Logística;111.3;38468
2026-08-19;2026-08-19;BTLG11;BTG Pactual Logística;98.36;209372
2026-08-19;2026-08-19;CPTS11;Capitânia Securities II;7.37;1407048
2026-08-19;2026-08-19;GGRC11;GGR Covepi Renda;9.12;2026817
2026-08-19;2026-08-19;HGBS11;CSHG Brasil Shopping;18.59;234553
2026-08-19;2026-08-19;HGCR11;CSHG Recebíveis Imobiliários;91.15;35474
2026-08-19;2026-08-19;HGLG11;CSHG Logística;145.9;131172
2026-08-19;2026-08-19;HGRE11;CSHG Real Estate;114.76;20909
2026-08-19;2026-08-19;HGRU11;CSHG Renda Urbana;114.5;75098
2026-08-19;2026-08-19;HSML11;HSI Malls;83.0;28128
2026-08-19;2026-08-19;KNCR11;Kinea Rendimentos Imobiliários;106.57;167203
2026-08-19;2026-08-19;KNIP11;Kinea Índices de Preços;89.94;94635
2026-08-19;2026-08-19;KNRI11;Kinea Renda Imobiliária;153.48;66189
2026-08-19;2026-08-19;KNSC11;Kinea Securities;9.0;571840
2026-08-19;2026-08-19;MCCI11;Mauá Capital Recebíveis Imobiliários;92.45;36904
2026-08-19;2026-08-19;MXRF11;Maxi Renda;9.29;1899639
2026-08-19;2026-08-19;PCIP11;Patria Crédito Imobiliário (ex-CVBI11);70.34;48501
2026-08-19;2026-08-19;PVBI11;VBI Prime Properties;65.2;46621
2026-08-19;2026-08-19;RBRR11;RBR Rendimento High Grade;73.43;49404
2026-08-19;2026-08-19;RBRY11;RBR Alpha Multiestratégia;78.2;91904
2026-08-19;2026-08-19;RECR11;REC Recebíveis Imobiliários;76.39;28529
2026-08-19;2026-08-19;TGAR11;TG Ativo Real;45.3;98739
2026-08-19;2026-08-19;TRXF11;TRX Real Estate;78.24;319170
2026-08-19;2026-08-19;VISC11;Vinci Shopping Centers;101.0;52688
2026-08-19;2026-08-19;VRTA11;Fator Verità;69.3;17889
2026-08-19;2026-08-19;XPLG11;XP Log;89.5;85634
2026-08-19;2026-08-19;XPML11;XP Malls;98.24;835831
2026-08-20;2026-08-20;ALZR11;Alianza Trust Renda Imobiliária;9.8;390196
2026-08-20;2026-08-20;BCIA11;Brasil Capital Real Estate FoF;86.15;3119
2026-08-20;2026-08-20;BRCO11;Bresco Logística;109.95;37585
2026-08-20;2026-08-20;BTLG11;BTG Pactual Logística;97.4;177980
2026-08-20;2026-08-20;CPTS11;Capitânia Securities II;7.26;1090018
2026-08-20;2026-08-20;GGRC11;GGR Covepi Renda;9.07;2064563
2026-08-20;2026-08-20;HGBS11;CSHG Brasil Shopping;18.46;209174
2026-08-20;2026-08-20;HGCR11;CSHG Recebíveis Imobiliários;91.98;124691
2026-08-20;2026-08-20;HGLG11;CSHG Logística;145.2;80444
2026-08-20;2026-08-20;HGRE11;CSHG Real Estate;113.76;15804
2026-08-20;2026-08-20;HGRU11;CSHG Renda Urbana;113.09;68424
2026-08-20;2026-08-20;HSML11;HSI Malls;82.27;76218
2026-08-20;2026-08-20;KNCR11;Kinea Rendimentos Imobiliários;106.0;212908
2026-08-20;2026-08-20;KNIP11;Kinea Índices de Preços;88.62;62516
2026-08-20;2026-08-20;KNRI11;Kinea Renda Imobiliária;153.97;51833
2026-08-20;2026-08-20;KNSC11;Kinea Securities;8.96;494151
2026-08-20;2026-08-20;MCCI11;Mauá Capital Recebíveis Imobiliários;92.61;119760
2026-08-20;2026-08-20;MXRF11;Maxi Renda;9.22;1601135
2026-08-20;2026-08-20;PCIP11;Patria Crédito Imobiliário (ex-CVBI11);69.31;29560
2026-08-20;2026-08-20;PVBI11;VBI Prime Properties;64.6;46517
2026-08-20;2026-08-20;RBRR11;RBR Rendimento High Grade;73.9;45824
2026-08-20;2026-08-20;RBRY11;RBR Alpha Multiestratégia;75.6;134222
2026-08-20;2026-08-20;RECR11;REC Recebíveis Imobiliários;74.78;32757
2026-08-20;2026-08-20;TGAR11;TG Ativo Real;43.0;123213
2026-08-20;2026-08-20;TRXF11;TRX Real Estate;74.0;834816
2026-08-20;2026-08-20;VISC11;Vinci Shopping Centers;101.5;41317
2026-08-20;2026-08-20;VRTA11;Fator Verità;68.2;29011
2026-08-20;2026-08-20;XPLG11;XP Log;88.82;76319
2026-08-20;2026-08-20;XPML11;XP Malls;97.89;258625
2026-08-21;2026-08-21;ALZR11;Alianza Trust Renda Imobiliária;9.97;359951
2026-08-21;2026-08-21;BCIA11;Brasil Capital Real Estate FoF;86.8;2103
2026-08-21;2026-08-21;BRCO11;Bresco Logística;111.84;45273
2026-08-21;2026-08-21;BTLG11;BTG Pactual Logística;98.37;158569
2026-08-21;2026-08-21;CPTS11;Capitânia Securities II;7.34;1544423
2026-08-21;2026-08-21;GGRC11;GGR Covepi Renda;9.06;2622565
2026-08-21;2026-08-21;HGBS11;CSHG Brasil Shopping;18.6;249610
2026-08-21;2026-08-21;HGCR11;CSHG Recebíveis Imobiliários;91.94;50354
2026-08-21;2026-08-21;HGLG11;CSHG Logística;147.21;89316
2026-08-21;2026-08-21;HGRE11;CSHG Real Estate;115.42;17252
2026-08-21;2026-08-21;HGRU11;CSHG Renda Urbana;114.99;71258
2026-08-21;2026-08-21;HSML11;HSI Malls;83.52;76437
2026-08-21;2026-08-21;KNCR11;Kinea Rendimentos Imobiliários;106.6;206913
2026-08-21;2026-08-21;KNIP11;Kinea Índices de Preços;89.3;90084
2026-08-21;2026-08-21;KNRI11;Kinea Renda Imobiliária;155.48;44674
2026-08-21;2026-08-21;KNSC11;Kinea Securities;9.01;460611
2026-08-21;2026-08-21;MCCI11;Mauá Capital Recebíveis Imobiliários;93.38;56398
2026-08-21;2026-08-21;MXRF11;Maxi Renda;9.26;2037389
2026-08-21;2026-08-21;PCIP11;Patria Crédito Imobiliário (ex-CVBI11);72.2;56173
2026-08-21;2026-08-21;PVBI11;VBI Prime Properties;66.66;54646
2026-08-21;2026-08-21;RBRR11;RBR Rendimento High Grade;75.0;58896
2026-08-21;2026-08-21;RBRY11;RBR Alpha Multiestratégia;76.87;60997
2026-08-21;2026-08-21;RECR11;REC Recebíveis Imobiliários;75.44;34623
2026-08-21;2026-08-21;TGAR11;TG Ativo Real;43.9;102364
2026-08-21;2026-08-21;TRXF11;TRX Real Estate;71.8;1230927
2026-08-21;2026-08-21;VISC11;Vinci Shopping Centers;101.7;50519
2026-08-21;2026-08-21;VRTA11;Fator Verità;69.75;33741
2026-08-21;2026-08-21;XPLG11;XP Log;90.0;82298
2026-08-21;2026-08-21;XPML11;XP Malls;98.4;219699
2026-08-24;2026-08-24;ALZR11;Alianza Trust Renda Imobiliária;9.87;319259
2026-08-24;2026-08-24;BCIA11;Brasil Capital Real Estate FoF;86.9;3747
2026-08-24;2026-08-24;BRCO11;Bresco Logística;112.45;36170
2026-08-24;2026-08-24;BTLG11;BTG Pactual Logística;98.1;156507
2026-08-24;2026-08-24;CPTS11;Capitânia Securities II;7.36;898544
2026-08-24;2026-08-24;GGRC11;GGR Covepi Renda;9.0;3168287
2026-08-24;2026-08-24;HGBS11;CSHG Brasil Shopping;18.52;201566
2026-08-24;2026-08-24;HGCR11;CSHG Recebíveis Imobiliários;92.09;24604
2026-08-24;2026-08-24;HGLG11;CSHG Logística;147.55;140237
2026-08-24;2026-08-24;HGRE11;CSHG Real Estate;116.61;14799
2026-08-24;2026-08-24;HGRU11;CSHG Renda Urbana;114.38;84020
2026-08-24;2026-08-24;HSML11;HSI Malls;83.55;31076
2026-08-24;2026-08-24;KNCR11;Kinea Rendimentos Imobiliários;106.98;182202
2026-08-24;2026-08-24;KNIP11;Kinea Índices de Preços;89.59;69017
2026-08-24;2026-08-24;KNRI11;Kinea Renda Imobiliária;154.0;33888
2026-08-24;2026-08-24;KNSC11;Kinea Securities;9.0;659932
2026-08-24;2026-08-24;MCCI11;Mauá Capital Recebíveis Imobiliários;93.82;52801
2026-08-24;2026-08-24;MXRF11;Maxi Renda;9.2;2814423
2026-08-24;2026-08-24;PCIP11;Patria Crédito Imobiliário (ex-CVBI11);73.02;74333
2026-08-24;2026-08-24;PVBI11;VBI Prime Properties;66.83;55747
2026-08-24;2026-08-24;RBRR11;RBR Rendimento High Grade;74.0;71429
2026-08-24;2026-08-24;RBRY11;RBR Alpha Multiestratégia;78.1;44276
2026-08-24;2026-08-24;RECR11;REC Recebíveis Imobiliários;75.0;28218
2026-08-24;2026-08-24;TGAR11;TG Ativo Real;42.85;112008
2026-08-24;2026-08-24;TRXF11;TRX Real Estate;70.65;979465
2026-08-24;2026-08-24;VISC11;Vinci Shopping Centers;101.04;49941
2026-08-24;2026-08-24;VRTA11;Fator Verità;70.19;15729
2026-08-24;2026-08-24;XPLG11;XP Log;89.6;88451
2026-08-24;2026-08-24;XPML11;XP Malls;98.0;193053
2026-08-25;2026-08-25;ALZR11;Alianza Trust Renda Imobiliária;9.9;409790
2026-08-25;2026-08-25;BCIA11;Brasil Capital Real Estate FoF;87.45;1700
2026-08-25;2026-08-25;BRCO11;Bresco Logística;113.51;51512
2026-08-25;2026-08-25;BTLG11;BTG Pactual Logística;98.48;221721
2026-08-25;2026-08-25;CPTS11;Capitânia Securities II;7.37;621208
2026-08-25;2026-08-25;GGRC11;GGR Covepi Renda;9.1;2164614
2026-08-25;2026-08-25;HGBS11;CSHG Brasil Shopping;18.7;200960
2026-08-25;2026-08-25;HGCR11;CSHG Recebíveis Imobiliários;92.26;67328
2026-08-25;2026-08-25;HGLG11;CSHG Logística;147.24;130035
2026-08-25;2026-08-25;HGRE11;CSHG Real Estate;118.46;15342
2026-08-25;2026-08-25;HGRU11;CSHG Renda Urbana;114.35;75365
2026-08-25;2026-08-25;HSML11;HSI Malls;83.62;43114
2026-08-25;2026-08-25;KNCR11;Kinea Rendimentos Imobiliários;107.08;187418
2026-08-25;2026-08-25;KNIP11;Kinea Índices de Preços;90.35;161370
2026-08-25;2026-08-25;KNRI11;Kinea Renda Imobiliária;156.0;36227
2026-08-25;2026-08-25;KNSC11;Kinea Securities;9.01;716288
2026-08-25;2026-08-25;MCCI11;Mauá Capital Recebíveis Imobiliários;94.56;69410
2026-08-25;2026-08-25;MXRF11;Maxi Renda;9.23;2337260
2026-08-25;2026-08-25;PCIP11;Patria Crédito Imobiliário (ex-CVBI11);73.35;41869
2026-08-25;2026-08-25;PVBI11;VBI Prime Properties;67.35;63200
2026-08-25;2026-08-25;RBRR11;RBR Rendimento High Grade;73.96;76156
2026-08-25;2026-08-25;RBRY11;RBR Alpha Multiestratégia;78.75;49501
2026-08-25;2026-08-25;RECR11;REC Recebíveis Imobiliários;76.89;31217
2026-08-25;2026-08-25;TGAR11;TG Ativo Real;43.41;96328
2026-08-25;2026-08-25;TRXF11;TRX Real Estate;70.93;718906
2026-08-25;2026-08-25;VISC11;Vinci Shopping Centers;102.28;54480
2026-08-25;2026-08-25;VRTA11;Fator Verità;71.0;20482
2026-08-25;2026-08-25;XPLG11;XP Log;90.84;160154
2026-08-25;2026-08-25;XPML11;XP Malls;98.99;207648
2026-08-26;2026-08-26;ALZR11;Alianza Trust Renda Imobiliária;9.91;349555
2026-08-26;2026-08-26;BCIA11;Brasil Capital Real Estate FoF;88.01;2411
2026-08-26;2026-08-26;BRCO11;Bresco Logística;113.5;28373
2026-08-26;2026-08-26;BTLG11;BTG Pactual Logística;97.97;179044
2026-08-26;2026-08-26;CPTS11;Capitânia Securities II;7.43;1126838
2026-08-26;2026-08-26;GGRC11;GGR Covepi Renda;9.04;1380562
2026-08-26;2026-08-26;HGBS11;CSHG Brasil Shopping;18.57;418430
2026-08-26;2026-08-26;HGCR11;CSHG Recebíveis Imobiliários;91.99;26956
2026-08-26;2026-08-26;HGLG11;CSHG Logística;147.66;129235
2026-08-26;2026-08-26;HGRE11;CSHG Real Estate;113.5;54812
2026-08-26;2026-08-26;HGRU11;CSHG Renda Urbana;114.0;94839
2026-08-26;2026-08-26;HSML11;HSI Malls;84.21;30887
2026-08-26;2026-08-26;KNCR11;Kinea Rendimentos Imobiliários;107.0;172403
2026-08-26;2026-08-26;KNIP11;Kinea Índices de Preços;90.33;70852
2026-08-26;2026-08-26;KNRI11;Kinea Renda Imobiliária;155.72;44073
2026-08-26;2026-08-26;KNSC11;Kinea Securities;9.04;540920
2026-08-26;2026-08-26;MCCI11;Mauá Capital Recebíveis Imobiliários;94.51;53804
2026-08-26;2026-08-26;MXRF11;Maxi Renda;9.23;1946123
2026-08-26;2026-08-26;PCIP11;Patria Crédito Imobiliário (ex-CVBI11);73.0;35250
2026-08-26;2026-08-26;PVBI11;VBI Prime Properties;67.48;37100
2026-08-26;2026-08-26;RBRR11;RBR Rendimento High Grade;74.44;71184
2026-08-26;2026-08-26;RBRY11;RBR Alpha Multiestratégia;79.41;44317
2026-08-26;2026-08-26;RECR11;REC Recebíveis Imobiliários;76.64;24492
2026-08-26;2026-08-26;TGAR11;TG Ativo Real;44.15;72973
2026-08-26;2026-08-26;TRXF11;TRX Real Estate;70.11;571130
2026-08-26;2026-08-26;VISC11;Vinci Shopping Centers;101.7;57286
2026-08-26;2026-08-26;VRTA11;Fator Verità;71.77;11293
2026-08-26;2026-08-26;XPLG11;XP Log;90.6;62244
2026-08-26;2026-08-26;XPML11;XP Malls;99.0;177086
2026-08-27;2026-08-27;ALZR11;Alianza Trust Renda Imobiliária;9.9;460387
2026-08-27;2026-08-27;BCIA11;Brasil Capital Real Estate FoF;88.43;1206
2026-08-27;2026-08-27;BRCO11;Bresco Logística;113.5;21155
2026-08-27;2026-08-27;BTLG11;BTG Pactual Logística;97.92;192401
2026-08-27;2026-08-27;CPTS11;Capitânia Securities II;7.4;481582
2026-08-27;2026-08-27;GGRC11;GGR Covepi Renda;9.08;1552522
2026-08-27;2026-08-27;HGBS11;CSHG Brasil Shopping;18.57;217743
2026-08-27;2026-08-27;HGCR11;CSHG Recebíveis Imobiliários;92.98;19053
2026-08-27;2026-08-27;HGLG11;CSHG Logística;148.06;106917
2026-08-27;2026-08-27;HGRE11;CSHG Real Estate;115.62;19491
2026-08-27;2026-08-27;HGRU11;CSHG Renda Urbana;114.69;53831
2026-08-27;2026-08-27;HSML11;HSI Malls;84.2;34977
2026-08-27;2026-08-27;KNCR11;Kinea Rendimentos Imobiliários;107.4;187610
2026-08-27;2026-08-27;KNIP11;Kinea Índices de Preços;90.6;62661
2026-08-27;2026-08-27;KNRI11;Kinea Renda Imobiliária;155.23;39463
2026-08-27;2026-08-27;KNSC11;Kinea Securities;9.05;593998
2026-08-27;2026-08-27;MCCI11;Mauá Capital Recebíveis Imobiliários;94.7;41185
2026-08-27;2026-08-27;MXRF11;Maxi Renda;9.24;1697979
2026-08-27;2026-08-27;PCIP11;Patria Crédito Imobiliário (ex-CVBI11);72.12;43253
2026-08-27;2026-08-27;PVBI11;VBI Prime Properties;68.41;46945
2026-08-27;2026-08-27;RBRR11;RBR Rendimento High Grade;73.79;76118
2026-08-27;2026-08-27;RBRY11;RBR Alpha Multiestratégia;79.26;34127
2026-08-27;2026-08-27;RECR11;REC Recebíveis Imobiliários;77.49;35801
2026-08-27;2026-08-27;TGAR11;TG Ativo Real;44.28;66567
2026-08-27;2026-08-27;TRXF11;TRX Real Estate;75.89;1253758
2026-08-27;2026-08-27;VISC11;Vinci Shopping Centers;102.1;56385
2026-08-27;2026-08-27;VRTA11;Fator Verità;72.38;17685
2026-08-27;2026-08-27;XPLG11;XP Log;90.64;78171
2026-08-27;2026-08-27;XPML11;XP Malls;99.9;151300
2026-08-28;2026-08-28;ALZR11;Alianza Trust Renda Imobiliária;9.92;302520
2026-08-28;2026-08-28;BCIA11;Brasil Capital Real Estate FoF;88.53;1452
2026-08-28;2026-08-28;BRCO11;Bresco Logística;113.1;33499
2026-08-28;2026-08-28;BTLG11;BTG Pactual Logística;98.91;184348
2026-08-28;2026-08-28;CPTS11;Capitânia Securities II;7.46;897754
2026-08-28;2026-08-28;GGRC11;GGR Covepi Renda;9.06;2572298
2026-08-28;2026-08-28;HGBS11;CSHG Brasil Shopping;18.53;229062
2026-08-28;2026-08-28;HGCR11;CSHG Recebíveis Imobiliários;94.86;38680
2026-08-28;2026-08-28;HGLG11;CSHG Logística;148.3;155977
2026-08-28;2026-08-28;HGRE11;CSHG Real Estate;116.4;24776
2026-08-28;2026-08-28;HGRU11;CSHG Renda Urbana;115.1;104864
2026-08-28;2026-08-28;HSML11;HSI Malls;84.36;44714
2026-08-28;2026-08-28;KNCR11;Kinea Rendimentos Imobiliários;107.59;162859
2026-08-28;2026-08-28;KNIP11;Kinea Índices de Preços;91.32;61976
2026-08-28;2026-08-28;KNRI11;Kinea Renda Imobiliária;157.0;54839
2026-08-28;2026-08-28;KNSC11;Kinea Securities;9.15;538735
2026-08-28;2026-08-28;MCCI11;Mauá Capital Recebíveis Imobiliários;94.99;61601
2026-08-28;2026-08-28;MXRF11;Maxi Renda;9.3;1740453
2026-08-28;2026-08-28;PCIP11;Patria Crédito Imobiliário (ex-CVBI11);73.66;59254
2026-08-28;2026-08-28;PVBI11;VBI Prime Properties;67.59;43929
2026-08-28;2026-08-28;RBRR11;RBR Rendimento High Grade;73.63;68574
2026-08-28;2026-08-28;RBRY11;RBR Alpha Multiestratégia;80.98;39494
2026-08-28;2026-08-28;RECR11;REC Recebíveis Imobiliários;78.44;25402
2026-08-28;2026-08-28;TGAR11;TG Ativo Real;45.37;68930
2026-08-28;2026-08-28;TRXF11;TRX Real Estate;78.31;768193
2026-08-28;2026-08-28;VISC11;Vinci Shopping Centers;102.08;39913
2026-08-28;2026-08-28;VRTA11;Fator Verità;73.3;20099
2026-08-28;2026-08-28;XPLG11;XP Log;91.28;85557
2026-08-28;2026-08-28;XPML11;XP Malls;99.9;172189
2026-08-31;2026-08-31;ALZR11;Alianza Trust Renda Imobiliária;10.0;383794
2026-08-31;2026-08-31;BCIA11;Brasil Capital Real Estate FoF;89.15;1167
2026-08-31;2026-08-31;BRCO11;Bresco Logística;113.95;35411
2026-08-31;2026-08-31;BTLG11;BTG Pactual Logística;99.1;208699
2026-08-31;2026-08-31;CPTS11;Capitânia Securities II;7.47;536368
2026-08-31;2026-08-31;GGRC11;GGR Covepi Renda;9.13;1984079
2026-08-31;2026-08-31;HGBS11;CSHG Brasil Shopping;18.69;274906
2026-08-31;2026-08-31;HGCR11;CSHG Recebíveis Imobiliários;95.3;25892
2026-08-31;2026-08-31;HGLG11;CSHG Logística;148.34;152431
2026-08-31;2026-08-31;HGRE11;CSHG Real Estate;118.47;19584
2026-08-31;2026-08-31;HGRU11;CSHG Renda Urbana;115.33;119126
2026-08-31;2026-08-31;HSML11;HSI Malls;84.63;33119
2026-08-31;2026-08-31;KNCR11;Kinea Rendimentos Imobiliários;108.09;201631
2026-08-31;2026-08-31;KNIP11;Kinea Índices de Preços;91.29;116449
2026-08-31;2026-08-31;KNRI11;Kinea Renda Imobiliária;157.5;50774
2026-08-31;2026-08-31;KNSC11;Kinea Securities;9.14;716917
2026-08-31;2026-08-31;MCCI11;Mauá Capital Recebíveis Imobiliários;95.6;69379
2026-08-31;2026-08-31;MXRF11;Maxi Renda;9.28;2975466
2026-08-31;2026-08-31;PCIP11;Patria Crédito Imobiliário (ex-CVBI11);74.82;49987
2026-08-31;2026-08-31;PVBI11;VBI Prime Properties;68.5;42198
2026-08-31;2026-08-31;RBRR11;RBR Rendimento High Grade;74.01;63358
2026-08-31;2026-08-31;RBRY11;RBR Alpha Multiestratégia;82.2;47926
2026-08-31;2026-08-31;RECR11;REC Recebíveis Imobiliários;78.71;34149
2026-08-31;2026-08-31;TGAR11;TG Ativo Real;46.37;87968
2026-08-31;2026-08-31;TRXF11;TRX Real Estate;79.3;540501
2026-08-31;2026-08-31;VISC11;Vinci Shopping Centers;102.8;75144
2026-08-31;2026-08-31;VRTA11;Fator Verità;73.62;21037
2026-08-31;2026-08-31;XPLG11;XP Log;91.74;93819
2026-08-31;2026-08-31;XPML11;XP Malls;101.81;193430
2026-09-01;2026-09-01;ALZR11;Alianza Trust Renda Imobiliária;9.95;237805
2026-09-01;2026-09-01;BCIA11;Brasil Capital Real Estate FoF;87.77;2495
2026-09-01;2026-09-01;BRCO11;Bresco Logística;111.46;61901
2026-09-01;2026-09-01;BTLG11;BTG Pactual Logística;99.0;155353
2026-09-01;2026-09-01;CPTS11;Capitânia Securities II;7.42;2276525
2026-09-01;2026-09-01;GGRC11;GGR Covepi Renda;9.2;1899172
2026-09-01;2026-09-01;HGBS11;CSHG Brasil Shopping;18.6;544762
2026-09-01;2026-09-01;HGCR11;CSHG Recebíveis Imobiliários;95.05;25409
2026-09-01;2026-09-01;HGLG11;CSHG Logística;147.0;131137
2026-09-01;2026-09-01;HGRE11;CSHG Real Estate;115.81;20863
2026-09-01;2026-09-01;HGRU11;CSHG Renda Urbana;115.5;58742
2026-09-01;2026-09-01;HSML11;HSI Malls;82.16;114489
2026-09-01;2026-09-01;KNCR11;Kinea Rendimentos Imobiliários;106.36;242547
2026-09-01;2026-09-01;KNIP11;Kinea Índices de Preços;89.56;142205
2026-09-01;2026-09-01;KNRI11;Kinea Renda Imobiliária;153.97;74575
2026-09-01;2026-09-01;KNSC11;Kinea Securities;9.02;789303
2026-09-01;2026-09-01;MCCI11;Mauá Capital Recebíveis Imobiliários;94.81;84245
2026-09-01;2026-09-01;MXRF11;Maxi Renda;9.21;1648660
2026-09-01;2026-09-01;PCIP11;Patria Crédito Imobiliário (ex-CVBI11);74.33;59336
2026-09-01;2026-09-01;PVBI11;VBI Prime Properties;65.45;134942
2026-09-01;2026-09-01;RBRR11;RBR Rendimento High Grade;73.27;134378
2026-09-01;2026-09-01;RBRY11;RBR Alpha Multiestratégia;82.9;35087
2026-09-01;2026-09-01;RECR11;REC Recebíveis Imobiliários;77.85;35101
2026-09-01;2026-09-01;TGAR11;TG Ativo Real;44.31;100542
2026-09-01;2026-09-01;TRXF11;TRX Real Estate;75.66;517504
2026-09-01;2026-09-01;VISC11;Vinci Shopping Centers;102.93;108434
2026-09-01;2026-09-01;VRTA11;Fator Verità;71.98;25488
2026-09-01;2026-09-01;XPLG11;XP Log;91.15;115641
2026-09-01;2026-09-01;XPML11;XP Malls;102.5;132374
2026-09-02;2026-09-02;ALZR11;Alianza Trust Renda Imobiliária;9.95;251846
2026-09-02;2026-09-02;BCIA11;Brasil Capital Real Estate FoF;88.55;2385
2026-09-02;2026-09-02;BRCO11;Bresco Logística;111.18;89440
2026-09-02;2026-09-02;BTLG11;BTG Pactual Logística;98.98;174597
2026-09-02;2026-09-02;CPTS11;Capitânia Securities II;7.51;973618
2026-09-02;2026-09-02;GGRC11;GGR Covepi Renda;9.0;1787148
2026-09-02;2026-09-02;HGBS11;CSHG Brasil Shopping;18.67;255630
2026-09-02;2026-09-02;HGCR11;CSHG Recebíveis Imobiliários;95.9;28490
2026-09-02;2026-09-02;HGLG11;CSHG Logística;147.82;134782
2026-09-02;2026-09-02;HGRE11;CSHG Real Estate;118.4;13772
2026-09-02;2026-09-02;HGRU11;CSHG Renda Urbana;114.12;116851
2026-09-02;2026-09-02;HSML11;HSI Malls;81.37;88922
2026-09-02;2026-09-02;KNCR11;Kinea Rendimentos Imobiliários;106.4;229726
2026-09-02;2026-09-02;KNIP11;Kinea Índices de Preços;90.51;110132
2026-09-02;2026-09-02;KNRI11;Kinea Renda Imobiliária;156.12;75299
2026-09-02;2026-09-02;KNSC11;Kinea Securities;8.98;515076
2026-09-02;2026-09-02;MCCI11;Mauá Capital Recebíveis Imobiliários;94.85;51710
2026-09-02;2026-09-02;MXRF11;Maxi Renda;9.18;2192002
2026-09-02;2026-09-02;PCIP11;Patria Crédito Imobiliário (ex-CVBI11);74.39;38300
2026-09-02;2026-09-02;PVBI11;VBI Prime Properties;67.29;105350
2026-09-02;2026-09-02;RBRR11;RBR Rendimento High Grade;72.44;165482
2026-09-02;2026-09-02;RBRY11;RBR Alpha Multiestratégia;83.91;46596
2026-09-02;2026-09-02;RECR11;REC Recebíveis Imobiliários;78.88;26893
2026-09-02;2026-09-02;TGAR11;TG Ativo Real;45.38;65920
2026-09-02;2026-09-02;TRXF11;TRX Real Estate;75.09;381482
2026-09-02;2026-09-02;VISC11;Vinci Shopping Centers;104.98;91093
2026-09-02;2026-09-02;VRTA11;Fator Verità;72.0;17311
2026-09-02;2026-09-02;XPLG11;XP Log;90.77;120180
2026-09-02;2026-09-02;XPML11;XP Malls;101.8;181399
2026-09-03;2026-09-03;ALZR11;Alianza Trust Renda Imobiliária;9.97;255894
2026-09-03;2026-09-03;BCIA11;Brasil Capital Real Estate FoF;87.5;3354
2026-09-03;2026-09-03;BRCO11;Bresco Logística;111.5;61712
2026-09-03;2026-09-03;BTLG11;BTG Pactual Logística;99.0;213574
2026-09-03;2026-09-03;CPTS11;Capitânia Securities II;7.53;551315
2026-09-03;2026-09-03;GGRC11;GGR Covepi Renda;9.05;1755799
2026-09-03;2026-09-03;HGBS11;CSHG Brasil Shopping;18.73;527380
2026-09-03;2026-09-03;HGCR11;CSHG Recebíveis Imobiliários;95.18;16570
2026-09-03;2026-09-03;HGLG11;CSHG Logística;148.49;135443
2026-09-03;2026-09-03;HGRE11;CSHG Real Estate;119.15;18975
2026-09-03;2026-09-03;HGRU11;CSHG Renda Urbana;114.96;79151
2026-09-03;2026-09-03;HSML11;HSI Malls;81.75;31687
2026-09-03;2026-09-03;KNCR11;Kinea Rendimentos Imobiliários;106.37;201766
2026-09-03;2026-09-03;KNIP11;Kinea Índices de Preços;89.85;87747
2026-09-03;2026-09-03;KNRI11;Kinea Renda Imobiliária;157.16;88401
2026-09-03;2026-09-03;KNSC11;Kinea Securities;9.01;509656
2026-09-03;2026-09-03;MCCI11;Mauá Capital Recebíveis Imobiliários;95.15;24564
2026-09-03;2026-09-03;MXRF11;Maxi Renda;9.16;2248032
2026-09-03;2026-09-03;PCIP11;Patria Crédito Imobiliário (ex-CVBI11);74.9;34147
2026-09-03;2026-09-03;PVBI11;VBI Prime Properties;70.11;54560
2026-09-03;2026-09-03;RBRR11;RBR Rendimento High Grade;72.98;103801
2026-09-03;2026-09-03;RBRY11;RBR Alpha Multiestratégia;84.6;20600
2026-09-03;2026-09-03;RECR11;REC Recebíveis Imobiliários;78.48;34108
2026-09-03;2026-09-03;TGAR11;TG Ativo Real;45.38;59818
2026-09-03;2026-09-03;TRXF11;TRX Real Estate;75.35;305409
2026-09-03;2026-09-03;VISC11;Vinci Shopping Centers;103.42;61515
2026-09-03;2026-09-03;VRTA11;Fator Verità;72.0;23543
2026-09-03;2026-09-03;XPLG11;XP Log;90.75;73014
2026-09-03;2026-09-03;XPML11;XP Malls;103.39;126580
2026-09-04;2026-09-04;ALZR11;Alianza Trust Renda Imobiliária;10.04;374139
2026-09-04;2026-09-04;BCIA11;Brasil Capital Real Estate FoF;87.71;1238
2026-09-04;2026-09-04;BRCO11;Bresco Logística;111.42;61752
2026-09-04;2026-09-04;BTLG11;BTG Pactual Logística;99.14;212722
2026-09-04;2026-09-04;CPTS11;Capitânia Securities II;7.5;449170
2026-09-04;2026-09-04;GGRC11;GGR Covepi Renda;9.01;1718621
2026-09-04;2026-09-04;HGBS11;CSHG Brasil Shopping;18.74;475108
2026-09-04;2026-09-04;HGCR11;CSHG Recebíveis Imobiliários;96.44;59102
2026-09-04;2026-09-04;HGLG11;CSHG Logística;148.3;142955
2026-09-04;2026-09-04;HGRE11;CSHG Real Estate;117.15;18362
2026-09-04;2026-09-04;HGRU11;CSHG Renda Urbana;115.1;76927
2026-09-04;2026-09-04;HSML11;HSI Malls;81.72;38102
2026-09-04;2026-09-04;KNCR11;Kinea Rendimentos Imobiliários;106.82;144343
2026-09-04;2026-09-04;KNIP11;Kinea Índices de Preços;89.59;77758
2026-09-04;2026-09-04;KNRI11;Kinea Renda Imobiliária;158.23;49305
2026-09-04;2026-09-04;KNSC11;Kinea Securities;9.01;385539
2026-09-04;2026-09-04;MCCI11;Mauá Capital Recebíveis Imobiliários;95.25;69347
2026-09-04;2026-09-04;MXRF11;Maxi Renda;9.19;1996769
2026-09-04;2026-09-04;PCIP11;Patria Crédito Imobiliário (ex-CVBI11);75.7;38817
2026-09-04;2026-09-04;PVBI11;VBI Prime Properties;69.48;54080
2026-09-04;2026-09-04;RBRR11;RBR Rendimento High Grade;73.0;68186
2026-09-04;2026-09-04;RBRY11;RBR Alpha Multiestratégia;84.57;20977
2026-09-04;2026-09-04;RECR11;REC Recebíveis Imobiliários;79.13;27863
2026-09-04;2026-09-04;TGAR11;TG Ativo Real;46.2;47655
2026-09-04;2026-09-04;TRXF11;TRX Real Estate;74.94;283307
2026-09-04;2026-09-04;VISC11;Vinci Shopping Centers;103.8;49636
2026-09-04;2026-09-04;VRTA11;Fator Verità;71.62;20311
2026-09-04;2026-09-04;XPLG11;XP Log;90.7;60201
2026-09-04;2026-09-04;XPML11;XP Malls;104.03;118993
2026-09-08;2026-09-08;ALZR11;Alianza Trust Renda Imobiliária;10.0;310537
2026-09-08;2026-09-08;BCIA11;Brasil Capital Real Estate FoF;87.46;3452
2026-09-08;2026-09-08;BRCO11;Bresco Logística;111.17;44260
2026-09-08;2026-09-08;BTLG11;BTG Pactual Logística;99.43;296584
2026-09-08;2026-09-08;CPTS11;Capitânia Securities II;7.5;734408
2026-09-08;2026-09-08;GGRC11;GGR Covepi Renda;9.01;1735391
2026-09-08;2026-09-08;HGBS11;CSHG Brasil Shopping;18.73;233855
2026-09-08;2026-09-08;HGCR11;CSHG Recebíveis Imobiliários;96.14;30962
2026-09-08;2026-09-08;HGLG11;CSHG Logística;147.75;151230
2026-09-08;2026-09-08;HGRE11;CSHG Real Estate;115.42;26053
2026-09-08;2026-09-08;HGRU11;CSHG Renda Urbana;115.49;72667
2026-09-08;2026-09-08;HSML11;HSI Malls;81.68;41368
2026-09-08;2026-09-08;KNCR11;Kinea Rendimentos Imobiliários;106.81;193219
2026-09-08;2026-09-08;KNIP11;Kinea Índices de Preços;89.56;78963
2026-09-08;2026-09-08;KNRI11;Kinea Renda Imobiliária;157.34;42855
2026-09-08;2026-09-08;KNSC11;Kinea Securities;9.0;564582
2026-09-08;2026-09-08;MCCI11;Mauá Capital Recebíveis Imobiliários;94.83;31069
2026-09-08;2026-09-08;MXRF11;Maxi Renda;9.19;3051807
2026-09-08;2026-09-08;PCIP11;Patria Crédito Imobiliário (ex-CVBI11);74.8;51360
2026-09-08;2026-09-08;PVBI11;VBI Prime Properties;68.9;63478
2026-09-08;2026-09-08;RBRR11;RBR Rendimento High Grade;71.9;85797
2026-09-08;2026-09-08;RBRY11;RBR Alpha Multiestratégia;85.36;19364
2026-09-08;2026-09-08;RECR11;REC Recebíveis Imobiliários;77.43;55109
2026-09-08;2026-09-08;TGAR11;TG Ativo Real;46.16;64429
2026-09-08;2026-09-08;TRXF11;TRX Real Estate;72.0;660241
2026-09-08;2026-09-08;VISC11;Vinci Shopping Centers;104.3;61202
2026-09-08;2026-09-08;VRTA11;Fator Verità;71.71;18595
2026-09-08;2026-09-08;XPLG11;XP Log;91.4;70652
2026-09-08;2026-09-08;XPML11;XP Malls;103.6;180136
2026-09-09;2026-09-09;ALZR11;Alianza Trust Renda Imobiliária;9.99;210085
2026-09-09;2026-09-09;BCIA11;Brasil Capital Real Estate FoF;88.1;1829
2026-09-09;2026-09-09;BRCO11;Bresco Logística;110.86;57500
2026-09-09;2026-09-09;BTLG11;BTG Pactual Logística;99.88;262711
2026-09-09;2026-09-09;CPTS11;Capitânia Securities II;7.49;446662
2026-09-09;2026-09-09;GGRC11;GGR Covepi Renda;9.0;1373513
2026-09-09;2026-09-09;HGBS11;CSHG Brasil Shopping;18.62;149663
2026-09-09;2026-09-09;HGCR11;CSHG Recebíveis Imobiliários;96.74;23407
2026-09-09;2026-09-09;HGLG11;CSHG Logística;146.6;155185
2026-09-09;2026-09-09;HGRE11;CSHG Real Estate;113.97;23466
2026-09-09;2026-09-09;HGRU11;CSHG Renda Urbana;114.48;63097
2026-09-09;2026-09-09;HSML11;HSI Malls;82.0;38731
2026-09-09;2026-09-09;KNCR11;Kinea Rendimentos Imobiliários;106.33;226810
2026-09-09;2026-09-09;KNIP11;Kinea Índices de Preços;89.32;105751
2026-09-09;2026-09-09;KNRI11;Kinea Renda Imobiliária;157.8;36288
2026-09-09;2026-09-09;KNSC11;Kinea Securities;9.0;443542
2026-09-09;2026-09-09;MCCI11;Mauá Capital Recebíveis Imobiliários;95.25;57352
2026-09-09;2026-09-09;MXRF11;Maxi Renda;9.16;1942089
2026-09-09;2026-09-09;PCIP11;Patria Crédito Imobiliário (ex-CVBI11);74.57;67442
2026-09-09;2026-09-09;PVBI11;VBI Prime Properties;69.1;34809
2026-09-09;2026-09-09;RBRR11;RBR Rendimento High Grade;72.36;67322
2026-09-09;2026-09-09;RBRY11;RBR Alpha Multiestratégia;84.0;25315
2026-09-09;2026-09-09;RECR11;REC Recebíveis Imobiliários;75.87;41563
2026-09-09;2026-09-09;TGAR11;TG Ativo Real;44.4;122374
2026-09-09;2026-09-09;TRXF11;TRX Real Estate;71.5;585000
2026-09-09;2026-09-09;VISC11;Vinci Shopping Centers;104.13;57449
2026-09-09;2026-09-09;VRTA11;Fator Verità;71.28;28602
2026-09-09;2026-09-09;XPLG11;XP Log;91.0;57281
2026-09-09;2026-09-09;XPML11;XP Malls;102.6;139028
2026-09-11;2026-09-10;ALZR11;Alianza Trust Renda Imobiliária;10.01;353235
2026-09-11;2026-09-10;BCIA11;Brasil Capital Real Estate FoF;88.43;5462
2026-09-11;2026-09-10;BRCO11;Bresco Logística;109.58;48910
2026-09-11;2026-09-10;BTLG11;BTG Pactual Logística;100.3;179910
2026-09-11;2026-09-10;CPTS11;Capitânia Securities II;7.49;370993
2026-09-11;2026-09-10;GGRC11;GGR Covepi Renda;8.99;1421663
2026-09-11;2026-09-10;HGBS11;CSHG Brasil Shopping;18.64;225407
2026-09-11;2026-09-10;HGCR11;CSHG Recebíveis Imobiliários;94.95;28763
2026-09-11;2026-09-10;HGLG11;CSHG Logística;148.1;139047
2026-09-11;2026-09-10;HGRE11;CSHG Real Estate;115.4;17042
2026-09-11;2026-09-10;HGRU11;CSHG Renda Urbana;114.55;73750
2026-09-11;2026-09-10;HSML11;HSI Malls;84.58;35346
2026-09-11;2026-09-10;KNCR11;Kinea Rendimentos Imobiliários;106.03;255922
2026-09-11;2026-09-10;KNIP11;Kinea Índices de Preços;89.86;141062
2026-09-11;2026-09-10;KNRI11;Kinea Renda Imobiliária;158.47;52522
2026-09-11;2026-09-10;KNSC11;Kinea Securities;8.99;439488
2026-09-11;2026-09-10;MCCI11;Mauá Capital Recebíveis Imobiliários;94.79;37253
2026-09-11;2026-09-10;MXRF11;Maxi Renda;9.13;2525530
2026-09-11;2026-09-10;PCIP11;Patria Crédito Imobiliário (ex-CVBI11);72.25;24697
2026-09-11;2026-09-10;PVBI11;VBI Prime Properties;67.4;30374
2026-09-11;2026-09-10;RBRR11;RBR Rendimento High Grade;70.59;48231
2026-09-11;2026-09-10;RBRY11;RBR Alpha Multiestratégia;81.8;33106
2026-09-11;2026-09-10;RECR11;REC Recebíveis Imobiliários;75.69;58128
2026-09-11;2026-09-10;TGAR11;TG Ativo Real;44.24;54181
2026-09-11;2026-09-10;TRXF11;TRX Real Estate;72.69;276110
2026-09-11;2026-09-10;VISC11;Vinci Shopping Centers;103.8;54845
2026-09-11;2026-09-10;VRTA11;Fator Verità;70.5;20170
2026-09-11;2026-09-10;XPLG11;XP Log;91.6;67732
2026-09-11;2026-09-10;XPML11;XP Malls;101.2;163614
2026-09-14;2026-09-11;ALZR11;Alianza Trust Renda Imobiliária;10.0;240772
2026-09-14;2026-09-11;BCIA11;Brasil Capital Real Estate FoF;88.0;589
2026-09-14;2026-09-11;BRCO11;Bresco Logística;110.05;53773
2026-09-14;2026-09-11;BTLG11;BTG Pactual Logística;101.31;152455
2026-09-14;2026-09-11;CPTS11;Capitânia Securities II;7.5;440549
2026-09-14;2026-09-11;GGRC11;GGR Covepi Renda;8.99;958043
2026-09-14;2026-09-11;HGBS11;CSHG Brasil Shopping;18.68;211776
2026-09-14;2026-09-11;HGCR11;CSHG Recebíveis Imobiliários;95.63;29650
2026-09-14;2026-09-11;HGLG11;CSHG Logística;146.0;132195
2026-09-14;2026-09-11;HGRE11;CSHG Real Estate;113.69;21901
2026-09-14;2026-09-11;HGRU11;CSHG Renda Urbana;115.0;59116
2026-09-14;2026-09-11;HSML11;HSI Malls;83.01;32437
2026-09-14;2026-09-11;KNCR11;Kinea Rendimentos Imobiliários;106.4;225039
2026-09-14;2026-09-11;KNIP11;Kinea Índices de Preços;89.0;65050
2026-09-14;2026-09-11;KNRI11;Kinea Renda Imobiliária;157.4;25681
2026-09-14;2026-09-11;KNSC11;Kinea Securities;8.96;471643
2026-09-14;2026-09-11;MCCI11;Mauá Capital Recebíveis Imobiliários;94.65;45876
2026-09-14;2026-09-11;MXRF11;Maxi Renda;9.14;2369344
2026-09-14;2026-09-11;PCIP11;Patria Crédito Imobiliário Índice de Preços (ex-CVBI11);72.27;32515
2026-09-14;2026-09-11;PVBI11;VBI Prime Properties;68.9;42865
2026-09-14;2026-09-11;RBRR11;RBR Rendimento High Grade;70.13;66683
2026-09-14;2026-09-11;RBRY11;RBR Alpha Multiestratégia;81.45;52995
2026-09-14;2026-09-11;RECR11;REC Recebíveis Imobiliários;74.95;36116
2026-09-14;2026-09-11;TGAR11;TG Ativo Real;43.9;65643
2026-09-14;2026-09-11;TRXF11;TRX Real Estate;72.93;264130
2026-09-14;2026-09-11;VISC11;Vinci Shopping Centers;104.83;44864
2026-09-14;2026-09-11;VRTA11;Fator Verità;70.55;30950
2026-09-14;2026-09-11;XPLG11;XP Log;91.65;45124
2026-09-14;2026-09-11;XPML11;XP Malls;102.65;140486
2026-09-15;2026-09-15;ALZR11;Alianza Trust Renda Imobiliária;10.01;353235
2026-09-15;2026-09-14;ALZR11;Alianza Trust Renda Imobiliária;9.97;148491
2026-09-15;2026-09-14;BCIA11;Brasil Capital Real Estate FoF;88.35;714
2026-09-15;2026-09-15;BCIA11;Brasil Capital Real Estate FoF;88.43;5462
2026-09-15;2026-09-15;BRCO11;Bresco Logística;109.58;48910
2026-09-15;2026-09-14;BRCO11;Bresco Logística;110.41;25540
2026-09-15;2026-09-14;BTLG11;BTG Pactual Logística;100.23;93406
2026-09-15;2026-09-15;BTLG11;BTG Pactual Logística;100.3;179910
2026-09-15;2026-09-14;CPTS11;Capitânia Securities II;7.47;306443
2026-09-15;2026-09-15;CPTS11;Capitânia Securities II;7.49;370993
2026-09-15;2026-09-14;GGRC11;GGR Covepi Renda;8.99;847338
2026-09-15;2026-09-15;GGRC11;GGR Covepi Renda;8.99;1421663
2026-09-15;2026-09-14;HGBS11;CSHG Brasil Shopping;18.68;105603
2026-09-15;2026-09-15;HGBS11;CSHG Brasil Shopping;18.64;225407
2026-09-15;2026-09-14;HGCR11;CSHG Recebíveis Imobiliários;96.3;23977
2026-09-15;2026-09-15;HGCR11;CSHG Recebíveis Imobiliários;94.95;28763
2026-09-15;2026-09-14;HGLG11;CSHG Logística;146.25;96817
2026-09-15;2026-09-15;HGLG11;CSHG Logística;148.1;139047
2026-09-15;2026-09-14;HGRE11;CSHG Real Estate;113.27;18162
2026-09-15;2026-09-15;HGRE11;CSHG Real Estate;115.4;17042
2026-09-15;2026-09-15;HGRU11;CSHG Renda Urbana;114.55;73750
2026-09-15;2026-09-14;HGRU11;CSHG Renda Urbana;114.25;36893
2026-09-15;2026-09-15;HSML11;HSI Malls;84.58;35346
2026-09-15;2026-09-14;HSML11;HSI Malls;82.75;106677
2026-09-15;2026-09-14;KNCR11;Kinea Rendimentos Imobiliários;106.82;104407
2026-09-15;2026-09-15;KNCR11;Kinea Rendimentos Imobiliários;106.03;255922
2026-09-15;2026-09-14;KNIP11;Kinea Índices de Preços;89.26;45945
2026-09-15;2026-09-15;KNIP11;Kinea Índices de Preços;89.86;141062
2026-09-15;2026-09-14;KNRI11;Kinea Renda Imobiliária;157.66;18831
2026-09-15;2026-09-15;KNRI11;Kinea Renda Imobiliária;158.47;52522
2026-09-15;2026-09-14;KNSC11;Kinea Securities;8.99;234437
2026-09-15;2026-09-15;KNSC11;Kinea Securities;8.99;439488
2026-09-15;2026-09-14;MCCI11;Mauá Capital Recebíveis Imobiliários;94.88;28648
2026-09-15;2026-09-15;MCCI11;Mauá Capital Recebíveis Imobiliários;94.79;37253
2026-09-15;2026-09-14;MXRF11;Maxi Renda;9.14;1330382
2026-09-15;2026-09-15;MXRF11;Maxi Renda;9.13;2525530
2026-09-15;2026-09-15;PCIP11;Patria Crédito Imobiliário (ex-CVBI11);72.25;24697
2026-09-15;2026-09-14;PCIP11;Patria Crédito Imobiliário Índice de Preços (ex-CVBI11);73.29;21315
2026-09-15;2026-09-14;PVBI11;VBI Prime Properties;68.87;24702
2026-09-15;2026-09-15;PVBI11;VBI Prime Properties;67.4;30374
2026-09-15;2026-09-14;RBRR11;RBR Rendimento High Grade;71.91;32908
2026-09-15;2026-09-15;RBRR11;RBR Rendimento High Grade;70.59;48231
2026-09-15;2026-09-14;RBRY11;RBR Alpha Multiestratégia;82.88;25953
2026-09-15;2026-09-15;RBRY11;RBR Alpha Multiestratégia;81.8;33106
2026-09-15;2026-09-15;RECR11;REC Recebíveis Imobiliários;75.69;58128
2026-09-15;2026-09-14;RECR11;REC Recebíveis Imobiliários;74.96;30287
2026-09-15;2026-09-14;TGAR11;TG Ativo Real;43.88;64531
2026-09-15;2026-09-15;TGAR11;TG Ativo Real;44.24;54181
2026-09-15;2026-09-14;TRXF11;TRX Real Estate;71.89;191244
2026-09-15;2026-09-15;TRXF11;TRX Real Estate;72.69;276110
2026-09-15;2026-09-15;VISC11;Vinci Shopping Centers;103.8;54845
2026-09-15;2026-09-14;VISC11;Vinci Shopping Centers;103.92;32631
2026-09-15;2026-09-15;VRTA11;Fator Verità;70.5;20170
2026-09-15;2026-09-14;VRTA11;Fator Verità;70.99;13498
2026-09-15;2026-09-15;XPLG11;XP Log;91.6;67732
2026-09-15;2026-09-14;XPLG11;XP Log;91.65;40814
2026-09-15;2026-09-14;XPML11;XP Malls;103.73;57651
2026-09-15;2026-09-15;XPML11;XP Malls;101.2;163614
2026-09-17;2026-09-17;ALZR11;Alianza Trust Renda Imobiliária;9.97;296916
2026-09-17;2026-09-17;BCIA11;Brasil Capital Real Estate FoF;88.68;1647
2026-09-17;2026-09-17;BRCO11;Bresco Logística;110.0;49977
2026-09-17;2026-09-17;BTLG11;BTG Pactual Logística;99.78;146686
2026-09-17;2026-09-17;CPTS11;Capitânia Securities II;7.39;382439
2026-09-17;2026-09-17;GGRC11;GGR Covepi Renda;9.09;1333869
2026-09-17;2026-09-17;HGBS11;CSHG Brasil Shopping;18.52;353787
2026-09-17;2026-09-17;HGCR11;CSHG Recebíveis Imobiliários;95.45;28161
2026-09-17;2026-09-17;HGLG11;CSHG Logística;147.98;129397
2026-09-17;2026-09-17;HGRE11;CSHG Real Estate;115.99;12802
2026-09-17;2026-09-17;HGRU11;CSHG Renda Urbana;113.8;68479
2026-09-17;2026-09-17;HSML11;HSI Malls;85.03;69717
2026-09-17;2026-09-17;KNCR11;Kinea Rendimentos Imobiliários;105.95;200064
2026-09-17;2026-09-17;KNIP11;Kinea Índices de Preços;89.2;112232
2026-09-17;2026-09-17;KNRI11;Kinea Renda Imobiliária;158.7;28825
2026-09-17;2026-09-17;KNSC11;Kinea Securities;9.06;420391
2026-09-17;2026-09-17;MCCI11;Mauá Capital Recebíveis Imobiliários;94.53;43382
2026-09-17;2026-09-17;MXRF11;Maxi Renda;9.07;2582211
2026-09-17;2026-09-17;PCIP11;Patria Crédito Imobiliário (ex-CVBI11);72.84;38937
2026-09-17;2026-09-17;PVBI11;VBI Prime Properties;66.96;48892
2026-09-17;2026-09-17;RBRR11;RBR Rendimento High Grade;70.5;27605
2026-09-17;2026-09-17;RBRY11;RBR Alpha Multiestratégia;81.96;27048
2026-09-17;2026-09-17;RECR11;REC Recebíveis Imobiliários;75.3;31072
2026-09-17;2026-09-17;TGAR11;TG Ativo Real;44.4;54062
2026-09-17;2026-09-17;TRXF11;TRX Real Estate;73.13;377641
2026-09-17;2026-09-17;VISC11;Vinci Shopping Centers;103.54;57884
2026-09-17;2026-09-17;VRTA11;Fator Verità;70.35;17798
2026-09-17;2026-09-17;XPLG11;XP Log;92.0;113674
2026-09-17;2026-09-16;XPML11;XP Malls;101.48;118374
2026-09-18;2026-09-16;ALZR11;Alianza Trust Renda Imobiliária;9.99;336185
2026-09-18;2026-09-16;BCIA11;Brasil Capital Real Estate FoF;89.17;2622
2026-09-18;2026-09-16;BRCO11;Bresco Logística;109.7;44987
2026-09-18;2026-09-16;BTLG11;BTG Pactual Logística;99.76;131218
2026-09-18;2026-09-16;CPTS11;Capitânia Securities II;7.37;419791
2026-09-18;2026-09-16;GGRC11;GGR Covepi Renda;9.01;1192362
2026-09-18;2026-09-16;HGBS11;CSHG Brasil Shopping;18.6;190210
2026-09-18;2026-09-16;HGCR11;CSHG Recebíveis Imobiliários;95.49;20341
2026-09-18;2026-09-16;HGLG11;CSHG Logística;147.59;116695
2026-09-18;2026-09-16;HGRE11;CSHG Real Estate;115.99;12402
2026-09-18;2026-09-16;HGRU11;CSHG Renda Urbana;114.3;62569
2026-09-18;2026-09-16;HSML11;HSI Malls;84.71;26365
2026-09-18;2026-09-16;KNCR11;Kinea Rendimentos Imobiliários;106.0;211659
2026-09-18;2026-09-16;KNIP11;Kinea Índices de Preços;88.9;123535
2026-09-18;2026-09-16;KNRI11;Kinea Renda Imobiliária;157.16;45196
2026-09-18;2026-09-16;KNSC11;Kinea Securities;9.04;552533
2026-09-18;2026-09-16;MCCI11;Mauá Capital Recebíveis Imobiliários;94.51;51874
2026-09-18;2026-09-16;MXRF11;Maxi Renda;9.1;2278319
2026-09-18;2026-09-16;PCIP11;Patria Crédito Imobiliário (ex-CVBI11);71.89;29207
2026-09-18;2026-09-16;PVBI11;VBI Prime Properties;66.51;53985
2026-09-18;2026-09-16;RBRR11;RBR Rendimento High Grade;69.81;29966
2026-09-18;2026-09-16;RBRY11;RBR Alpha Multiestratégia;82.15;19548
2026-09-18;2026-09-16;RECR11;REC Recebíveis Imobiliários;75.6;39938
2026-09-18;2026-09-16;TGAR11;TG Ativo Real;44.1;62563
2026-09-18;2026-09-16;TRXF11;TRX Real Estate;73.16;342837
2026-09-18;2026-09-16;VISC11;Vinci Shopping Centers;103.47;52815
2026-09-18;2026-09-16;VRTA11;Fator Verità;70.12;18626
2026-09-18;2026-09-16;XPLG11;XP Log;91.5;52150
2026-09-18;2026-09-17;XPML11;XP Malls;101.4;179641
2026-09-21;2026-09-18;ALZR11;Alianza Trust Renda Imobiliária;9.96;266234
2026-09-21;2026-09-21;ALZR11;Alianza Trust Renda Imobiliária;9.9;301028
2026-09-21;2026-09-18;BCIA11;Brasil Capital Real Estate FoF;87.89;3441
2026-09-21;2026-09-21;BCIA11;Brasil Capital Real Estate FoF;87.7;3650
2026-09-21;2026-09-21;BRCO11;Bresco Logística;110.28;72826
2026-09-21;2026-09-18;BRCO11;Bresco Logística;110.22;42887
2026-09-21;2026-09-18;BTLG11;BTG Pactual Logística;101.2;208244
2026-09-21;2026-09-21;BTLG11;BTG Pactual Logística;100.0;234093
2026-09-21;2026-09-21;CPTS11;Capitânia Securities II;7.42;951641
2026-09-21;2026-09-18;CPTS11;Capitânia Securities II;7.48;1204679
2026-09-21;2026-09-18;GGRC11;GGR Covepi Renda;9.0;1331387
2026-09-21;2026-09-21;GGRC11;GGR Covepi Renda;9.03;1622169
2026-09-21;2026-09-18;HGBS11;CSHG Brasil Shopping;18.62;330454
2026-09-21;2026-09-21;HGBS11;CSHG Brasil Shopping;18.5;372516
2026-09-21;2026-09-21;HGCR11;CSHG Recebíveis Imobiliários;95.7;41580
2026-09-21;2026-09-18;HGCR11;CSHG Recebíveis Imobiliários;94.72;34471
2026-09-21;2026-09-18;HGLG11;CSHG Logística;147.98;260156
2026-09-21;2026-09-21;HGLG11;CSHG Logística;148.2;182489
2026-09-21;2026-09-21;HGRE11;CSHG Real Estate;116.6;19102
2026-09-21;2026-09-18;HGRE11;CSHG Real Estate;116.0;19765
2026-09-21;2026-09-21;HGRU11;CSHG Renda Urbana;115.25;77996
2026-09-21;2026-09-18;HGRU11;CSHG Renda Urbana;114.06;354548
2026-09-21;2026-09-18;HSML11;HSI Malls;84.3;35979
2026-09-21;2026-09-21;HSML11;HSI Malls;84.75;38332
2026-09-21;2026-09-18;KNCR11;Kinea Rendimentos Imobiliários;107.24;267751
2026-09-21;2026-09-21;KNCR11;Kinea Rendimentos Imobiliários;106.75;251091
2026-09-21;2026-09-21;KNIP11;Kinea Índices de Preços;90.58;154681
2026-09-21;2026-09-18;KNIP11;Kinea Índices de Preços;89.8;150968
2026-09-21;2026-09-21;KNRI11;Kinea Renda Imobiliária;158.73;55219
2026-09-21;2026-09-18;KNRI11;Kinea Renda Imobiliária;157.5;66183
2026-09-21;2026-09-21;KNSC11;Kinea Securities;9.07;637196
2026-09-21;2026-09-18;KNSC11;Kinea Securities;9.07;463551
2026-09-21;2026-09-21;MCCI11;Mauá Capital Recebíveis Imobiliários;94.86;41875
2026-09-21;2026-09-18;MCCI11;Mauá Capital Recebíveis Imobiliários;94.9;50770
2026-09-21;2026-09-21;MXRF11;Maxi Renda;9.11;2766453
2026-09-21;2026-09-18;MXRF11;Maxi Renda;9.1;3438480
2026-09-21;2026-09-21;PCIP11;Patria Crédito Imobiliário (ex-CVBI11);73.47;37698
2026-09-21;2026-09-18;PCIP11;Patria Crédito Imobiliário (ex-CVBI11);72.78;40213
2026-09-21;2026-09-18;PVBI11;VBI Prime Properties;67.3;80728
2026-09-21;2026-09-21;PVBI11;VBI Prime Properties;66.95;49603
2026-09-21;2026-09-18;RBRR11;RBR Rendimento High Grade;69.42;46108
2026-09-21;2026-09-21;RBRR11;RBR Rendimento High Grade;69.62;49594
2026-09-21;2026-09-21;RBRY11;RBR Alpha Multiestratégia;82.01;36141
2026-09-21;2026-09-18;RBRY11;RBR Alpha Multiestratégia;82.0;61037
2026-09-21;2026-09-21;RECR11;REC Recebíveis Imobiliários;75.75;46335
2026-09-21;2026-09-18;RECR11;REC Recebíveis Imobiliários;76.49;78707
2026-09-21;2026-09-18;TGAR11;TG Ativo Real;44.6;89244
2026-09-21;2026-09-21;TGAR11;TG Ativo Real;45.0;86279
2026-09-21;2026-09-18;TRXF11;TRX Real Estate;74.2;1689984
2026-09-21;2026-09-21;TRXF11;TRX Real Estate;73.76;300110
2026-09-21;2026-09-21;VISC11;Vinci Shopping Centers;103.9;66501
2026-09-21;2026-09-18;VISC11;Vinci Shopping Centers;102.7;63324
2026-09-21;2026-09-21;VRTA11;Fator Verità;71.55;19383
2026-09-21;2026-09-18;VRTA11;Fator Verità;70.15;16995
2026-09-21;2026-09-21;XPLG11;XP Log;92.52;75648
2026-09-21;2026-09-18;XPLG11;XP Log;92.99;580573
2026-09-21;2026-09-18;XPML11;XP Malls;98.0;684313
2026-09-21;2026-09-21;XPML11;XP Malls;98.08;304016
2026-09-22;2026-09-22;ALZR11;Alianza Trust Renda Imobiliária;9.89;312903
2026-09-22;2026-09-22;BCIA11;Brasil Capital Real Estate FoF;87.6;2128
2026-09-22;2026-09-22;BRCO11;Bresco Logística;110.49;69985
2026-09-22;2026-09-22;BTLG11;BTG Pactual Logística;99.23;220268
2026-09-22;2026-09-22;CPTS11;Capitânia Securities II;7.39;857471
2026-09-22;2026-09-22;GGRC11;GGR Covepi Renda;8.99;1159447
2026-09-22;2026-09-22;HGBS11;CSHG Brasil Shopping;18.42;331895
2026-09-22;2026-09-22;HGCR11;CSHG Recebíveis Imobiliários;95.35;36095
2026-09-22;2026-09-22;HGLG11;CSHG Logística;147.88;117506
2026-09-22;2026-09-22;HGRE11;CSHG Real Estate;115.1;19148
2026-09-22;2026-09-22;HGRU11;CSHG Renda Urbana;114.78;52603
2026-09-22;2026-09-22;HSML11;HSI Malls;83.8;28966
2026-09-22;2026-09-22;KNCR11;Kinea Rendimentos Imobiliários;106.95;180112
2026-09-22;2026-09-22;KNIP11;Kinea Índices de Preços;89.78;99067
2026-09-22;2026-09-22;KNRI11;Kinea Renda Imobiliária;158.2;66966
2026-09-22;2026-09-22;KNSC11;Kinea Securities;9.01;550120
2026-09-22;2026-09-22;MCCI11;Mauá Capital Recebíveis Imobiliários;94.2;68616
2026-09-22;2026-09-22;MXRF11;Maxi Renda;9.09;2329473
2026-09-22;2026-09-22;PCIP11;Patria Crédito Imobiliário (ex-CVBI11);74.45;79556
2026-09-22;2026-09-22;PVBI11;VBI Prime Properties;65.98;82576
2026-09-22;2026-09-22;RBRR11;RBR Rendimento High Grade;68.64;49971
2026-09-22;2026-09-22;RBRY11;RBR Alpha Multiestratégia;81.61;35930
2026-09-22;2026-09-22;RECR11;REC Recebíveis Imobiliários;74.85;33615
2026-09-22;2026-09-22;TGAR11;TG Ativo Real;44.35;102637
2026-09-22;2026-09-22;TRXF11;TRX Real Estate;73.0;274964
2026-09-22;2026-09-22;VISC11;Vinci Shopping Centers;103.34;57715
2026-09-22;2026-09-22;VRTA11;Fator Verità;70.92;20728
2026-09-22;2026-09-22;XPLG11;XP Log;92.36;66360
2026-09-22;2026-09-22;XPML11;XP Malls;98.01;198893
2026-09-24;2026-09-23;ALZR11;Alianza Trust Renda Imobiliária;9.86;255580
2026-09-24;2026-09-24;ALZR11;Alianza Trust Renda Imobiliária;9.81;162820
2026-09-24;2026-09-23;BCIA11;Brasil Capital Real Estate FoF;87.55;3637
2026-09-24;2026-09-24;BCIA11;Brasil Capital Real Estate FoF;87.96;90
2026-09-24;2026-09-24;BRCO11;Bresco Logística;109.84;9834
2026-09-24;2026-09-23;BRCO11;Bresco Logística;109.98;39121
2026-09-24;2026-09-23;BTLG11;BTG Pactual Logística;98.49;204439
2026-09-24;2026-09-24;BTLG11;BTG Pactual Logística;98.22;49577
2026-09-24;2026-09-23;CPTS11;Capitânia Securities II;7.42;1714169
2026-09-24;2026-09-24;CPTS11;Capitânia Securities II;7.41;108177
2026-09-24;2026-09-24;GGRC11;GGR Covepi Renda;8.98;185791
2026-09-24;2026-09-23;GGRC11;GGR Covepi Renda;8.96;1428362
2026-09-24;2026-09-24;HGBS11;CSHG Brasil Shopping;18.34;62242
2026-09-24;2026-09-23;HGBS11;CSHG Brasil Shopping;18.37;252246
2026-09-24;2026-09-24;HGCR11;CSHG Recebíveis Imobiliários;94.75;6573
2026-09-24;2026-09-23;HGCR11;CSHG Recebíveis Imobiliários;95.12;27688
2026-09-24;2026-09-24;HGLG11;CSHG Logística;147.65;29019
2026-09-24;2026-09-23;HGLG11;CSHG Logística;147.6;95300
2026-09-24;2026-09-24;HGRE11;CSHG Real Estate;113.98;4262
2026-09-24;2026-09-23;HGRE11;CSHG Real Estate;114.5;14792
2026-09-24;2026-09-23;HGRU11;CSHG Renda Urbana;113.52;74525
2026-09-24;2026-09-24;HGRU11;CSHG Renda Urbana;113.45;17032
2026-09-24;2026-09-24;HSML11;HSI Malls;82.52;7971
2026-09-24;2026-09-23;HSML11;HSI Malls;83.17;25316
2026-09-24;2026-09-23;KNCR11;Kinea Rendimentos Imobiliários;106.16;221683
2026-09-24;2026-09-24;KNCR11;Kinea Rendimentos Imobiliários;106.2;47217
2026-09-24;2026-09-23;KNIP11;Kinea Índices de Preços;89.12;112327
2026-09-24;2026-09-24;KNIP11;Kinea Índices de Preços;89.56;16664
2026-09-24;2026-09-24;KNRI11;Kinea Renda Imobiliária;156.03;8253
2026-09-24;2026-09-23;KNRI11;Kinea Renda Imobiliária;156.49;40134
2026-09-24;2026-09-24;KNSC11;Kinea Securities;8.98;51844
2026-09-24;2026-09-23;KNSC11;Kinea Securities;8.97;557274
2026-09-24;2026-09-23;MCCI11;Mauá Capital Recebíveis Imobiliários;94.31;44902
2026-09-24;2026-09-24;MCCI11;Mauá Capital Recebíveis Imobiliários;93.75;9805
2026-09-24;2026-09-24;MXRF11;Maxi Renda;9.06;582341
2026-09-24;2026-09-23;MXRF11;Maxi Renda;9.03;2260126
2026-09-24;2026-09-24;PCIP11;Patria Crédito Imobiliário (ex-CVBI11);73.98;4405
2026-09-24;2026-09-23;PCIP11;Patria Crédito Imobiliário (ex-CVBI11);73.99;36838
2026-09-24;2026-09-24;PVBI11;VBI Prime Properties;66.05;9644
2026-09-24;2026-09-23;PVBI11;VBI Prime Properties;65.95;66468
2026-09-24;2026-09-24;RBRR11;RBR Rendimento High Grade;67.53;15410
2026-09-24;2026-09-23;RBRR11;RBR Rendimento High Grade;68.06;47656
2026-09-24;2026-09-24;RBRY11;RBR Alpha Multiestratégia;80.81;8872
2026-09-24;2026-09-23;RBRY11;RBR Alpha Multiestratégia;81.5;42657
2026-09-24;2026-09-23;RECR11;REC Recebíveis Imobiliários;74.03;50002
2026-09-24;2026-09-24;RECR11;REC Recebíveis Imobiliários;73.66;9251
2026-09-24;2026-09-24;TGAR11;TG Ativo Real;44.05;10428
2026-09-24;2026-09-23;TGAR11;TG Ativo Real;44.05;69945
2026-09-24;2026-09-24;TRXF11;TRX Real Estate;73.22;78417
2026-09-24;2026-09-23;TRXF11;TRX Real Estate;73.99;226617
2026-09-24;2026-09-23;VISC11;Vinci Shopping Centers;102.88;57494
2026-09-24;2026-09-24;VISC11;Vinci Shopping Centers;102.5;15765
2026-09-24;2026-09-23;VRTA11;Fator Verità;70.48;14773
2026-09-24;2026-09-24;VRTA11;Fator Verità;70.36;4209
2026-09-24;2026-09-24;XPLG11;XP Log;91.97;10263
2026-09-24;2026-09-23;XPLG11;XP Log;92.0;61878
2026-09-24;2026-09-23;XPML11;XP Malls;98.19;173618
2026-09-24;2026-09-24;XPML11;XP Malls;98.23;46527
2026-09-25;2026-09-25;ALZR11;Alianza Trust Renda Imobiliária;9.83;78761
2026-09-25;2026-09-25;BCIA11;Brasil Capital Real Estate FoF;87.2;2571
2026-09-25;2026-09-25;BRCO11;Bresco Logística;109.94;13565
2026-09-25;2026-09-25;BTLG11;BTG Pactual Logística;99.01;39462
2026-09-25;2026-09-25;CPTS11;Capitânia Securities II;7.43;141808
2026-09-25;2026-09-25;GGRC11;GGR Covepi Renda;8.93;520961
2026-09-25;2026-09-25;HGBS11;CSHG Brasil Shopping;18.52;64408
2026-09-25;2026-09-25;HGCR11;CSHG Recebíveis Imobiliários;94.26;8863
2026-09-25;2026-09-25;HGLG11;CSHG Logística;148.03;26338
2026-09-25;2026-09-25;HGRE11;CSHG Real Estate;114.5;2269
2026-09-25;2026-09-25;HGRU11;CSHG Renda Urbana;113.53;12591
2026-09-25;2026-09-25;HSML11;HSI Malls;82.46;11678
2026-09-25;2026-09-25;KNCR11;Kinea Rendimentos Imobiliários;105.93;47847
2026-09-25;2026-09-25;KNIP11;Kinea Índices de Preços;89.4;23571
2026-09-25;2026-09-25;KNRI11;Kinea Renda Imobiliária;155.07;13463
2026-09-25;2026-09-25;KNSC11;Kinea Securities;9.01;79999
2026-09-25;2026-09-25;MCCI11;Mauá Capital Recebíveis Imobiliários;93.82;24130
2026-09-25;2026-09-25;MXRF11;Maxi Renda;9.05;674232
2026-09-25;2026-09-25;PCIP11;Patria Crédito Imobiliário (ex-CVBI11);74.17;9940
2026-09-25;2026-09-25;PVBI11;VBI Prime Properties;65.58;12155
2026-09-25;2026-09-25;RBRR11;RBR Rendimento High Grade;67.35;19657
2026-09-25;2026-09-25;RBRY11;RBR Alpha Multiestratégia;81.38;14949
2026-09-25;2026-09-25;RECR11;REC Recebíveis Imobiliários;73.28;12383
2026-09-25;2026-09-25;TGAR11;TG Ativo Real;43.76;15392
2026-09-25;2026-09-25;TRXF11;TRX Real Estate;73.0;65411
2026-09-25;2026-09-25;VISC11;Vinci Shopping Centers;102.32;22453
2026-09-25;2026-09-25;VRTA11;Fator Verità;70.82;5156
2026-09-25;2026-09-25;XPLG11;XP Log;92.36;14447
2026-09-25;2026-09-25;XPML11;XP Malls;98.21;57510
2026-09-29;2026-09-28;ALZR11;Alianza Trust Renda Imobiliária;9.89;283605
2026-09-29;2026-09-28;BCIA11;Brasil Capital Real Estate FoF;87.21;2716
2026-09-29;2026-09-28;BRCO11;Bresco Logística;110.4;70374
2026-09-29;2026-09-28;BTLG11;BTG Pactual Logística;99.72;138976
2026-09-29;2026-09-28;CPTS11;Capitânia Securities II;7.42;1879995
2026-09-29;2026-09-28;GGRC11;GGR Covepi Renda;8.93;1374641
2026-09-29;2026-09-28;HGBS11;CSHG Brasil Shopping;18.59;551510
2026-09-29;2026-09-28;HGCR11;CSHG Recebíveis Imobiliários;94.25;29528
2026-09-29;2026-09-28;HGLG11;CSHG Logística;147.58;98695
2026-09-29;2026-09-28;HGRE11;CSHG Real Estate;116.11;15785
2026-09-29;2026-09-28;HGRU11;CSHG Renda Urbana;114.36;64064
2026-09-29;2026-09-28;HSML11;HSI Malls;82.56;81656
2026-09-29;2026-09-28;KNCR11;Kinea Rendimentos Imobiliários;106.22;192304
2026-09-29;2026-09-28;KNIP11;Kinea Índices de Preços;88.65;118604
2026-09-29;2026-09-28;KNRI11;Kinea Renda Imobiliária;156.49;38789
2026-09-29;2026-09-28;KNSC11;Kinea Securities;9.04;598169
2026-09-29;2026-09-28;MCCI11;Mauá Capital Recebíveis Imobiliários;94.0;48240
2026-09-29;2026-09-28;MXRF11;Maxi Renda;9.08;2159100
2026-09-29;2026-09-28;PCIP11;Patria Crédito Imobiliário (ex-CVBI11);73.3;32871
2026-09-29;2026-09-28;PVBI11;VBI Prime Properties;65.11;72213
2026-09-29;2026-09-28;RBRR11;RBR Rendimento High Grade;67.97;72219
2026-09-29;2026-09-28;RBRY11;RBR Alpha Multiestratégia;81.54;65365
2026-09-29;2026-09-28;RECR11;REC Recebíveis Imobiliários;73.3;40118
2026-09-29;2026-09-28;TGAR11;TG Ativo Real;43.8;56319
2026-09-29;2026-09-28;TRXF11;TRX Real Estate;72.83;182619
2026-09-29;2026-09-28;VISC11;Vinci Shopping Centers;102.89;68217
2026-09-29;2026-09-28;VRTA11;Fator Verità;71.38;12704
2026-09-29;2026-09-28;XPLG11;XP Log;92.54;56265
2026-09-29;2026-09-28;XPML11;XP Malls;99.17;170016
2026-09-30;2026-09-29;ALZR11;Alianza Trust Renda Imobiliária;9.94;256288
2026-09-30;2026-09-29;BCIA11;Brasil Capital Real Estate FoF;86.96;5939
2026-09-30;2026-09-29;BRCO11;Bresco Logística;111.46;44364
2026-09-30;2026-09-29;BTLG11;BTG Pactual Logística;99.19;99144
2026-09-30;2026-09-29;CPTS11;Capitânia Securities II;7.5;1031681
2026-09-30;2026-09-29;GGRC11;GGR Covepi Renda;8.91;1100425
2026-09-30;2026-09-29;HGBS11;CSHG Brasil Shopping;18.56;492418
2026-09-30;2026-09-29;HGCR11;CSHG Recebíveis Imobiliários;94.04;24594
2026-09-30;2026-09-29;HGLG11;CSHG Logística;147.93;74708
2026-09-30;2026-09-29;HGRE11;CSHG Real Estate;116.07;12925
2026-09-30;2026-09-29;HGRU11;CSHG Renda Urbana;114.55;44463
2026-09-30;2026-09-29;HSML11;HSI Malls;82.4;39522
2026-09-30;2026-09-29;KNCR11;Kinea Rendimentos Imobiliários;106.03;242791
2026-09-30;2026-09-29;KNIP11;Kinea Índices de Preços;89.59;72787
2026-09-30;2026-09-29;KNRI11;Kinea Renda Imobiliária;156.84;26262
2026-09-30;2026-09-29;KNSC11;Kinea Securities;9.07;603987
2026-09-30;2026-09-29;MCCI11;Mauá Capital Recebíveis Imobiliários;93.97;33947
2026-09-30;2026-09-29;MXRF11;Maxi Renda;9.1;1670528
2026-09-30;2026-09-29;PCIP11;Patria Crédito Imobiliário (ex-CVBI11);72.99;27610
2026-09-30;2026-09-29;PVBI11;VBI Prime Properties;65.1;53698
2026-09-30;2026-09-29;RBRR11;RBR Rendimento High Grade;67.85;54792
2026-09-30;2026-09-29;RBRY11;RBR Alpha Multiestratégia;81.44;35041
2026-09-30;2026-09-29;RECR11;REC Recebíveis Imobiliários;73.48;28980
2026-09-30;2026-09-29;TGAR11;TG Ativo Real;43.64;45752
2026-09-30;2026-09-29;TRXF11;TRX Real Estate;72.25;286097
2026-09-30;2026-09-29;VISC11;Vinci Shopping Centers;103.19;54377
2026-09-30;2026-09-29;VRTA11;Fator Verità;72.32;19836
2026-09-30;2026-09-29;XPLG11;XP Log;92.39;57283
2026-09-30;2026-09-29;XPML11;XP Malls;99.19;123797
